-37.8005,-0.37115,0.0245263,0.333396,0.542704,-0.15193,0.551142,-0.133468,0.31131,-0.470462,-0.186815,0.429161,-0.00648249,0.207287,-0.146912,0.0177769,-0.0056319,0.00994209,0.157861,-0.117389
-21.7611,1.97001,0.0786041,0.991357,0.574864,0.102183,0.209998,0.170683,0.11465,0.181152,0.13876,-0.192903,-0.119995,0.385744,-0.0939483,0.0431987,0.116319,0.165308,0.0539794,-0.117561
-18.5219,0.806145,0.367662,1.16762,0.489256,0.28287,0.0845022,0.143822,0.21899,0.312418,0.355744,-0.0673657,0.052957,0.281489,0.175906,-0.238376,-0.0337669,0.262292,-0.147745,0.260517
-19.4455,0.343536,0.0607043,1.34153,0.514038,0.344939,0.139498,0.106756,0.307663,0.553191,0.554294,0.178365,0.0122128,0.224223,0.326878,-0.381203,-0.0276519,0.227633,-0.20944,0.05061
-19.6858,0.473087,-0.221348,1.16983,0.598042,0.516797,0.468596,0.514255,0.209326,0.615319,0.24045,-0.137041,0.0175858,0.44983,0.127496,-0.461891,-0.0806692,0.163871,-0.03466,0.0200685
-19.7161,0.433733,-0.0774842,1.28105,0.518778,0.397145,0.140981,0.539895,0.618449,0.539647,0.239977,0.0331084,-0.0988639,0.399459,0.415964,-0.404215,0.338948,0.23287,-0.30071,0.024771
-19.7251,0.18231,-0.171301,1.48621,0.721126,0.593851,0.430778,0.479827,0.490692,0.286686,-0.311762,-0.0491259,0.0934851,0.565677,0.459794,-0.306754,0.372087,0.0990352,-0.338452,-0.118945
-19.6364,-0.0168682,-0.369734,1.08669,0.800767,0.623061,0.367488,0.461487,0.507438,0.48262,0.234431,0.183803,0.172773,0.304714,0.267281,-0.400828,0.230427,0.190572,-0.358066,0.0583284
-19.3612,0.434714,-0.18355,0.72849,0.465486,0.455602,0.140562,-0.220706,0.240816,0.322925,0.157249,0.296996,0.256321,0.512747,0.459284,-0.401426,0.227314,0.187818,-0.386076,0.0762884
-20.3093,0.235971,-0.156002,1.15897,0.56804,0.225909,0.114955,-0.225054,0.385596,0.410165,-0.0964916,-0.104091,-0.198452,0.561224,0.741227,-0.276257,0.422526,0.312896,-0.0255224,0.0665115
-14.0733,1.70626,0.328688,0.277264,-0.778133,0.179868,0.160685,-0.0739765,-0.250093,-0.401168,-0.504488,-0.0110142,0.25369,0.00579809,-0.396943,0.103197,0.357373,-0.125189,-0.234685,0.476931
-9.40503,1.67168,0.208387,0.885122,-0.0687765,0.323425,-0.0599195,0.187511,0.108931,0.000646116,-0.159459,-0.116016,-0.0254884,-0.0170438,-0.0910899,-0.109071,-0.0203985,0.075874,0.0402442,0.236505
-8.11076,1.84827,0.395826,1.11039,0.231798,0.526397,-0.183754,0.0336189,0.0657808,0.264362,0.116758,0.0396191,0.315779,0.138078,-0.193999,-0.273989,-0.182003,0.126366,0.105824,0.176821
-7.7776,2.06647,0.586115,1.40253,0.482649,0.533239,-0.305345,0.115658,0.301939,0.475654,0.406312,0.239616,0.544144,0.238211,-0.3077,-0.397469,-0.243852,0.050309,-0.0562569,-0.0416778
-6.80037,1.80317,-0.287999,1.24657,0.379057,0.493175,-0.170665,-0.0595005,0.204152,0.969508,1.0954,0.29618,-0.144502,-0.104071,0.147431,-0.199241,-0.752863,-0.219229,0.347343,0.0349607
-6.67577,1.46671,0.0294617,1.43941,0.586949,0.516614,-0.396616,-0.300135,0.132995,0.991418,0.981428,0.408205,-0.277956,-0.34637,0.0999465,-0.0509647,-0.769109,-0.286073,0.197532,0.0417893
-7.02514,1.31194,0.0311583,1.44032,0.352352,0.619801,-0.218583,-0.447508,-0.120221,1.08753,1.2234,0.574785,-0.193718,-0.323765,0.0373799,-0.189008,-0.912835,-0.316074,0.421079,0.158061
-7.28561,1.52094,0.187284,1.13938,0.338536,0.397956,-0.31415,-0.370433,-0.174672,1.03574,1.19345,0.116337,-0.328716,-0.371422,0.372431,0.107014,-0.913836,-0.352154,0.294106,0.327404
-7.47169,1.52907,0.328076,1.15381,0.541383,0.335786,-0.407022,-0.486191,-0.155654,0.983859,1.07144,0.245338,-0.41103,-0.21875,0.197838,0.0824113,-0.815803,-0.377412,0.20963,0.353494
-7.7224,1.47699,0.268423,1.17953,0.211816,0.220193,0.0160451,-0.358015,-0.294902,0.866476,1.02741,0.305126,-0.359226,-0.190088,0.400839,0.0497663,-1.0436,-0.557845,0.459763,0.270767
-7.78112,1.23919,0.253736,1.12111,0.338367,0.360266,-0.097825,-0.133593,-0.325521,0.592193,0.934627,0.286031,-0.342707,-0.317194,0.308524,0.0798572,-1.03043,-0.372157,0.456793,0.0876586
-8.43409,1.56854,0.405012,1.06687,0.450097,0.0449321,-0.267857,0.0383349,0.0599644,0.347383,0.83143,0.275509,-0.221837,-0.169475,0.0734141,-0.0771883,-0.568157,-0.376596,0.110483,-0.0368292
-8.59748,1.70344,0.547187,1.12946,0.352838,0.108003,-0.317573,-0.176592,-0.145417,0.392496,0.923854,0.830959,-0.340036,-0.197365,-0.0216809,-0.394767,-0.49305,-0.289329,0.335454,0.0788691
-8.45899,1.70515,0.362864,1.02934,0.334931,0.28748,-0.310915,-0.188998,-0.327073,0.536894,0.988163,0.535948,-0.35048,-0.245204,0.173418,-0.0575934,-0.922127,-0.216766,0.337871,0.0447218
-8.62149,1.94898,0.198538,0.749676,0.494114,0.467365,-0.117536,-0.555609,-0.307161,0.905957,1.01701,0.293463,-0.285014,-0.19319,0.208384,-0.133935,-0.838803,-0.297375,0.363538,0.211438
-8.93009,1.98553,0.228493,1.02555,0.274554,0.53524,-0.069777,-0.373012,-0.509567,0.861541,1.27104,0.36761,-0.298999,-0.143716,0.325045,-0.306093,-1.0273,-0.332712,0.539264,0.251704
-8.96575,2.08694,0.27686,1.28433,0.288396,0.134067,-0.187539,-0.353505,-0.171091,0.837306,1.08459,0.581223,-0.22221,-0.364049,-0.0347561,-0.338009,-0.782811,-0.111765,0.512326,0.163957
-8.72477,1.71933,0.151889,1.40001,0.41857,0.329493,-0.151616,-0.238411,-0.0715867,0.560517,1.13025,0.503026,-0.212682,-0.238661,0.26449,-0.0546741,-0.956895,-0.350828,0.406211,0.22369
-8.99377,1.94861,0.432519,1.27731,0.238911,0.346404,-0.143684,-0.317511,-0.0940398,0.812358,1.0454,0.414635,-0.113746,-0.313944,0.229502,-0.21442,-0.836862,-0.247285,0.5263,0.162219
-9.43169,2.02693,0.320014,1.07504,0.597142,0.695018,-0.114769,-0.680757,-0.332899,0.886492,1.30036,0.176006,-0.206041,-0.24793,0.259512,-0.083629,-0.842592,-0.341693,0.463148,0.313482
-9.53694,1.93425,0.0739274,1.19953,0.614786,0.63788,-0.197753,-0.59145,-0.000329933,1.03536,1.30721,0.362326,-0.268754,-0.308679,0.121801,-0.0105819,-0.753004,-0.201006,0.344339,0.129549
-10.0286,1.99667,0.354664,1.25387,0.714763,0.916802,-0.17738,-0.356426,-0.296581,0.35275,1.05109,0.3414,-0.0141455,-0.105586,0.130688,-0.0803183,-0.839803,-0.246526,0.456062,0.25022
-10.1471,2.20786,0.270022,1.02811,0.363196,0.91421,-0.0291002,-0.216529,-0.309921,0.438753,0.988539,0.528103,-0.171883,-0.164041,0.193528,0.0274438,-0.705428,-0.285262,0.40799,0.229544
-10.4003,2.19992,0.377461,1.12532,0.292334,0.730661,0.0386092,-0.199012,-0.124985,0.468863,0.817217,0.554476,0.0621383,-0.13881,0.133354,0.065018,-0.697789,-0.242067,0.481787,0.133718
-10.4418,2.44467,0.222714,1.13586,0.349019,0.701453,-0.0183825,-0.25652,-0.0837443,0.564432,0.734182,0.60853,-0.207326,-0.181452,0.0961223,-0.0263304,-0.634741,-0.274971,0.489127,0.106314
-10.653,2.14603,0.117508,1.4112,0.277181,0.686629,-0.221337,-0.159536,-0.0607516,0.470454,0.815501,0.656492,-0.162917,-0.19454,0.338362,0.0944936,-0.616753,-0.0231891,0.318116,-0.0617115
-10.9417,2.15934,0.227662,1.32002,0.475083,0.671796,-0.386694,-0.405872,-0.129993,0.879468,1.00114,0.493764,-0.171906,-0.232021,0.158076,0.0157739,-0.379897,-0.178679,0.455176,0.0541903
-11.0538,2.29145,0.120827,1.13059,0.444265,0.749137,-0.149689,-0.494337,0.0367477,0.730449,0.811,0.353953,-0.154557,-0.076595,0.361662,-0.0593881,-0.527224,-0.221542,0.242818,0.166204
-10.1778,2.32058,0.386499,0.538165,-0.260923,0.237869,-0.0194154,0.0207049,0.102248,0.536968,0.309113,0.319878,0.0459749,0.387638,0.578207,-0.0175565,-0.607083,-0.109059,0.425028,0.419332
-9.91771,2.01591,0.222196,0.604386,0.253988,0.311836,-0.0759996,-0.284894,-0.139512,0.545319,0.506103,0.156916,0.162681,0.55518,0.481608,-0.354085,-0.670397,-0.0421725,0.581649,0.142602
-10.0679,1.85572,0.398741,0.347502,0.511342,0.136914,0.0370631,-0.14857,0.206529,0.271592,0.461626,0.118075,0.216133,0.585402,0.194563,-0.371527,-0.660559,-0.00861159,0.45213,0.143872
-9.83735,1.74928,0.0214027,0.387425,0.427969,0.205136,-0.0258904,-0.233773,0.301598,0.665456,0.520284,-0.0203362,0.0062992,0.377054,0.206409,-0.399633,-0.676834,0.0582383,0.34353,0.170361
-7.67767,0.933748,-0.54415,0.7402,0.232835,0.187439,-0.381286,-0.39416,0.00413946,0.948643,0.966664,0.364929,-0.490703,-0.302129,0.433939,-0.0530126,-1.08322,-0.328196,0.573455,0.324437
-8.11224,0.806658,-0.213023,0.841302,-0.00454922,0.355307,-0.48554,-0.365237,0.0644456,1.07166,1.12634,0.287519,-0.466504,-0.310365,0.493382,-0.14852,-1.19668,-0.308217,0.558459,-0.00398247
-8.60153,0.860893,-0.0207566,0.848678,0.226916,0.324169,-0.281743,-0.616867,0.0326991,1.21449,1.05613,0.35153,-0.459918,-0.349199,0.410347,-0.0391651,-1.35597,-0.557135,0.647919,0.29149
-8.58307,0.799517,0.120346,0.4338,0.32089,0.474644,-0.269884,-0.4179,-0.0988232,1.10268,1.29339,0.103018,-0.405964,-0.245884,0.510131,0.0881814,-1.29743,-0.272485,0.469919,0.131169
-8.93622,0.781258,0.260356,0.502808,0.0357283,0.525863,-0.0625119,-0.552339,0.0242046,1.28636,1.3126,0.256841,-0.547096,-0.21272,0.420932,-0.0696966,-1.39329,-0.466059,0.703483,-0.0401786
-9.25993,0.650779,0.194916,0.666094,0.0291215,0.525973,-0.0533991,-0.405162,-0.0905814,1.15564,1.18415,0.242303,-0.448317,-0.467912,0.493744,-0.0429638,-1.40808,-0.206646,0.720398,0.132818
-9.65683,0.44241,0.114333,0.555395,-0.0366188,0.301125,0.0043208,0.00301673,0.0770677,0.915087,0.922076,0.198364,-0.401073,-0.185193,0.627449,0.0215866,-1.40131,-0.37587,0.834487,0.209022
-10.0633,0.871219,0.310515,0.813009,-0.0449474,-0.194322,-0.25519,0.110925,0.291352,0.38689,0.77377,0.603549,-0.239293,-0.0958916,0.519982,-0.239317,-0.753409,-0.440181,0.529157,0.294795
-10.3089,0.865941,0.129123,0.767867,-0.0908079,-0.125569,-0.538744,-0.134053,0.100394,0.69874,1.27653,0.678459,-0.443584,-0.124819,0.596875,-0.227189,-0.963279,-0.507346,0.647289,0.245819
-10.035,0.818964,-0.379562,0.414501,-0.122648,0.0577852,-0.390745,-0.550799,-0.302111,0.812531,1.2278,0.310256,-0.137062,-0.18998,0.652369,0.0995279,-1.31109,-0.377754,0.837903,0.520776
-9.70897,1.11967,-0.303711,0.266805,0.230815,0.25782,-0.448023,-0.718941,-0.0945533,0.906595,1.10589,0.00561416,-0.304038,-0.0738025,0.542646,0.00652896,-1.04345,-0.2151,0.534064,0.550022
-7.80584,1.70568,0.185633,1.10531,0.269595,0.152178,-0.372918,-0.407157,0.0215982,0.895764,0.592408,0.136883,-0.312663,-0.188626,0.145194,0.014931,-0.617112,-0.261783,0.299274,0.251637
-6.8628,1.93466,0.565309,1.41565,0.49189,0.373834,-0.151728,-0.11234,-0.0152625,1.0428,0.923668,0.412589,-0.150247,-0.106829,0.122047,0.0318592,-0.338034,-0.280459,0.318114,0.191395
-7.16509,1.90715,0.434394,1.47414,0.392022,0.539411,-0.229098,0.068901,0.123323,0.623997,1.00368,0.407128,-0.0373242,-0.130881,0.155591,-0.0253412,-0.571863,-0.220822,0.145605,-0.0515309
-7.53931,1.99205,0.455742,1.54311,0.354972,0.542858,-0.217298,0.0730065,-0.0796521,0.726738,1.08463,0.369296,-0.0328913,-0.176101,-0.0324931,-0.222464,-0.673267,-0.22059,0.156465,0.106852
-7.66233,1.88076,0.458336,1.41556,0.42597,0.650374,-0.163177,-0.23284,-0.0832599,0.743691,0.859159,0.267293,0.0316224,-0.186807,-0.0468492,0.0338926,-0.36514,-0.256093,0.00178106,0.234729
-8.09022,1.94886,0.512379,1.645,0.440952,0.484118,-0.220667,-0.0263324,-0.119922,0.602371,0.848142,0.408792,-0.0213292,-0.0631064,0.0142656,-0.190809,-0.535072,-0.215923,0.148358,0.177014
-8.34422,2.04202,0.661356,1.59822,0.383782,0.468619,-0.126562,0.0602559,-0.080664,0.514569,0.755936,0.401511,-0.136534,-0.273325,-0.0237375,-0.0964622,-0.318515,-0.0866043,0.0129824,0.0551155
-8.48694,2.10229,0.266867,1.55309,0.584645,0.496884,-0.257459,-0.0374447,-0.187458,0.758588,0.910359,0.399806,0.0351691,-0.110764,-0.072139,-0.128768,-0.4264,-0.230515,0.10901,0.142494
-8.85808,2.33263,0.508131,1.46967,0.462642,0.438491,-0.0333689,0.0718277,-0.0825412,0.693636,0.737014,0.450115,-0.219271,-0.220525,-0.193398,-0.0359569,-0.212962,-0.317102,0.0610258,-0.0131292
-9.01119,2.44588,0.455134,1.24326,0.522428,0.673218,-0.0504315,-0.0306237,-0.10599,0.394919,0.852395,0.697349,-0.287858,-0.13887,-0.258068,-0.217513,-0.248972,-0.37914,-0.0246823,0.241387
-9.16923,2.51601,0.346506,1.27774,0.448708,0.510957,-0.275762,0.126763,-0.052916,0.377636,0.754429,0.540299,0.0452474,-0.0269799,-0.119589,-0.299414,-0.313298,-0.215088,0.0808206,0.157702
-9.20252,2.71775,0.182885,1.34602,0.399991,0.512512,-0.138372,-0.0996325,-0.187832,0.580499,0.815942,0.597199,-0.197607,-0.23731,-0.0527347,-0.231996,-0.458938,-0.354936,0.294797,-0.0375288
-9.32414,2.65337,0.0915867,1.31272,0.360867,0.633785,-0.144803,0.190794,-0.26494,0.33633,0.608037,0.471897,-0.0313449,-0.0449644,-0.192432,-0.189509,-0.422054,-0.227417,0.146496,0.0136975
-9.55826,2.5761,0.0632206,1.14627,0.536956,0.610951,-0.197823,-0.117804,-0.27822,0.698792,0.793142,0.443486,0.0103247,-0.00688633,-0.264584,-0.170082,-0.439606,-0.219623,0.228289,0.127003
-9.43326,2.68769,0.233992,1.21996,0.259147,0.637229,-0.0803349,0.0792232,-0.352201,0.361754,0.758188,0.57795,-0.222921,-0.244261,-0.250636,-0.198421,-0.530983,-0.265816,0.0997969,0.119653
-9.88487,2.69511,0.323369,1.3753,0.2032,0.625946,0.0193848,-0.087077,-0.272307,0.397275,0.443312,0.40784,-0.0992642,-0.17612,-0.0928944,-0.315967,-0.355892,-0.155799,0.0556061,-0.0554833
-10.0534,2.60797,0.183483,1.33103,0.430492,0.370504,-0.101121,-0.0169022,-0.256484,0.480579,0.60169,0.387144,-0.0446892,-0.260231,-0.21087,-0.0344544,-0.387403,-0.174781,0.0519032,-0.00428054
-10.3527,2.7567,0.448392,1.32122,0.297459,0.594887,-0.040586,-0.0361191,-0.27975,0.19077,0.568318,0.39752,-0.0308248,-0.184672,-0.462641,-0.157913,-0.409573,-0.22117,-0.0103097,0.0954974
-10.6336,2.71874,0.266034,1.36656,0.362832,0.603022,-0.0978368,-0.149923,-0.207008,0.308299,0.620194,0.459546,-0.0193143,-0.233162,-0.373685,-0.237971,-0.405701,-0.191057,0.0882328,0.044487
-10.7226,2.65368,0.247666,1.32614,0.404567,0.714177,-0.320857,-0.099224,-0.257409,0.391904,0.733754,0.617102,0.0856146,-0.301613,-0.48692,-0.207972,-0.362494,0.162478,0.192166,-0.13433
-10.8225,2.80763,0.53336,1.241,0.381249,0.78409,-0.131693,-0.0450271,-0.171559,0.127125,0.434123,0.405735,-0.00740777,-0.0602901,-0.342123,-0.165194,-0.424538,-0.13364,0.103139,-0.00353798
-10.8418,2.79058,0.452027,1.1376,0.345953,0.823111,-0.119792,-0.133265,-0.180244,0.389568,0.543266,0.532174,0.0369342,-0.253476,-0.255729,-0.0921137,-0.349294,-0.202381,0.0876824,0.128482
-11.1978,2.7261,0.618442,1.26424,0.222653,0.900198,-0.248165,0.0404847,-0.165711,0.355901,0.486396,0.659665,-0.0692134,0.019345,-0.325625,-0.214324,-0.494696,-0.146263,0.112339,0.0493257
-11.0697,2.69989,0.728521,1.2577,0.354485,0.742699,-0.110123,-0.223082,-0.154795,0.596988,0.521539,0.524477,-0.0823717,-0.252781,-0.246675,-0.345547,-0.381095,-0.302612,0.294704,0.123729
-10.965,2.19175,0.82234,1.09627,0.533151,0.888364,-0.215765,-0.108727,-0.261733,0.599259,0.456715,0.609437,-0.267904,-0.294267,0.125117,-0.31507,-0.186034,-0.225686,0.278881,-0.0408379
-10.4135,1.96186,0.937642,1.18893,0.583152,0.83502,-0.381891,-0.0406144,-0.126869,0.625193,0.354999,0.410485,-0.377688,-0.322413,0.182996,-0.492121,-0.238168,-0.0785313,0.268558,0.155865
-10.4805,1.61534,1.26399,1.32521,0.36587,0.75849,-0.472819,-0.329858,-0.230888,0.677919,0.545057,0.495137,-0.179837,-0.371292,-0.0415672,-0.478203,-0.114411,-0.0913915,-0.0643829,0.179378
-9.98773,1.10015,1.63672,1.49901,-0.00176391,1.20165,-0.409398,-0.0759142,0.0746008,0.618816,0.417446,0.402211,-0.0876832,-0.323735,-0.015882,-0.5509,-0.323482,-0.235467,0.211774,0.0830611
-9.71923,0.879378,1.71979,1.4262,-0.145738,1.35413,-0.504421,-0.526152,-0.0597335,0.443967,0.357971,0.383051,-0.248988,-0.218502,0.10473,-0.483312,-0.366562,-0.208386,0.180661,0.11308
-8.94061,1.01826,1.58023,1.65189,-0.34266,1.12401,-0.221133,-0.350509,-0.0984441,0.403239,-0.0318702,0.296151,-0.226459,-0.00136592,0.196204,-0.300752,-0.209822,-0.119636,0.240669,0.121502
-8.88922,1.17801,1.328,1.68784,-0.635117,0.783973,0.0538892,-0.280181,-0.360263,0.395952,0.142651,0.0688299,-0.304811,0.109347,-0.00174116,-0.310025,-0.244923,-0.176188,0.429319,0.182119
-8.825,1.84122,1.1406,1.55333,-0.404659,0.429454,0.0516637,-0.434666,-0.418983,0.457268,0.11809,0.232049,-0.0884259,0.0399154,-0.252347,-0.13338,0.151767,-0.189664,0.265311,0.026415
-8.85222,1.36828,1.08137,1.94212,-0.358821,0.0660044,0.153621,-0.248329,-0.445417,0.259966,0.29771,0.373613,0.0550475,0.0427085,-0.572061,-0.444531,0.124901,-0.0392619,0.324241,-0.100496
-8.90247,1.59547,0.482197,1.74011,-0.113642,-0.124551,0.21518,-0.0668634,-0.178688,0.591379,0.179656,0.259324,-0.434473,0.0230177,-0.0191457,-0.372943,0.102207,-0.225524,0.139696,0.111782
-8.95371,1.84926,0.234795,1.37708,-0.303663,-0.0916026,-0.0572625,0.0454101,-0.21624,0.7478,0.598785,0.358345,-0.296811,0.281546,-0.279688,-0.603945,0.161113,-0.179369,0.0144829,0.0691262
-9.34238,2.16113,0.235004,1.07419,-0.121894,-0.0739529,-0.0330248,0.301116,-0.241624,0.117962,0.558016,0.470017,-0.290904,0.339556,-0.0974589,-0.555602,0.293964,-0.18241,-0.167662,0.201503
-9.7746,2.11982,0.453264,1.08495,0.199654,-0.137915,-0.228809,0.12347,-0.168627,0.0252467,0.574595,0.33017,-0.342479,0.19164,-0.11641,-0.525289,-0.0216409,-0.459767,0.176171,-0.114293
-11.1926,2.01736,0.66528,1.37316,0.0160983,0.0896557,-0.125768,-0.150192,-0.118739,0.307682,0.611783,0.49772,-0.0608301,0.0458549,0.14949,-0.119367,-0.139183,-0.149666,0.0308618,-0.0365038
-11.8198,1.52018,0.730838,1.31534,0.0342547,0.233254,0.17274,0.0676851,-0.0143572,0.219339,0.908181,0.525553,-0.106727,0.0151291,-0.185657,-0.363054,-0.321986,0.012095,0.148452,0.0593217
-11.9659,1.65649,0.490998,1.61687,0.269325,0.169601,-0.0230522,0.12305,0.0126365,0.0775937,0.671149,0.343177,0.112811,-0.022259,-0.112222,-0.821948,-0.395431,0.0998063,0.0472117,-0.0405387
-12.0024,1.9554,0.258663,1.28179,0.110923,0.527,-0.0339655,0.105964,0.120453,0.241823,0.780844,0.505237,0.0337193,0.0775761,-0.61841,-0.600308,-0.310214,-0.115586,0.267044,-0.0174107
-12.1402,1.97946,0.612018,0.952801,0.357866,0.324351,-0.158228,0.355676,0.375236,0.183371,0.682522,0.509162,-0.0104513,0.0192891,-0.386556,-0.570548,-0.455336,-0.131584,-0.0140714,-0.169327
-12.2987,1.69729,0.905973,1.20622,0.337362,0.444232,-0.046254,-0.242243,0.443725,0.449773,0.727426,0.565956,-0.483176,-0.26549,-0.396362,-0.393183,-0.454884,-0.0207896,-0.0150809,-0.16743
-12.3314,1.5767,1.03218,1.10242,0.384831,0.428485,-0.26253,0.105751,0.387985,0.339961,0.488681,0.470129,-0.1955,-0.354997,-0.402886,-0.35439,-0.453398,-0.0792659,-0.111354,0.0836571
-11.9856,1.60713,0.747672,1.35205,0.429605,0.238221,0.0349762,0.0423507,0.312802,0.357549,0.227192,0.360891,-0.196549,-0.203482,-0.687617,-0.460113,-0.339682,0.172487,-0.0503695,0.100452
-12.2413,1.5089,0.758149,1.83342,0.569081,0.110821,-0.0671441,-0.145965,0.0166203,0.296532,0.563575,0.39721,-0.356924,-0.135287,-0.426058,-0.428259,-0.577032,-0.105691,0.098331,0.0775237
-12.1132,1.6542,0.799542,1.38743,0.35435,0.0428308,0.0814752,0.0402136,0.297682,0.015518,0.458518,0.381399,-0.0695664,-0.459725,-0.228444,-0.509566,-0.595712,-0.174118,0.0374463,0.0427125
-11.1389,0.987365,0.543566,1.20839,0.447355,0.0857125,0.465418,0.145942,0.0584407,0.131883,0.305759,0.259988,0.166061,0.00411882,-0.429761,-0.675055,-0.478647,-0.297037,-0.0849417,0.00391721
-9.01923,0.330337,-0.432675,0.936661,0.121455,0.106217,0.944616,0.45391,-0.0116417,0.128286,0.556636,0.198288,-0.325627,0.186209,-0.40739,-0.701801,-0.226739,-0.266703,-0.179511,-0.133033
-9.04037,0.261472,-0.402248,0.864605,0.30666,0.369838,0.766378,0.388223,-0.0818929,0.225393,0.567084,0.23553,-0.352454,0.154871,-0.353634,-0.501551,-0.405779,-0.225239,-0.292883,-0.221314
-8.92787,0.453457,-0.503123,0.879417,0.379079,0.171616,0.540191,0.285509,0.0488263,0.427471,0.230175,-0.00270276,-0.357901,0.256713,-0.45389,-0.20902,-0.0779946,-0.142636,-0.336417,-0.218849
-8.76885,0.768981,-0.0445192,0.943737,0.418107,0.205207,0.769318,0.363209,0.103873,0.473745,0.154353,0.105289,0.00421002,0.491483,-0.524614,-0.150885,0.11968,0.11551,0.0169468,-0.0829143
-8.99917,1.22757,0.103606,1.40597,0.624935,0.391795,0.875019,0.774754,0.204457,0.512407,0.0998573,0.0879984,-0.0558498,0.19983,-0.122077,0.00106723,0.17801,0.112881,-0.0442513,0.107281
-9.76215,1.50027,0.182636,1.27597,0.319604,0.168814,0.845924,0.606974,-0.264569,0.362219,0.601484,0.211119,-0.1445,0.192144,-0.382094,-0.396252,0.117865,0.230245,2.34736e-05,0.135982
-10.3124,1.63171,0.247899,1.22288,0.527985,-0.0801957,0.63107,0.733462,-0.000577415,0.254505,0.400644,0.314582,0.110615,0.130958,-0.254218,-0.264484,-0.019778,0.039036,-0.000509295,0.120183
-9.79728,2.17025,0.559048,0.763942,0.390408,-0.113341,0.344386,0.728891,-0.0479821,0.0827635,0.351945,-0.0528007,-0.259961,0.0544628,-0.151545,0.115487,0.241254,-0.0020268,-0.0716033,0.0782022
-10.1513,1.8916,0.616032,0.789504,0.450813,0.242506,0.516048,0.438036,0.219782,0.227557,0.240933,0.0366002,-0.367348,-0.196327,0.018204,0.340966,0.235907,-0.0520684,-0.283761,-0.0579187
-9.76224,2.1323,1.31238,0.806378,0.687349,0.353007,0.749468,0.374063,0.0701938,0.222436,0.363965,0.286157,-0.439207,-0.345814,0.232937,0.229529,0.271095,0.232166,-0.0800511,0.110209
-9.84425,2.4095,1.13648,0.74147,0.939309,0.486657,0.367341,0.118037,0.274303,0.445274,0.342751,0.306538,-0.148764,-0.431198,0.0968347,0.216147,0.140219,0.126091,-0.0725885,-0.112939
-7.27555,2.20899,-0.321935,0.939792,0.448656,0.632013,0.407717,-0.0410025,-0.200199,-0.127891,0.377204,0.978652,0.908698,0.112171,-0.544973,-0.0438028,0.588581,0.0760702,-0.624757,-0.409954
-7.54706,1.66431,-0.0269789,1.03818,0.490426,0.65279,0.356143,0.0201705,-0.299544,-0.369614,0.479428,1.05601,0.931221,-0.111852,-0.724604,-0.0767346,1.00218,0.415641,-0.740718,-0.396183
-7.69231,1.53175,-0.00947721,0.996364,0.560798,0.599357,0.685866,0.206824,-0.287529,-0.504268,0.0852706,1.01613,0.994352,0.206184,-0.628981,-0.136614,0.912155,0.465442,-0.882051,-0.432547
-8.72073,1.67906,0.149572,1.03937,0.324616,0.535052,0.511746,0.155373,-0.142335,-0.119736,0.238856,0.936893,1.01236,0.172693,-0.646444,-0.170254,0.925981,0.509381,-0.602103,-0.464857
-9.08474,1.63052,0.705029,0.927358,0.425251,0.470695,0.553338,0.194176,-0.138377,-0.192664,0.383289,0.991262,0.518402,0.0716687,-0.465457,-0.112698,0.661585,0.296165,-0.413038,-0.430031
-10.0405,1.83639,0.677722,0.706926,0.607151,0.647078,0.634047,0.0167944,-0.339141,-0.0831006,0.52827,0.966905,0.721203,0.293265,-0.541749,-0.245382,0.739731,0.168604,-0.533498,-0.361561
-10.9579,1.86402,0.371237,0.99773,0.593584,0.9368,0.473755,-0.0349801,-0.032872,0.189422,0.487971,0.720768,0.893528,0.249896,-0.520456,-0.186133,0.675026,0.183499,-0.418634,-0.292871
-11.2322,2.29415,0.468052,0.970698,0.29552,0.572407,0.418465,0.287628,-0.174177,-0.09724,0.317264,0.604417,0.654888,0.00604116,-0.458583,-0.145466,0.284461,0.234809,-0.139522,-0.151245
-11.0373,2.35814,0.538879,1.02485,0.13832,0.781102,0.608207,0.312688,-0.442937,-0.0681364,0.564837,0.796849,0.61581,0.224073,-0.224165,-0.110554,0.306984,0.401341,-0.0672645,-0.13578
-11.132,2.13186,0.334128,1.0616,0.574686,0.772508,0.414635,0.458097,-0.207833,-0.0388101,0.34467,0.621648,0.540275,0.115651,-0.287977,-0.216037,0.311361,0.455943,-0.123252,-0.300412
-8.78025,1.52355,0.487586,0.709826,0.100581,0.426742,0.108069,0.446829,-0.124889,-0.0543287,0.012239,0.526979,0.371609,0.0409122,-0.208366,-0.203891,0.166791,0.318198,0.0263234,0.171472
-7.73796,1.58884,0.600329,0.987243,0.202945,0.613204,-0.295854,-0.215986,-0.130825,0.168643,0.247991,0.276883,0.216496,-0.375336,-0.444393,-0.198161,0.0154609,0.219153,0.200734,-0.113736
-6.87797,1.78252,0.644353,1.38861,0.227822,0.34237,-0.334963,-0.0337766,-0.14816,0.0704835,0.226643,0.396191,0.198431,-0.410302,-0.354103,-0.141878,-0.0912404,0.299652,0.190016,0.124388
-6.2371,1.97823,0.3147,1.25767,0.453642,0.582458,0.0853693,0.0350843,0.100143,0.466992,0.800747,0.334198,-0.0510141,-0.258783,-0.0277594,-0.254423,-0.255609,0.253108,0.193547,0.0329491
-5.85132,1.59379,0.0869782,1.48511,0.596695,0.618449,-0.113307,-0.409324,-0.175526,0.600577,1.07842,0.631182,-0.194958,-0.356749,-0.0631944,-0.259852,-0.739311,-0.0862147,0.327781,0.110904
-6.05653,1.72595,0.207617,1.35092,0.34394,0.730252,-0.151571,-0.4597,-0.374162,0.585218,1.04272,0.67253,0.0513431,-0.363371,0.0327906,-0.336787,-0.707118,0.0882521,0.46271,0.182152
-6.55817,1.87745,0.424176,1.06053,0.37881,0.759806,0.0984825,-0.526166,-0.509021,0.69166,0.98828,0.418864,-0.0887816,-0.382909,0.162625,-0.114503,-0.724434,-0.00148667,0.345148,0.125487
-6.78119,1.85784,0.477045,1.00237,0.705349,0.635239,-0.0947309,-0.42659,-0.294526,0.941698,0.922727,0.178202,-0.309247,-0.378308,0.368015,0.0176456,-0.816157,-0.0690404,0.159289,0.0952802
-7.15715,1.83745,0.634474,1.30357,0.526836,0.590274,0.0572819,-0.499221,-0.113791,1.16645,1.00607,0.204066,-0.413685,-0.345578,0.247749,-0.201522,-0.835334,-0.207647,0.39995,0.233571
-7.42324,1.59909,0.493194,1.25977,0.306195,0.784608,0.121135,-0.206691,-0.433312,0.880757,1.0576,0.118135,-0.247372,-0.357724,0.158841,-0.0903188,-0.871529,-0.01037,0.429663,0.192857
-7.89966,1.69682,0.678877,1.1136,0.278627,0.46315,0.0189092,0.00839468,-0.240516,0.516621,0.946101,0.462536,-0.14582,-0.460696,-0.130474,-0.1455,-0.527642,0.0343873,0.45193,0.134112
-8.1805,2.19856,0.74867,1.09259,0.188079,0.441773,-0.00486267,-0.0274476,0.000931498,0.348247,1.0017,0.731997,-0.138807,-0.300514,-0.0667284,-0.396938,-0.325849,-0.0718522,0.280176,0.0618605
-8.20646,2.02924,0.625101,1.20104,0.195636,0.283727,-0.290226,-0.0996539,-0.214971,0.422924,1.03308,0.518318,-0.153201,-0.0906953,0.183683,-0.139075,-0.693481,-0.155576,0.4763,0.246724
-8.34438,2.36831,0.522235,1.18996,0.549253,0.434242,-0.213688,-0.405089,-0.132146,0.826403,0.871435,0.297865,-0.155353,-0.226068,0.306813,0.1114,-0.94216,-0.282511,0.492622,0.372067
-8.41091,2.5004,0.296309,0.970854,0.558299,0.536957,-0.00309465,-0.504712,-0.378632,0.708347,1.2165,0.392685,-0.101206,-0.26061,0.295744,-0.15787,-0.787827,0.0624459,0.455134,0.264012
-8.65507,2.33083,0.495626,1.37714,0.51356,0.179922,-0.175513,-0.649552,-0.411669,0.758739,1.3257,0.638983,-0.0457461,-0.295722,-0.00561497,-0.424482,-0.602043,0.237742,0.454997,0.106945
-8.23492,2.10075,0.355635,1.40057,0.22814,0.530157,-0.0866816,-0.356487,-0.245809,0.590799,1.10951,0.536937,-0.30076,-0.298545,0.314888,-0.219911,-0.748698,-0.198068,0.47614,0.127926
-8.83277,2.00189,0.643872,1.27166,0.317986,0.622641,0.121678,-0.275537,-0.147352,0.50632,0.95146,0.504716,-0.0266436,-0.301243,0.051686,-0.247503,-0.572767,0.0716864,0.435576,0.110498
-8.81038,2.16185,0.20304,1.14695,0.432211,0.779885,0.229112,-0.296803,-0.174205,0.645598,1.09964,0.216007,-0.169443,-0.365808,0.178959,-0.255279,-0.842743,-0.0879178,0.639641,0.494398
-8.71972,2.09138,0.321661,1.01951,0.224705,0.75856,0.194645,-0.331991,-0.0134823,0.890343,0.979572,0.286041,-0.46349,-0.379272,0.192041,0.000664352,-0.902936,-0.207666,0.570624,0.467125
-8.7846,2.15696,0.423494,1.12892,0.302088,0.422309,0.000819796,-0.121504,-0.0106551,0.480494,1.15697,0.469018,-0.411459,-0.282648,0.341159,0.00704427,-0.949222,-0.342031,0.463552,0.191183
-9.13143,2.268,0.22262,1.03662,0.432557,0.756924,-0.281151,-0.327906,-0.126669,0.512695,1.01368,0.316882,-0.163005,-0.306664,0.250754,0.287342,-0.650946,-0.389176,0.341528,0.316188
-9.67877,2.21155,0.554965,1.28738,0.44001,0.718112,-0.0975921,-0.514079,-0.179124,0.517736,0.93349,0.680816,-0.0685027,-0.252853,0.165442,0.115228,-0.819069,-0.138778,0.561899,0.108541
-9.46479,1.49433,1.34386,1.11034,0.583712,0.538675,0.203779,-0.439566,-0.6134,0.405517,1.03404,0.753872,-0.185488,-0.329091,0.287599,0.00599494,-0.582792,-0.316578,0.599654,0.167191
-9.28603,1.33575,0.919634,1.00716,0.553937,0.542769,0.111267,-0.337301,-0.326181,0.268576,0.710241,0.584747,-0.108791,-0.237439,0.0958601,-0.0782999,-0.170552,-0.0863782,0.363542,0.0821808
-9.44941,1.6224,0.780838,0.826511,0.706982,0.785735,0.134051,-0.544932,-0.281467,0.458818,0.621211,0.54878,-0.0886364,0.118943,0.0368006,-0.283901,-0.32399,0.023171,0.399788,0.0789554
-10.2396,2.30202,0.658491,0.609551,0.522178,0.716334,0.229844,-0.607659,-0.258713,0.573196,0.841326,0.276133,-0.0890685,-0.0283121,0.184673,-0.310179,-0.551058,-0.0268303,0.692139,0.278299
-10.5211,2.49871,0.520767,0.92007,0.280326,0.533876,0.194736,0.0857973,0.0448694,0.397316,0.380953,0.174363,-0.0482566,-0.0977055,0.0699727,-0.159766,-0.515217,0.0389704,0.29622,0.322796
-9.51843,2.1431,0.287637,0.680343,0.283718,0.58893,0.131831,-0.0152384,-0.0853999,0.292946,0.514903,0.150218,-0.0820897,0.313675,0.36627,-0.286774,-0.611281,0.0756408,0.61775,0.381535
-9.56968,2.25888,0.576324,0.531356,0.334367,0.411624,0.135402,0.00981556,0.0282534,0.132301,0.297569,0.282253,0.13154,0.214079,-0.0748463,-0.41635,-0.416643,0.505176,0.510764,-0.0254592
-9.71255,1.85641,0.324235,0.68906,0.537,0.69369,0.147104,-0.429514,0.115495,0.448091,0.117862,-0.0967455,0.115998,0.42292,0.0742698,-0.375244,-0.524815,0.16029,0.556537,0.192141
-7.8518,1.45152,-0.340939,0.851542,0.119947,0.34761,-0.340776,-0.29417,0.257764,0.889076,0.930875,0.103223,-0.49907,-0.123042,0.537953,-0.0873426,-0.981703,-0.188095,0.725708,0.361659
-7.69245,1.20863,0.00445905,0.952956,0.230863,0.502043,-0.204688,-0.302221,-0.0547771,0.957061,0.898345,0.215603,-0.429907,-0.206986,0.530333,-0.101588,-1.15064,-0.345421,0.774108,0.305583
-8.12717,1.01503,0.0634424,1.03639,0.254256,0.517874,-0.167218,-0.492494,-0.231897,0.938035,1.0186,0.244874,-0.495921,-0.338488,0.514993,0.00769239,-1.26175,-0.411729,0.811117,0.46256
-8.58767,1.17142,0.22376,0.598398,0.289237,0.637312,-0.086037,-0.403763,-0.154079,0.954628,1.18016,-0.0378544,-0.510593,-0.239462,0.620423,-0.0291867,-1.27388,-0.162773,0.772161,0.424953
-8.55169,1.36255,0.448512,0.62706,0.357401,0.65625,-0.0109088,-0.447607,-0.378158,1.07688,1.17236,0.0929061,-0.515392,-0.183056,0.363615,0.12468,-1.12837,-0.25941,0.644386,0.334049
-8.66531,1.05203,0.144571,0.877974,0.13338,0.521294,0.188133,-0.60802,-0.44931,0.877235,1.32141,0.275526,-0.352331,-0.184926,0.496887,-0.0374903,-1.10305,-0.168001,0.846355,0.157897
-8.75517,1.09107,0.487112,0.94576,0.186027,0.421528,0.0452748,-0.148981,-0.239462,0.862766,1.04982,0.239109,-0.331668,-0.298239,0.597064,0.188389,-1.12459,-0.232992,0.890594,0.254066
-9.30273,1.14784,0.431178,1.15317,0.130441,-0.0683374,0.0204407,0.166618,0.0919261,0.474895,1.04643,0.299464,-0.431979,-0.0836715,0.578865,-0.0901922,-0.770731,-0.595226,0.403884,0.355875
-9.56685,1.31226,0.39205,1.06504,0.000476897,0.063027,-0.200121,0.0975886,-0.0128934,0.502214,1.12934,0.629246,-0.52923,-0.176079,0.266302,-0.378269,-0.605464,-0.343876,0.444682,0.362942
-9.2909,1.29041,-0.0303371,0.789773,0.0815664,0.325535,-0.0678044,-0.0606302,-0.109942,0.665649,1.14528,0.454873,-0.297292,-0.241515,0.276272,-0.217855,-1.0623,-0.281494,0.554931,0.319212
-9.54242,1.19681,-0.085602,0.623303,0.275127,0.400074,-0.188267,-0.718022,-0.256529,0.960304,0.932035,0.245369,-0.421877,-0.253892,0.170097,-0.319865,-1.15555,-0.253092,0.466696,0.469299
-7.80886,1.31163,-0.23953,1.02244,0.439124,0.291245,-0.613586,-0.505542,-0.214017,0.768577,0.47628,-0.113896,-0.485232,-0.610979,-0.373189,-0.325555,-0.62394,-0.281033,0.417907,0.625198
-6.78617,1.72186,0.481789,1.53624,0.394414,0.270789,-0.47476,-0.142861,0.124539,0.795015,0.520052,0.105705,-0.211305,-0.252418,-0.108613,-0.215014,-0.527892,-0.180446,0.287111,0.404635
-6.57591,1.94708,0.671411,1.75933,0.552042,0.778869,-0.263425,-0.333957,-0.159309,0.677581,0.947159,0.26747,-0.347639,-0.535239,-0.0761117,-0.0289677,-0.378425,0.152773,0.435464,0.0874294
-6.98311,1.9956,0.525902,1.33569,0.402864,0.532954,-0.325535,-0.526278,-0.0522752,0.704448,0.778248,0.438022,0.0394519,-0.423373,-0.177281,-0.144814,-0.34426,0.090777,0.417128,0.0301079
-7.38505,1.98915,0.725384,1.46817,0.630346,0.730634,-0.17358,-0.933089,-0.24805,1.10394,1.07476,0.28714,-0.0832806,-0.35305,-0.125368,-0.200921,-0.446871,-0.0118824,0.343169,0.124937
-7.54004,2.03345,0.538479,1.46811,0.462797,0.626389,-0.248171,-0.5583,0.0210631,0.809871,0.769327,-0.0282028,-0.150172,-0.328594,0.0464907,-0.0487814,-0.535367,-0.0199754,0.193752,0.094103
-8.05314,2.17772,0.591394,1.55443,0.557753,0.704806,-0.133747,-0.481788,-0.115065,0.716,0.725976,0.114805,-0.114727,-0.245785,-0.0394582,0.0257594,-0.22326,0.0977133,-0.0212324,0.155308
-8.24007,2.1149,0.839649,1.58836,0.434361,0.62871,-0.00494868,-0.240185,-0.204924,0.759562,0.918551,-0.046251,-0.402258,-0.227423,0.156583,-0.231407,-0.377528,0.220229,0.145263,0.142953
-8.57867,1.98519,0.759065,1.8057,0.497986,0.397439,-0.214687,-0.305919,0.00746888,0.819697,0.70755,-0.100639,-0.370163,-0.384983,-0.0399772,-0.0884122,-0.396478,0.015164,0.182458,0.33127
-9.06594,2.13955,0.892462,1.77608,0.622926,0.554713,-0.242368,-0.130434,0.0546783,0.704413,0.918233,-0.0183173,-0.749912,-0.434699,0.264282,0.188949,-0.415022,-0.0686514,0.105676,0.373218
-9.28287,2.21731,0.694183,2.00897,0.657492,0.480816,-0.452339,-0.0210867,0.096846,0.685015,0.807555,-0.16648,-0.599765,-0.367815,0.27426,0.141079,-0.168268,-0.0232149,0.0916038,0.286176
-9.48748,2.58019,0.776191,1.75103,0.648584,0.70911,-0.268227,-0.404111,-0.23301,0.707775,0.807771,-0.0498055,-0.220595,-0.410143,0.127527,0.134554,-0.298592,-0.149171,0.119349,0.076267
-9.55363,2.71905,0.937596,1.56614,0.190692,0.685014,-0.0770177,-0.346209,-0.210762,0.551597,1.04619,0.215075,-0.123034,-0.439704,0.343744,-0.051336,-0.369873,-0.174333,0.306554,0.281613
-9.7644,2.68339,0.57289,1.53436,0.200604,0.804811,-0.11031,-0.36296,-0.269219,0.480609,0.815439,0.238589,0.0124107,-0.193726,0.0780924,-0.120948,-0.220871,0.11973,0.274043,0.0806829
-9.51378,2.74169,0.385005,1.58482,0.4318,0.540425,-0.0146788,-0.205147,-0.236833,0.392513,0.676771,0.393971,-0.0209889,-0.284867,0.257691,-0.181091,-0.550298,-0.0173372,0.192152,0.0822734
-9.84612,2.63694,0.770361,1.54582,0.0814932,0.490158,0.0768994,0.0469241,-0.203868,0.273283,0.727968,0.442159,-0.10365,-0.252033,0.208636,-0.107003,-0.299707,0.310343,0.198429,0.0606868
-9.91999,2.68368,0.638338,1.4732,0.221243,0.741816,0.304683,0.0115903,-0.185268,0.216448,0.636014,0.104382,-0.196571,-0.112019,0.185188,0.084802,-0.268075,0.00930658,0.0702006,0.163804
-10.2819,2.37918,0.760506,1.51668,0.527162,0.868174,-0.0119372,-0.00232453,0.166871,0.0578404,0.402627,0.228786,-0.051123,-0.000102585,0.0452592,-0.0550722,-0.0845129,0.147589,0.0768601,0.108031
-9.77405,2.48795,0.419939,1.1903,0.509652,0.79625,0.221317,0.084842,-0.035062,0.053423,0.343034,0.150393,-0.00557174,-0.237322,-0.031616,-0.176163,-0.15373,0.377215,0.268202,0.100498
-9.1323,2.09374,0.640516,1.62395,0.112001,0.907239,0.0138615,0.0688441,-0.10831,0.185283,-0.195523,0.298674,0.249232,-0.224331,-0.010873,-0.344286,-0.214585,0.365825,0.0710617,-0.0224439
-8.93454,1.43922,0.869728,1.79659,0.216089,0.981548,0.0187337,-0.280146,-0.217246,0.262584,0.0314723,0.220712,-0.114731,-0.107453,0.181547,-0.129017,-0.279206,0.0654396,0.0305788,-0.0208617
-8.64517,1.32745,1.34686,1.50248,-0.12559,1.1873,0.237268,-0.300933,-0.201858,0.259702,0.102759,0.318931,-0.0999834,-0.068907,0.0645198,0.101858,-0.213378,0.0624417,0.0229797,0.126438
-8.78725,0.989949,1.53671,1.85712,-0.230799,0.571187,-0.0515505,-0.431704,-0.129008,0.348045,0.282117,0.584965,-0.174581,-0.309041,0.18595,0.117252,-0.377352,-0.137409,0.0952727,0.100186
-8.40946,0.890981,1.56552,1.88281,-0.386365,0.680626,-0.0253175,-0.650472,0.0848521,0.416862,0.124387,0.727365,-0.15785,-0.227175,-0.0280737,-0.0613007,-0.144241,0.122412,0.125094,0.020157
-8.51465,0.647906,1.68519,1.80552,-0.747484,0.853155,0.0538067,-0.717199,-0.0791776,0.734784,0.315582,0.466883,-0.0990032,-0.102433,0.0429248,-0.231146,-0.307133,-0.0484749,0.205075,0.270106
-8.48269,0.526456,1.66201,1.93185,-0.804075,0.736661,0.112496,-0.664145,-0.370628,0.746884,0.422677,0.57298,-0.242807,0.0094693,0.110136,-0.425777,-0.443481,-0.0577384,0.31904,0.232368
-8.55494,0.832422,1.58171,2.00387,-0.426226,0.663914,-0.127409,-0.61056,-0.238743,0.562463,0.0971285,0.571831,-0.336078,-0.115146,0.126915,-0.112745,-0.0741714,-0.0880202,0.328254,0.316521
-9.26031,0.988347,1.77295,1.96676,-0.563165,0.548595,0.0179529,-0.273995,-0.00706829,0.482862,0.0350857,0.392481,-0.557901,-0.0342949,0.288082,-0.0366964,0.339598,0.0915567,0.130343,-0.0185315
-9.92172,1.78406,1.68378,2.19227,0.0946505,1.00519,0.0595976,-0.518471,-0.0904339,0.896538,-0.157321,0.600087,-0.576226,0.198431,0.561385,0.0200467,-0.202131,-0.199854,0.139022,0.452707
-11.6613,2.18212,0.533823,1.69018,0.490024,0.8656,-0.18732,-0.507615,0.0294068,0.472476,0.37537,0.596532,-0.461981,-0.160924,-0.0049391,-0.0831584,-0.300147,0.14112,0.379279,0.199246
-11.2069,2.29398,0.687248,1.54392,-0.22606,0.802244,0.309687,-0.27905,0.115682,0.406143,-0.0259858,0.395891,-0.0914301,0.0653467,-0.0795883,-0.23703,0.0167909,0.0903026,0.0568431,0.125648
-9.88008,1.44231,1.37786,1.32507,-0.578656,1.18006,0.0338863,-0.446533,0.0361168,0.320784,-0.408246,0.575957,-0.280779,0.0937108,0.25846,-0.198153,-0.0948183,-0.0385955,0.0869733,0.30686
-9.70736,1.04661,1.92131,1.51144,-1.15216,0.857682,-0.125089,-0.205227,-0.0502095,0.232792,-0.0462728,1.17853,-0.290293,0.241559,0.0580059,-0.225951,-0.0960137,-0.00130827,0.0338953,0.273457
-9.13957,1.06737,1.53665,1.27582,-0.91516,1.08512,-0.156201,-0.275423,-0.251534,0.134889,-0.127483,0.791361,-0.180357,0.367838,0.0598507,-0.394586,-0.335391,0.224576,0.185167,0.15488
-9.00961,0.95071,1.44901,1.18989,-1.06657,0.944035,-0.380692,-0.248298,-0.0882709,-0.0168908,-0.375333,0.90415,0.245648,0.514524,0.116603,-0.538377,-0.452418,0.379344,0.496701,0.223492
-8.91892,0.97593,1.2539,1.42595,-1.303,1.26706,-0.268028,-0.159614,-0.19903,0.449924,-0.11049,0.920299,0.203764,0.345038,-0.0371098,-0.301359,-0.513542,0.398058,0.589313,0.102164
-8.35895,1.05274,1.34161,1.33248,-1.20556,1.11147,-0.2527,0.132276,0.0863544,0.503736,-0.318241,0.530577,0.152664,0.21331,-0.2753,-0.136754,-0.343834,0.292587,0.525635,0.0457044
-8.14923,0.853009,1.1816,1.36226,-1.17751,0.991014,0.0362818,0.430921,-0.304826,0.421239,-0.113761,0.496055,0.0223065,0.258525,-0.250506,0.0797677,-0.185925,0.36576,0.434685,0.00495303
-8.09181,0.573698,1.32527,1.21289,-0.830997,1.02711,0.144608,0.375742,-0.596351,0.302772,0.106448,0.315639,-0.109242,0.480101,-0.197271,0.115197,-0.0835951,0.0268703,0.541029,-0.0600254
-8.03197,0.432063,1.19812,1.37652,-0.52847,0.887596,-0.257938,0.24771,-0.593866,0.476922,0.233242,0.393668,-0.171113,0.451862,-0.29214,-0.0110119,-0.0602398,0.110102,0.437125,0.106003
-8.01616,0.757906,1.31287,1.40595,-0.916952,0.442484,-0.436162,0.587798,-0.335474,0.616695,-0.0101069,0.231934,-0.150101,0.483828,-0.302927,0.125417,0.0990162,-0.00774087,0.231376,0.0772172
-8.0554,1.23562,1.07385,0.984565,-0.732453,0.193929,-0.224755,0.754531,-0.479966,0.347136,0.185109,0.171954,-0.223888,0.566609,-0.299683,0.0502088,0.096346,-0.13604,0.410908,0.0371985
-8.20819,1.58054,0.941103,0.989156,-0.762138,0.0953642,-0.159753,0.793624,-0.523242,0.409825,0.233476,0.204108,-0.221377,0.721848,-0.424543,0.0473459,0.163393,0.0877689,0.254003,-0.0917388
-8.69205,1.36853,1.18438,1.08259,-0.64441,0.412017,-0.143764,0.755078,-0.427349,0.2967,0.000108992,0.324441,-0.430046,0.727163,-0.384895,-0.0439557,0.148479,-0.0646274,0.221974,-0.0205413
-9.4352,1.71993,0.900502,1.36272,-0.476198,0.475708,-0.176611,0.967446,-0.437158,-0.206058,0.115593,0.533137,-0.188174,0.642316,-0.512246,-0.0522777,0.0608255,0.0320687,0.266989,-0.125604
-10.6242,2.1406,0.679016,1.08522,0.172892,0.596677,0.278936,0.717702,-0.495695,-0.0683846,-0.253236,0.668489,-0.149595,0.284805,-0.166711,0.0750742,-0.0182084,-0.118328,-0.161909,-0.268832
-9.92465,1.4126,0.916458,1.06514,-0.151782,0.492229,0.248475,0.566233,-0.101984,0.0994881,0.384399,0.234021,-0.157122,0.300734,-0.209467,-0.109945,-0.0747305,-0.142871,0.119037,-0.0997018
-9.49921,1.38208,0.979933,1.20845,0.104936,0.32637,0.0512972,0.688719,-0.200248,0.0808155,0.363617,0.162493,-0.0182789,0.350965,-0.239963,-0.0343693,0.132867,-0.28657,-0.0419701,0.0176671
-9.40924,0.931019,0.555287,0.996715,0.0617063,0.28116,-0.08108,0.581626,-0.282846,0.260688,0.152057,-0.131834,-0.0703082,0.210077,-0.233625,-0.120388,0.112211,0.0432417,-0.0379501,-0.101705
-9.56764,0.878415,0.358152,1.1575,0.0137299,0.338991,0.33975,0.887012,-0.443365,-0.153756,0.176646,0.352709,0.0125253,0.0871077,-0.205273,-0.00888821,0.257155,-0.186747,0.0199386,0.0438614
-9.60806,0.719216,0.235879,1.20223,0.0758947,0.469609,0.358719,0.73362,-0.405278,0.0241625,0.0610319,0.211558,0.014401,0.0891854,-0.295881,-0.371572,0.120382,-0.0188916,0.0108772,-0.0105677
-9.55563,0.554814,-0.0600772,0.941371,-0.0471254,0.360715,0.213481,0.811731,-0.494564,-0.0360172,0.0731246,0.0140187,-0.0461184,0.0311962,-0.279366,-0.450149,0.0925003,0.137685,0.0841631,-0.18546
-9.60264,0.521359,-0.147245,0.74051,-0.0825687,0.192915,0.0623792,0.623166,-0.559714,0.112713,-0.0242504,-0.0929611,-0.0354741,-0.0534921,-0.248423,-0.320907,0.148026,-0.0728025,0.177669,0.0531748
-9.74074,0.48026,0.00246076,0.749298,0.104322,0.114954,0.0173912,0.506752,-0.362128,0.325406,-0.0135964,-0.162748,-0.0883422,-0.251574,-0.146326,-0.299797,-0.0619546,-0.318333,0.0654743,0.11689
-10.222,0.739047,-0.122856,0.720909,-0.128138,0.0519091,-0.0254622,0.77261,-0.255725,0.0821689,-0.129603,-0.227992,-0.182024,-0.269982,-0.495391,-0.295218,-0.0503235,-0.351975,0.141686,0.074035
-9.99094,1.21409,0.363312,0.474049,-0.18508,-0.0562394,0.0906163,0.418079,-0.498607,-0.00749751,-0.161156,-0.237049,-0.0528347,-0.225829,-0.159013,-0.0451173,0.32264,0.0242611,-0.0179571,0.128721
-9.66812,2.05278,0.710586,0.810632,0.325402,0.433272,0.470359,0.49606,-0.0779113,-0.063823,-0.0812332,0.142916,0.0172054,-0.076574,0.0490095,0.239091,0.290291,0.0135352,-0.0593141,0.107755
-10.1018,1.15518,0.514472,0.298841,0.546573,0.609359,0.87469,0.718769,0.29919,0.191409,0.100476,0.204755,-0.192371,-0.174886,0.256171,0.35076,0.244542,0.185319,-0.0199535,-0.0615502
-10.3067,1.70505,0.688643,0.488469,0.618912,0.692381,0.405959,0.199791,0.251949,0.31354,0.0580269,0.0243719,-0.210327,-0.2714,0.129544,0.553589,0.466372,0.162917,-0.127378,0.0343454
-8.36322,1.91789,-0.567993,0.584281,0.18228,0.388183,0.301635,-0.0897126,-0.0631643,0.00356068,0.55351,0.993638,0.782069,0.0806464,-0.386329,0.242439,0.753648,0.0305197,-0.5655,-0.403904
-8.08743,1.37275,-0.487822,0.479042,0.217414,0.58756,0.359901,0.08531,-0.26381,-0.378547,0.235713,1.06212,1.13412,0.429128,-0.349982,0.00676556,0.923375,0.358292,-0.790364,-0.512339
-8.56927,1.50149,-0.444816,0.691209,0.24567,0.570748,0.361088,0.105778,-0.318539,-0.347357,0.050414,1.02561,1.13717,0.477679,-0.520795,-0.0918095,0.923283,0.571424,-0.673848,-0.373924
-9.77274,1.80733,0.00257863,0.786441,0.446151,0.584044,0.401491,-0.0385297,-0.417313,-0.249323,0.102723,0.761263,1.00194,0.25135,-0.410791,-0.0255059,0.901015,0.528283,-0.566868,-0.561229
-10.9933,2.15149,0.0518353,0.871503,0.443286,0.609031,0.415058,0.271184,-0.433975,-0.240297,0.0951144,0.752636,0.836504,0.133278,-0.460976,0.0923868,0.678109,0.517528,-0.279803,-0.398905
-11.2405,2.37767,0.461429,1.0813,0.348983,0.638488,0.49682,0.464369,-0.1948,-0.0701667,0.208922,0.443296,0.233974,0.122076,-0.500722,-0.00398217,0.470369,0.315997,-0.128694,0.0257193
-11.2844,2.03157,0.402334,1.48213,0.426959,0.634479,0.201029,0.217945,-0.239884,0.0985075,0.353964,0.247019,0.102359,0.160014,-0.315008,-0.0543671,0.0894338,0.26855,0.128594,0.408661
-11.0181,2.03446,0.37145,1.26758,0.0191613,0.659687,0.282778,0.267659,-0.172909,0.173163,0.397503,0.633114,0.13598,-0.124517,-0.427972,-0.314198,-0.090757,0.151155,-0.00465492,0.0250979
-11.0075,2.2052,0.338668,0.943306,-0.14777,0.935405,0.354554,0.15054,-0.181456,-0.0601628,0.467518,0.6968,0.0780196,-0.189253,-0.390337,-0.290969,0.0502663,0.339595,-0.0339757,-0.154226
-11.1113,2.07466,0.229019,0.999626,-0.0929584,0.822269,0.404272,0.102981,-0.136929,-0.139686,0.345256,0.72848,0.413303,-0.183071,-0.415103,-0.22604,0.0883371,0.265128,0.0236647,-0.30143
-9.35653,2.04483,0.406965,0.758049,0.0976059,0.530526,0.227266,0.251055,-0.219065,-0.0990158,-0.22803,0.386115,0.203735,-0.0481769,-0.346458,-0.271227,0.0346055,0.0791747,-0.0160547,-0.0564023
-8.07583,1.94961,0.421984,0.945309,0.272319,0.508114,-0.228975,-0.032615,0.000231393,0.287385,-0.17377,0.0177615,0.194262,-0.0805444,-0.143835,-0.403659,-0.00585273,0.169741,0.139032,-0.019955
-7.50478,1.73501,0.794264,1.43064,0.508388,0.411252,-0.221664,-0.0914045,-0.0954842,0.482583,0.266263,0.246663,0.427152,0.0394618,-0.0841604,-0.215429,0.0134507,0.0523442,-0.0914146,-0.0547049
-7.28099,1.91115,0.254421,1.12768,0.438628,0.70221,0.0250106,-0.098625,-0.283812,0.614558,0.793769,0.3884,0.399997,-0.0989784,-0.199912,-0.465548,-0.196756,0.183236,0.0486202,-0.18113
-6.36791,1.49426,-0.189612,1.2798,0.480609,0.689195,-0.203631,-0.22712,-0.240669,0.61582,0.993645,0.773409,0.107145,-0.209059,0.0177017,-0.332502,-0.681446,-0.256534,0.266456,0.123327
-6.74272,1.38749,0.0919512,1.20468,0.316964,0.54605,-0.192122,-0.177518,-0.192852,0.605904,0.737181,0.297978,-0.095566,-0.163559,0.292493,-0.147473,-0.809181,-0.17916,0.364372,0.197496
-7.34273,1.51021,0.202849,0.99314,0.459998,0.644176,-0.0957862,-0.304951,-0.264357,0.841845,0.972017,0.282898,-0.278036,-0.260023,0.192783,-0.0851789,-0.9799,-0.438464,0.259308,0.288448
-7.5423,1.44823,0.33748,0.838027,0.468677,0.533212,0.0360015,-0.230522,-0.406062,0.904296,1.1744,0.207007,-0.297658,-0.24013,0.280325,-0.0483634,-1.13045,-0.437771,0.137841,0.315624
-7.80087,1.46504,0.213958,1.07342,0.569255,0.32658,-0.150482,-0.441969,-0.327809,0.84515,1.00689,0.456361,-0.164704,-0.334769,0.0717525,-0.177578,-1.03452,-0.49021,0.354225,0.4379
-7.79976,1.43809,0.190251,1.20699,0.376264,0.514687,-0.0995637,-0.215845,-0.378749,0.718894,1.02263,0.443654,-0.118001,-0.382267,0.0624764,-0.0297359,-0.964581,-0.206986,0.361487,0.14716
-8.30056,1.72489,0.450334,0.991831,0.281042,0.392756,0.035274,0.0422029,-0.316997,0.524239,0.951652,0.490865,-0.0430042,-0.12139,0.17623,-0.0860576,-0.920393,-0.299046,0.40749,0.0458847
-8.67588,2.048,0.500126,1.15814,0.377609,0.100992,-0.274372,0.0274887,-0.0121652,0.182358,0.96958,0.804011,-0.230069,-0.26894,-0.110911,-0.181821,-0.168842,-0.299722,0.153507,0.0541155
-8.77772,1.90971,0.546103,1.30513,0.519699,0.0970127,-0.466113,0.0393821,-0.0697277,0.474164,1.17435,0.60017,-0.269507,-0.104232,0.0223176,-0.403823,-0.645824,-0.292528,0.281367,0.214721
-8.91683,1.93288,0.369536,1.25148,0.794942,0.497338,-0.248097,-0.349911,-0.255194,0.700125,1.06143,0.228584,-0.144834,-0.176525,0.0747368,0.00950858,-0.854574,-0.327897,0.507199,0.310291
-8.74817,2.29105,0.255718,0.803347,0.59749,0.572856,-0.182698,-0.470923,-0.207883,0.708915,1.22036,0.245743,-0.237745,-0.242641,0.0800142,-0.121857,-0.756454,-0.262053,0.392146,0.471148
-8.77884,2.27803,0.210421,1.17788,0.336222,0.308631,-0.0937153,-0.440562,-0.128601,0.664988,1.0637,0.431105,-0.0117724,-0.0966109,0.0899765,-0.429789,-0.691125,-0.194007,0.449807,0.143374
-8.48246,2.05289,0.0667395,1.14897,0.428084,0.399242,-0.123713,-0.194022,-0.285758,0.725143,1.06999,0.508364,-0.131978,-0.37246,-0.0663964,-0.255415,-0.688126,-0.181045,0.43465,0.193112
-8.87674,1.81068,0.271482,1.20059,0.457759,0.487195,-0.0243996,-0.0679115,-0.116352,0.505472,0.918106,0.464307,-0.045448,-0.397325,0.0142499,-0.286018,-0.554919,-0.0761518,0.268105,0.120478
-9.34359,2.05847,0.158295,1.14613,0.467385,0.618534,-0.0221025,-0.202838,-0.143189,0.742053,1.04171,0.440468,-0.0932892,-0.384166,0.176828,-0.151675,-0.76464,-0.0618986,0.388784,0.0849776
-9.64128,2.28236,0.404275,0.990211,0.4682,0.882453,0.0288483,-0.465843,-0.30105,0.724479,0.882389,0.268041,-0.124868,-0.414013,0.106386,0.0394264,-0.710073,-0.187968,0.208249,0.292312
-10.1391,2.08778,0.527471,1.32545,0.594808,0.507983,-0.366691,-0.184441,-0.127274,0.751162,0.998453,0.225944,-0.0788886,-0.341831,-0.109115,-0.00326847,-0.583832,-0.0607723,0.226783,0.140714
-10.4114,2.07677,0.380151,1.35458,0.446609,0.711697,-0.0238856,-0.0922946,-0.27934,0.630399,0.76155,0.33033,-0.13208,-0.23988,0.133972,-0.0237926,-0.737331,-0.0375023,0.363171,0.00933355
-10.4042,2.07818,0.44791,1.21165,0.274398,0.773538,0.218858,0.0166758,-0.15454,0.476446,0.605575,0.367314,-0.261066,-0.350645,0.194915,-0.0652538,-0.818119,-0.290111,0.302286,0.315739
-10.6658,2.20666,0.235296,1.13594,0.372346,0.485074,0.0344088,-0.0456763,0.223021,0.503761,0.49333,0.506587,-0.0104369,-0.267789,0.0372542,-0.211132,-0.442371,-0.255333,0.302818,0.146868
-10.9516,2.22952,0.57039,1.19242,0.283513,0.68747,0.0299489,-0.0717674,-0.176908,0.393238,0.7469,0.403025,-0.40566,-0.0588816,0.238194,-0.121575,-0.560001,-0.166578,0.272119,0.192856
-10.7334,2.17828,0.127403,1.43245,0.293084,0.690759,-0.152706,-0.16201,-0.0633252,0.396149,0.861782,0.292904,-0.118822,-0.231575,0.126248,-0.087162,-0.515974,-0.231653,0.215039,0.191771
-11.1641,2.21441,0.192408,1.197,0.345008,0.539627,-0.235698,-0.433026,0.169332,1.01133,0.744818,0.316094,-0.237999,-0.0788255,0.278178,-0.116831,-0.329535,-0.327575,0.248131,0.133686
-11.3811,2.38122,0.275611,1.20943,0.227516,0.553878,-0.0782165,-0.17976,-0.100641,0.635689,0.803226,0.491454,-0.226905,-0.168889,0.101552,-0.533396,-0.431436,0.0130209,0.39211,-0.0576698
-10.5763,2.12378,0.0389959,1.1652,0.281656,0.676005,-0.0777495,-0.278957,-0.331094,0.396735,0.720802,0.615654,-0.0593138,-0.0473361,-0.030512,-0.185256,-0.432054,-0.132076,0.204743,0.235314
-10.4616,1.84173,0.156969,1.2452,-0.0462729,0.356408,0.069834,0.0227459,-0.473155,0.387854,0.98333,0.641602,-0.132629,-0.109387,-0.131165,-0.144487,-0.550563,0.139946,0.469943,0.186816
-10.678,1.97344,0.379357,1.16518,0.0465269,0.911412,0.14336,-0.192903,-0.133506,0.646425,0.867066,0.272726,-0.276149,-0.212513,-0.245391,-0.20936,-0.554825,-0.240099,0.115705,0.269369
-10.7837,2.1163,0.103547,1.18694,0.22075,0.786159,-0.0039364,-0.132119,-0.0513605,0.569438,0.715897,0.319703,-0.241039,-0.287395,-0.180991,-0.334828,-0.561146,0.0165626,0.216369,0.277358
-10.9395,2.11605,0.0954637,1.16665,0.148329,0.759755,0.281127,0.189625,-0.190944,0.38657,0.749289,0.242723,-0.393906,-0.167995,-0.306503,-0.247046,-0.429588,0.0834798,0.184245,0.135432
-11.1528,2.24259,0.311729,1.28015,0.0853902,0.764991,0.288135,-0.06191,-0.337979,0.481952,0.812542,0.318439,-0.136159,-0.297553,-0.319368,-0.250299,-0.502413,0.0230066,0.24878,0.211793
-11.5821,2.03095,0.359666,1.34163,0.0560984,0.735031,0.133858,0.259067,0.0386909,0.38083,0.582053,0.388179,-0.14533,-0.0777053,-0.341188,-0.373042,-0.409123,0.0299044,0.169833,0.134
-11.751,2.11052,0.102668,1.29874,0.158982,0.776063,0.177211,0.257349,-0.205123,0.300721,0.719056,0.457764,-0.0120556,-0.172712,-0.395352,-0.300054,-0.486032,0.0088938,0.245558,0.31296
-11.7978,2.29619,-0.00542806,1.42679,0.248978,0.667512,0.11832,-0.0260874,-0.368705,0.341192,0.831491,0.559236,-0.00940218,-0.042619,-0.188525,-0.420766,-0.534022,-0.0520998,0.371619,0.24721
-11.7446,2.34239,0.0713366,1.2687,0.0556256,0.777113,-0.00286866,-0.0504066,-0.237178,0.308924,0.905427,0.663347,-0.25636,0.0467588,0.0529173,-0.277909,-0.516131,-0.0200026,0.173361,0.194855
-12.1888,2.39379,0.184474,1.36939,0.0818479,0.604024,-0.0858281,-0.030565,-0.165389,0.344692,0.90571,0.514769,-0.151934,0.0306319,0.0384577,-0.129279,-0.439542,-0.0890604,0.186885,0.32067
-12.38,2.60044,0.378004,1.11009,0.0908711,0.804052,-0.14595,0.0201234,-0.164759,0.381359,1.00388,0.571156,-0.249314,0.0721363,-0.0688743,-0.488854,-0.5556,-0.0389967,0.119956,0.319424
-12.4597,2.39177,0.302038,1.16942,-0.036663,0.609199,-0.0428737,0.220677,-0.312296,0.48023,0.742832,0.555427,-0.118076,0.149572,-0.0656978,-0.213074,-0.484415,0.0761433,0.296748,0.0565629
-12.5689,2.27488,0.119104,1.36202,0.139071,0.330446,-0.132087,0.100182,-0.266183,0.560671,0.476905,0.264236,-0.397789,-0.14887,0.18841,-0.202471,-0.562426,-0.131244,0.0582881,0.207402
-9.33325,1.47206,0.556457,1.18666,0.216095,0.396839,-0.239237,-0.0478571,-0.118988,0.251061,0.0345615,-0.249669,-0.161238,-0.187456,-0.241872,-0.00151462,-0.0689682,-0.0600287,-0.0726352,0.0479602
-8.15199,1.75682,0.781131,1.30843,0.125462,0.4722,-0.081412,0.074202,-0.111744,0.356872,0.471392,0.0378892,-0.155146,0.0238697,-0.132268,0.0538332,-0.0912112,-0.0796296,-0.0219518,0.11063
-7.85425,2.05545,0.99248,1.37222,0.344813,0.757803,-0.225435,0.210789,0.0210482,0.298067,0.533541,0.370459,0.0891052,-0.00859222,-0.0116696,-0.0585861,-0.143918,0.00530389,-0.0787686,0.131085
-8.29117,2.03134,0.855898,1.26568,0.302521,0.398446,-0.17187,0.312822,-0.0863644,0.345817,0.772471,0.353445,0.291829,-0.14346,-0.288129,-0.0227591,-0.245292,-0.0910881,-0.0108018,0.074283
-8.52749,2.01826,0.683186,1.26875,0.133647,0.526135,-0.151348,0.174496,-0.0438412,0.410337,0.859722,0.508343,0.181405,-0.151122,-0.130017,-0.0436068,-0.428677,-0.213967,0.0705164,0.103577
-8.81251,2.08287,0.756566,1.36655,0.302122,0.570289,-0.236718,0.234013,0.053353,0.310862,0.768103,0.522638,0.173838,-0.169434,-0.141228,-0.275024,-0.248493,-0.240737,-0.123894,0.094801
-9.10793,2.07389,0.746199,1.30846,0.371372,0.635618,-0.259625,0.241299,0.0736463,0.386865,0.772763,0.487051,0.203962,-0.156021,-0.228244,-0.345042,-0.294476,-0.21965,-0.090887,0.200164
-9.46781,2.13792,0.694732,1.39235,0.269769,0.507135,-0.0441837,0.417156,-0.201944,0.448199,0.700813,0.435217,0.325277,-0.01542,-0.162283,-0.346601,-0.310003,-0.149878,0.0515679,0.189999
-9.4504,2.4217,0.587707,1.31687,0.348533,0.500909,-0.304304,0.57803,-0.0156588,0.188257,0.680886,0.504009,0.213692,0.00759928,-0.316917,-0.439812,-0.0971891,-0.193409,-0.0808767,0.161732
-9.72847,2.47057,0.428026,1.38036,0.268929,0.534585,-0.169755,0.437373,-0.241,0.203297,0.721406,0.635102,0.184101,0.0674568,-0.282117,-0.266844,-0.166477,-0.246976,-0.0128703,0.194654
-10.333,2.71696,0.380042,1.28334,-0.11638,0.419171,0.101996,0.450307,-0.367542,0.261067,0.707572,0.78203,0.0549211,0.26524,-0.0936214,-0.241998,-0.160625,-0.147777,0.172318,0.0551031
-10.5015,2.92092,0.339316,1.48016,0.335665,0.442981,-0.157611,0.305981,-0.0960048,0.124914,0.531678,0.67809,0.264992,0.0774882,-0.411752,-0.356427,-0.146152,-0.0071133,-0.0998966,0.152079
-10.6626,2.85558,0.322056,1.34126,0.138903,0.583076,0.00549733,0.315917,-0.229924,0.239219,0.64948,0.817478,0.182013,0.0550288,-0.312479,-0.265238,-0.21731,-0.011272,-0.0817452,0.117355
-10.986,2.84689,0.291385,1.43367,-0.0564605,0.54192,-0.176966,0.655493,-0.208285,0.240294,0.489419,1.00867,0.194215,0.189549,-0.230068,-0.210485,-0.230156,-0.0711656,0.0337067,0.116493
-10.8947,3.01447,0.365034,1.28131,0.135999,0.527438,-0.210753,0.380406,0.0325913,0.245795,0.469649,0.706131,0.262401,-0.106072,-0.293532,-0.164112,-0.0169583,-0.0435595,-0.0396466,-0.0616394
-11.1791,2.96288,0.255966,1.25257,-0.00429985,0.654501,-0.167041,0.38651,-0.140721,0.334216,0.528407,0.76838,0.236911,0.0188953,-0.136671,-0.162193,-0.121122,-0.0165235,-0.0830344,0.0909991
-11.402,2.97532,0.436498,1.21414,0.0259759,0.399026,-0.0986023,0.52509,-0.062852,0.29587,0.536021,0.60635,0.172213,-0.0386845,-0.208511,-0.113844,-0.178788,0.0541434,0.108075,0.118315
-10.8212,2.29025,0.627853,1.28437,0.179974,0.534359,0.0135902,0.218239,0.102893,-0.0326704,0.528248,0.562695,0.366402,-0.185743,-0.239975,-0.232227,-0.0412197,-0.1986,-0.100771,0.0818396
-10.7812,2.02718,0.476051,1.40309,-0.0285876,0.642786,0.209512,0.223541,0.0387926,0.00240868,0.473272,0.365216,0.601838,0.300028,0.0241158,-0.368976,-0.116556,-0.334021,-0.0686128,0.155199
-10.1108,1.85096,0.515916,1.3975,-0.287339,0.543397,0.135928,0.193862,0.0179401,0.12117,0.795511,0.478634,0.344183,-0.121934,-0.331496,-0.196964,0.0978148,-0.26312,0.0616311,0.245839
-10.04,1.88417,0.404681,1.44788,-0.00471258,0.529424,0.0869064,0.262917,0.272505,0.171245,0.519349,0.311527,0.237873,-0.0412028,-0.321637,-0.250644,0.0357245,-0.365527,0.0768349,0.202596
-10.2508,1.96142,0.419604,1.08776,-0.271929,0.500837,-0.0965687,0.321139,0.125006,0.0717509,0.8923,0.382821,0.4569,0.221884,-0.138671,-0.400281,0.0891189,-0.210324,0.221845,0.177087
-10.2016,1.93518,0.248424,1.24973,-0.0671846,0.494348,-0.281991,0.550989,0.031059,-0.106411,0.844685,0.522945,0.199567,0.16094,-0.0527544,-0.598364,0.175106,-0.331818,0.00157839,-0.00470532
-10.3895,2.24302,0.335397,1.2704,0.161636,0.393429,-0.282466,0.372128,-0.0601116,-0.252595,0.400418,0.410379,0.204761,-0.0138211,-0.057889,-0.41848,-0.0414121,-0.120102,-0.18761,0.137295
-10.9996,2.11131,0.406602,1.37527,0.129221,0.50761,-0.262668,0.525527,-0.117989,-0.124178,0.400671,0.474944,0.133567,-0.141595,-0.138377,-0.202423,0.179185,-0.166435,-0.237914,0.224268
-11.4061,2.41066,0.645542,1.45662,0.247694,0.445939,-0.208855,0.377548,-0.0299826,0.154003,0.0766158,0.376696,0.169605,-0.313191,-0.393129,-0.219177,0.14506,-0.0523399,-0.358614,0.0568712
-10.7528,1.66685,0.0416729,1.37929,0.652321,0.872959,-0.614749,0.414455,0.248552,0.102798,0.312957,0.335338,0.0426154,-0.173767,-0.306327,-0.284661,-0.138644,-0.129178,-0.0244449,0.134676
-10.188,1.96853,-0.360017,0.885023,0.494988,0.888026,-0.773817,0.273891,0.381517,0.0664465,0.134666,0.347095,0.133031,0.0700381,-0.408371,-0.0531951,-0.0573416,0.142371,-0.104172,0.180231
-10.3058,2.29544,-0.523349,0.489019,0.463573,1.07488,-0.799125,0.437294,0.334228,0.273493,0.342745,0.336481,0.23336,-0.0886439,-0.374735,-0.168207,-0.245936,0.0679669,-0.25939,0.0706982
-11.1173,2.59558,-0.158987,0.708209,0.405808,0.939077,-0.551042,0.0692477,0.20495,0.285103,0.258265,0.372119,0.237004,0.065157,-0.238885,-0.265821,-0.256091,0.218879,-0.129571,-0.00620089
-11.7297,2.64578,0.213276,1.06857,0.22387,0.78592,-0.16968,-0.0865164,-0.0720925,0.275709,0.354934,0.24761,0.175015,0.0122027,-0.235373,-0.170876,-0.308657,0.106366,-0.205379,0.0530628
-12.0545,2.57456,0.633105,1.0814,0.165122,0.749721,-0.309066,-0.11191,-0.192749,0.0459036,0.495444,0.382222,-0.0140424,-0.0138736,-0.130063,-0.330877,-0.268297,0.337195,0.00732472,0.197449
-12.2953,2.2596,0.329256,1.18973,0.382387,1.08038,0.0515196,0.0196993,-0.172324,0.343008,0.608693,0.63021,-0.213421,-0.263095,-0.3817,-0.423486,-0.546111,0.209678,-0.0547746,0.191944
-12.2546,2.61872,0.4274,1.42,0.283339,0.735668,-0.276986,-0.0543853,-0.139519,0.390031,0.314094,0.432774,-0.035757,-0.0906728,-0.349393,-0.201801,-0.0414866,0.135419,0.0584958,0.319145
-12.7302,2.41521,0.376997,1.45588,0.397895,0.871355,-0.152097,-0.0906172,0.00171413,0.494815,0.548031,0.438098,-0.0213707,-0.0869347,-0.219902,-0.353262,-0.215501,0.0463016,0.071772,0.0942095
-12.8208,2.37355,0.503899,1.58911,0.183949,0.383573,-0.125147,0.22794,0.0922521,0.547751,0.598408,0.3317,-0.00135095,0.158674,-0.240298,-0.529962,-0.420916,0.0476776,0.113399,-0.0778606
-12.3171,2.85883,0.497115,1.35237,0.20321,0.463253,-0.439108,-0.0115084,0.098923,0.323127,0.201343,0.234036,-0.0523168,0.258176,-0.00513767,-0.250606,-0.475056,-0.124504,0.0452663,0.0492091
-11.4814,2.7702,0.258941,1.16495,0.037931,-0.00984482,-0.635515,0.238115,0.442029,0.426825,0.109113,0.448299,0.181615,0.164729,-0.125271,-0.229699,-0.184332,0.0315065,0.0940037,0.120557
-10.3357,2.25321,0.173519,1.17146,-0.189542,-0.219272,-0.295139,0.507535,0.262112,0.351818,0.122299,0.336685,-0.115018,-0.0240998,-0.152173,-0.404677,0.0872729,-0.0383151,0.0389467,0.213163
-10.204,2.06813,-0.0251394,1.08826,-0.274413,-0.415015,-0.199134,0.562795,0.405252,0.228052,0.272491,0.089336,-0.113738,0.226032,-0.0246694,-0.357111,-0.0469053,0.0737773,0.0787451,0.231241
-9.60666,1.89485,0.0986988,0.795903,-0.60285,-0.428225,0.147075,0.620826,0.383408,0.54438,0.43062,0.0368813,-0.196818,0.0128895,-0.00815084,-0.339332,0.210452,-0.0808649,0.07318,0.16303
-9.77538,1.70919,0.187673,1.18459,-0.654036,-0.293939,0.387983,0.326897,0.119893,0.361603,0.510246,0.167649,-0.200861,0.158858,0.169583,-0.323362,0.371527,-0.0459024,0.0287902,-0.111125
-9.46393,1.31899,-0.0793821,0.953807,-0.584882,0.0837399,0.394435,0.286353,0.381207,0.487454,0.475096,-0.180157,-0.146818,-0.133529,0.0437608,-0.291789,0.0835959,-0.101173,-0.221074,0.0315421
-9.37897,1.27116,0.0333979,0.963243,-0.572771,-0.121882,0.287091,0.592176,0.351491,0.387781,0.55215,-0.00963392,-0.232599,-0.0826511,0.062873,-0.219733,0.235024,-0.26328,-0.357489,-0.0621517
-10.2272,1.52513,-0.117229,1.19938,-0.513446,0.00531634,0.256441,0.185395,0.130048,0.352673,0.310088,-0.222847,-0.328497,-0.0590345,-0.0304913,-0.179755,0.245186,-0.323948,-0.276082,0.169574
-10.9671,1.89158,0.189019,0.964242,-0.578887,-0.0786111,0.170527,0.320556,0.279726,0.552637,0.394883,-0.0803036,-0.18341,-0.0821246,0.058395,-0.277433,0.207231,-0.119725,-0.235364,0.104786
-11.9004,2.28073,-0.0735733,1.01751,-0.742432,0.116469,0.0365884,0.283247,0.110425,0.126985,0.104057,0.348532,-0.0996298,-0.126792,-0.337899,-0.435997,-0.0949942,-0.0565086,0.019921,0.134879
-12.8177,2.22029,0.0355643,1.32713,-0.291401,0.433093,0.101801,0.204758,-0.0166973,0.148211,0.298077,0.532932,-0.0873195,-0.187643,-0.459213,-0.536744,-0.203056,0.0244644,0.00826924,0.157806
-12.8078,1.96432,0.067022,1.36932,-0.0295264,0.338813,0.195481,0.130237,0.0176461,0.122454,0.279867,0.526643,0.230477,-0.0905796,-0.486365,-0.347178,-0.333363,-0.0355529,0.0581402,-0.0555086
-12.6228,1.66365,0.43224,1.16799,-0.00194761,0.268383,0.335152,-0.166317,0.147365,0.0806371,0.319821,0.437579,0.180151,-0.11511,-0.230319,-0.355264,-0.465132,-0.134203,0.314223,-0.11973
-11.7392,1.34597,0.394641,1.34072,-0.161006,0.197012,0.55754,-0.0329507,0.175045,0.216752,0.403415,0.102401,-0.00788507,-0.204025,-0.348646,-0.0820707,-0.333735,-0.223222,0.106637,-0.0252447
-11.717,0.960642,0.495994,1.24563,-0.202883,0.293128,0.548527,0.0896456,0.12251,0.460213,0.316093,0.164327,0.26053,-0.206542,-0.302576,-0.146152,-0.274991,-0.468643,0.100891,0.0849019
-11.3686,1.11738,0.387273,1.12531,-0.164921,0.324388,0.605121,-0.0647757,0.0976024,0.2332,0.445277,0.180889,0.0746485,-0.198641,-0.320168,-0.11375,-0.151005,-0.216562,0.254635,-0.258905
-11.2262,1.17475,0.403732,1.22612,-0.364396,0.261589,0.513384,0.0809824,-0.0926023,0.102996,0.26926,0.102019,0.213296,-0.0416751,-0.238081,-0.0986906,-0.0175497,-0.480233,-0.0440796,-0.138139
-11.5565,1.11193,0.562904,1.2433,-0.212521,0.333135,0.314215,0.210607,-0.0439979,0.0291599,0.231474,0.288089,0.436958,-0.197952,-0.378995,0.0177089,0.0225031,-0.42607,-0.0797185,-0.0307359
-10.9381,1.47037,0.691684,1.01843,-0.566733,0.0503991,0.446476,0.317737,0.00316264,-0.0470429,0.0939168,-0.313805,-0.0743735,-0.0979456,-0.0600805,0.221021,0.209756,-0.190477,0.139842,0.104685
-10.712,1.26796,0.600809,0.983364,-0.0403985,0.170946,0.179741,0.27952,-0.113673,-0.0244631,0.282954,0.0186753,-0.219924,-0.0563654,-0.0562525,0.141225,0.161179,-0.0473348,-0.0164311,-0.064739
-10.5105,1.27285,0.771051,0.460915,-0.0558448,-0.0671956,0.454659,0.148118,-0.0372184,0.267177,0.254901,0.0910593,-0.386512,-0.175469,0.172328,0.425669,0.315883,-0.132727,-0.253359,-0.12494
-10.6718,1.44133,0.498153,0.316407,0.15443,0.388594,0.260814,-0.0815255,-0.077223,0.275625,0.305192,0.0731447,-0.195122,-0.406103,-0.0729497,0.442038,0.29932,-0.0525986,-0.284296,0.0553016
-8.94765,1.7441,-0.705204,0.113891,-0.053533,0.288429,0.16405,-0.0990064,-0.138579,0.118208,0.478904,0.754848,0.656025,-0.0543979,-0.4527,0.0382683,0.451656,-0.149772,-0.640563,-0.361468
-8.26289,1.17574,-0.744812,0.477373,-0.0840357,0.305074,0.0298911,-0.165321,-0.517706,-0.382876,0.201423,1.00076,0.994757,0.118922,-0.6701,-0.206954,0.705807,0.290165,-0.808035,-0.590472
-8.93501,0.974633,-0.77893,0.511009,0.130776,0.459282,0.165198,0.0143228,-0.596478,-0.720869,0.0140595,0.835404,0.848899,0.144522,-0.675792,-0.0702318,0.863782,0.34394,-0.74657,-0.582206
-9.93411,1.30658,-0.377405,0.575417,0.176009,0.300296,0.0677052,-0.0143842,-0.557645,-0.468972,0.150196,0.766895,0.873164,-0.0278903,-0.746154,-0.267046,0.531917,0.176322,-0.802156,-0.542842
-11.1334,1.57704,-0.236023,0.724563,0.0449234,0.403957,0.16687,0.308711,-0.357119,-0.341326,0.272729,0.794098,0.777569,-0.0125958,-0.889785,-0.289258,0.338728,-0.013963,-0.530528,-0.579903
-11.9527,1.64048,0.0352257,0.953077,0.135284,0.515157,0.368809,-0.0982759,-0.270794,-0.0439257,0.250301,0.252697,0.331053,0.0495811,-0.700355,-0.306315,0.179456,0.0753862,-0.198506,-0.40325
-12.4362,1.92529,-0.0165095,1.15984,0.446041,0.451854,0.32632,-0.155408,-0.225385,0.123214,0.0731541,0.153053,0.220758,-0.0101771,-0.456438,-0.212732,-0.0909467,-0.0426795,-0.22045,-0.247303
-12.8619,2.14627,0.217158,1.01221,0.315431,0.66545,0.0470431,-0.091051,0.019587,0.0743219,0.0819106,0.402067,0.277739,-0.2089,-0.439573,-0.165734,-0.197968,-0.081759,-0.258819,-0.393768
-11.721,2.73159,0.766245,1.64614,0.753204,0.944381,0.888494,0.484068,-0.322097,-0.0681404,0.208254,0.586743,0.50348,-0.104047,-0.305686,-0.0176387,0.394571,0.407019,-0.013994,-0.200177
-11.738,2.63518,0.492457,1.67372,0.726817,1.10126,0.601847,0.194547,-0.328973,-0.00329042,0.382768,0.863912,0.810124,0.14085,-0.359789,-0.21742,0.0765059,0.393309,0.102905,-0.221841
-10.2864,2.24133,0.517374,0.991491,0.365304,0.640013,0.650554,0.595664,-0.0666593,-0.00648572,0.0739191,0.409535,0.6728,0.265065,-0.414894,0.0557781,0.198622,0.142304,-0.18179,0.0613822
-8.40156,1.91805,0.555727,1.12056,0.18416,0.61296,0.119618,0.0423613,-0.118162,0.111167,0.227039,0.174086,0.522474,0.000996389,-0.158081,0.240813,0.129557,0.247756,0.200661,0.23434
-7.69522,1.7809,0.87137,1.18665,-0.098651,0.366075,0.122956,0.136927,0.0415085,0.0884217,0.280398,0.345209,0.438469,-0.123848,-0.114882,0.12116,-0.0170662,0.228863,0.201129,0.25121
-7.21113,1.9589,0.303934,0.922632,0.156774,0.700035,0.138429,-0.075219,0.000120691,0.221528,0.538844,0.30371,0.629723,-0.11248,-0.267348,-0.112634,-0.0599143,0.392625,0.159984,-0.152502
-6.4532,1.73458,-0.0187059,1.03425,0.357308,0.743824,-0.334468,-0.440136,0.0419408,0.539522,1.06477,0.581479,-0.0551897,-0.335866,0.142072,-0.110166,-0.53651,0.288578,0.380061,-0.156857
-6.98607,1.49062,0.0621512,1.11356,-0.0169913,0.662083,-0.156106,-0.275657,-0.0529617,0.811614,1.09867,0.39724,-0.266714,-0.290903,0.253265,-0.245293,-0.867313,0.0466607,0.691104,-0.0270395
-7.17333,1.59865,0.237264,1.29063,0.24441,0.611199,-0.00191846,-0.412875,-0.187069,0.917773,1.03617,0.375035,-0.322515,-0.274008,0.344102,-0.0797326,-0.894589,-0.0883892,0.571333,0.212306
-7.42591,1.64014,0.315788,0.727682,0.256583,0.557437,-0.00533492,-0.482029,-0.158442,0.918516,1.21993,0.222388,-0.266647,-0.186543,0.532023,-0.151852,-1.11275,-0.164349,0.265443,0.190222
-7.61609,1.77507,0.472221,0.946266,0.317061,0.585015,-0.0333848,-0.562738,-0.185212,1.08377,0.989018,0.316506,-0.187279,-0.0428185,0.512122,-0.0660606,-0.854354,-0.104122,0.453333,0.180249
-7.91116,1.71988,0.426025,1.28189,0.469221,0.653492,-0.169918,-0.441719,-0.142707,0.919835,0.894871,0.463329,0.100086,-0.291421,0.543246,0.112316,-1.07847,-0.287847,0.378627,0.172841
-8.25602,1.73427,0.77801,0.95642,0.138004,0.566362,0.00232224,-0.0431125,-0.146726,0.601119,1.02214,0.580478,-0.0871015,-0.292063,0.677419,0.241379,-1.00133,-0.150789,0.566726,-0.0507359
-8.86665,1.90392,0.929012,1.38568,0.360979,0.312286,-0.225735,-0.0922364,0.113534,0.390276,1.02797,0.618168,-0.0856776,-0.405886,0.368238,-0.0512195,-0.425324,-0.238636,0.31056,0.117623
-8.94363,2.04821,0.67219,1.213,0.270876,0.357234,-0.318636,-0.00752542,0.0397028,0.570538,1.08148,0.674646,-0.169176,-0.146471,0.31859,-0.302996,-0.491842,-0.176154,0.282413,0.0702401
-8.88072,2.0176,0.505373,1.35337,0.548909,0.600296,-0.197468,-0.301279,-0.0999136,0.900468,1.15536,0.418397,-0.219908,-0.353121,0.3213,0.00981038,-0.734089,-0.00212572,0.568632,0.175835
-9.09606,2.1002,0.324492,0.670652,0.592014,0.775043,0.075805,-0.393461,-0.0855257,0.90357,1.11889,0.307482,-0.171801,-0.088795,0.438775,-0.208355,-0.892076,0.010937,0.567858,0.311276
-9.05944,2.44293,0.129318,0.874895,0.329288,0.482577,0.165321,-0.138116,0.00698081,0.641259,1.00615,0.610656,-0.104766,-0.0268839,0.371891,-0.0102787,-0.685758,-0.188805,0.402482,0.180953
-8.90648,2.22282,0.0822684,1.21198,0.439858,0.384181,0.0416585,-0.0290104,-0.0609429,0.571511,0.745231,0.489054,-0.117141,-0.178083,0.354916,-0.0629593,-0.498539,-0.153795,0.20887,0.0949191
-8.69202,1.78378,0.141333,1.22048,0.284088,0.333356,-0.114831,-0.13692,-0.00348879,0.641243,0.611209,0.394862,-0.174674,0.0269079,0.430167,0.204063,-0.49945,-0.473678,0.138405,0.195754
-7.94856,1.91077,-0.0984077,1.21803,0.377462,0.288943,0.0618841,0.100479,-0.0580553,0.634582,0.423617,0.436775,-0.14059,0.0726696,0.304316,0.248028,-0.130689,-0.4593,-0.0595457,0.136233
-8.21408,1.73503,-0.33768,1.05914,0.541626,0.364448,0.161606,0.315262,-0.0567709,0.443755,0.619302,0.377858,-0.0872112,-0.116086,0.230354,0.339164,0.0781269,-0.291624,-0.0682759,0.071588
-8.99616,1.6333,-0.145645,1.11676,0.529952,0.469718,0.228036,0.286219,-0.0373228,0.0771672,0.61265,0.379455,0.0756234,0.0396024,0.340311,0.16553,-0.12404,-0.0857035,0.0311595,-0.0588802
-9.74157,1.90948,0.185482,1.14183,0.274278,0.373377,0.264024,0.374205,0.0482904,0.0491114,0.616598,0.51595,-0.0699675,-0.248932,0.285357,-0.0116162,-0.297407,-0.0169682,0.173213,-0.0929335
-10.0517,1.58864,0.245166,1.31849,0.266021,0.520207,0.40798,0.289123,0.0235484,0.346801,0.868225,0.242558,-0.303352,-0.374296,0.384395,0.166618,-0.251571,0.0417815,0.402628,-0.0521453
-10.4337,1.58349,0.257676,1.25212,0.410093,0.911706,0.460589,0.0178137,0.00976991,0.303374,0.589258,0.377126,-0.178512,-0.442224,0.103465,0.0696991,-0.340484,-0.0344676,0.609927,0.100153
-10.2913,1.97766,0.150118,1.19102,0.378308,0.621925,0.163541,0.153378,-0.0604204,0.268602,0.600177,0.629862,-0.084502,-0.131464,0.118352,0.0134001,-0.532072,-0.306641,0.453242,0.257047
-10.2294,2.07207,0.188084,1.26513,0.156349,0.448915,0.0519381,0.215428,0.0928212,0.256456,0.66297,0.409054,-0.0857871,-0.0309879,0.193895,0.161307,-0.353109,-0.23893,0.210119,0.129982
-9.99145,2.34384,-0.00963431,1.02375,0.223569,0.0585475,0.0632197,0.115364,0.222498,0.412734,0.610058,0.440868,-0.462829,0.209405,0.341458,0.097827,-0.403464,-0.26621,0.209013,0.219525
-10.26,2.34787,0.23628,0.802441,0.130342,0.191652,-0.0190644,0.254416,0.283313,0.298729,0.686376,0.318459,-0.40754,0.201986,0.135563,0.0724593,-0.248679,-0.0237447,0.157218,0.188326
-10.4234,2.39313,0.0863878,1.01313,0.119129,0.00640294,0.13244,0.328984,0.34655,0.286138,0.392171,0.329269,-0.509055,0.331468,0.162076,0.263558,-0.461609,-0.153886,0.131542,0.214862
-10.4414,2.07995,0.349659,0.831124,-0.198142,0.50214,0.549232,0.475199,-0.245835,0.251245,0.266262,0.480069,-0.226704,0.387068,-0.0794806,0.164125,-0.194123,-0.105971,0.168761,0.15422
-10.2156,1.88233,0.225348,0.798572,-0.0753096,0.657533,0.539399,0.527047,-0.116715,0.242153,0.380318,0.303141,-0.288076,0.243475,0.0388224,0.292221,-0.13473,-0.0956653,0.138495,0.205095
-9.80677,1.45893,-0.277761,0.58698,0.325868,0.684811,0.588192,0.760279,-0.175913,0.342234,0.229343,0.332302,-0.421067,0.41765,-0.0650762,-0.103754,-0.101595,0.000440903,0.210339,0.234201
-10.1849,1.7612,0.0614,0.445069,-0.0591704,0.844314,0.52679,0.606819,0.0343037,0.498722,0.326598,0.227976,-0.284537,0.0190093,-0.0950809,-0.150762,-0.10483,0.0324061,0.166042,0.244793
-10.7227,1.89541,0.0879806,0.833745,0.0341787,0.368723,0.21209,0.615866,-0.0654505,0.480555,0.257519,0.407276,-0.267409,0.096154,0.0939926,-0.15341,0.0531283,-0.0339508,0.11002,0.190136
-10.9052,2.22243,-0.0603943,0.858393,0.140591,0.564347,0.262909,0.476215,-0.0995603,0.139407,0.327155,0.349735,-0.156373,0.179884,0.0108283,-0.0390155,-0.0934478,-0.0658498,0.34641,0.0854072
-11.7074,2.26496,0.104198,1.02518,0.291404,0.782267,0.49851,0.26945,-0.243681,0.133988,0.341295,0.297354,-0.230304,-0.0092728,0.283558,0.0214163,-0.353632,-0.050776,0.353569,-0.15004
-12.5339,2.17735,0.217639,1.33046,0.483133,0.731924,0.0525735,0.0820022,-0.264919,0.308239,0.529036,0.675665,-0.108732,-0.270767,-0.15864,-0.0472614,-0.192461,0.123607,0.80305,0.294331
-12.3981,2.24085,0.253264,1.48271,0.480027,0.940557,-0.104002,-0.0367534,-0.0602681,0.215671,0.580255,0.537887,-0.054026,-0.211447,-0.201406,-0.171498,-0.508287,0.253687,0.535831,0.155172
-12.5434,2.36669,0.20603,1.41302,0.222713,0.911537,0.093067,-0.141749,0.0385226,0.163634,0.517297,0.372814,0.0803841,0.140992,-0.0561039,-0.165858,-0.252381,0.289219,0.319017,0.28407
-12.4528,2.48511,0.0679709,1.18165,0.218479,0.63008,0.144352,-0.00492042,0.101669,0.226441,0.450881,0.501439,-0.11534,0.125496,0.0942084,-0.0523772,-0.300524,0.243856,0.395201,0.20718
-12.7068,2.44057,0.117087,1.47819,0.328048,0.687777,-0.00576119,-0.102434,0.0702032,0.433367,0.639896,0.322601,0.0249545,0.205717,0.185042,-0.294265,-0.408596,-0.0254868,0.373579,0.289228
-12.9073,2.16155,0.0278648,1.46825,0.284725,0.875495,0.0677674,-0.0296228,0.0702472,0.414317,0.586608,0.392476,-0.132469,-0.077023,0.378454,-0.137594,-0.405007,0.0165103,0.562429,0.266584
-9.76943,1.45943,0.52531,1.10203,0.249625,0.618735,-0.0313181,-0.0930036,-0.452597,-0.0263184,0.166255,0.10771,0.140124,-0.0893897,0.0595355,0.181792,-0.097655,0.108947,0.00916577,0.200817
-8.54918,1.39823,0.186316,1.14779,0.252992,0.57571,-0.0978966,-0.0904677,-0.21508,0.106867,0.244029,-0.00594178,0.293841,-0.12571,-0.212926,-0.0273978,-0.185184,-0.00512758,-0.0730474,-0.234636
-7.58441,2.14866,0.954392,1.45442,0.5,0.740368,0.00502334,-0.136705,-0.161463,-0.0435148,0.4415,0.207411,0.394828,-0.116925,-0.160028,0.117498,-0.191641,0.165232,0.21582,-0.00467924
-8.22458,2.12494,0.872629,1.53843,0.463715,0.845454,-0.00826682,-0.153998,-0.276695,0.10241,0.541031,0.285972,0.396059,-0.0557905,-0.155128,-0.0976816,-0.314323,0.325566,0.171294,-0.151145
-8.34442,2.16795,0.828838,1.26122,0.393885,0.794174,-0.175589,-0.120642,-0.101442,0.298646,0.644721,0.169111,0.189649,-0.222705,-0.096851,-0.0641579,-0.0863701,0.229382,0.132799,-0.0409834
-8.75575,2.15903,0.853472,1.41199,0.346186,0.717937,0.0048222,-0.0430808,-0.187791,0.202485,0.5189,0.153778,0.135275,-0.189162,0.00458646,-0.317515,-0.326181,0.306511,0.29342,-0.171148
-8.98196,2.20904,0.788146,1.40664,0.476764,0.719049,0.205043,-0.0248107,-0.111113,0.36517,0.505927,0.280527,0.199922,-0.346511,-0.0611241,-0.301449,-0.092462,0.283576,0.250502,0.0124455
-9.37342,2.29021,0.952182,1.42545,0.441402,0.774589,0.0695709,0.0052643,-0.0394416,0.382323,0.524583,0.24306,0.231457,-0.532309,-0.16326,-0.411446,-0.0819841,0.440138,0.343516,0.102005
-9.4589,2.42547,0.95027,1.40524,0.476131,0.688447,0.112137,0.141395,-0.161457,0.277547,0.414947,0.215064,0.252616,-0.468341,0.103905,-0.359418,-0.250826,0.251812,-0.0130358,-0.138122
-9.78184,2.51174,1.01127,1.36885,0.327279,0.587899,-0.0928776,-0.0125523,-0.179031,0.285009,0.51679,0.415571,0.344565,-0.41917,0.0228693,-0.224273,-0.129691,0.436745,0.251834,0.0287604
-9.90052,2.75372,1.02608,1.38259,0.27644,0.755238,-0.144277,0.102427,-0.0934771,0.118,0.420325,0.45542,0.399435,-0.291999,-0.161395,-0.299834,-0.159017,0.339127,0.174164,-0.115828
-10.0412,2.92686,0.902679,1.45447,0.283205,0.720231,-0.173646,0.0389147,-0.163946,0.161235,0.413942,0.414019,0.37312,-0.228367,-0.198345,-0.224667,-0.031395,0.252192,-0.0403554,-0.0140767
-9.73407,2.79461,0.80037,1.15627,0.43263,0.431502,-0.328034,0.42295,0.239821,0.238782,0.152145,0.660165,0.12922,0.130677,-0.253049,-0.102649,-0.0736285,0.229914,-0.047926,0.130582
-9.8322,2.54299,0.696096,1.47541,0.552764,0.525179,-0.390348,0.284846,0.0429333,0.00419841,0.326785,0.77687,0.251033,-0.062941,-0.514866,0.0553512,-0.0140952,0.174009,-0.00327897,0.00773635
-10.0455,2.54703,0.705681,1.31863,0.23007,0.338532,-0.140632,0.649981,0.000552886,-0.13422,0.304767,0.520144,0.218808,-0.172227,-0.150841,-0.00160832,-0.0732565,0.17955,0.086829,0.0286507
-9.85254,2.41666,0.592411,1.36057,0.313615,0.569256,-0.0790868,0.617261,0.196035,-0.0987522,0.479849,0.536999,0.169818,-0.238102,-0.24769,-0.165565,0.153477,0.282549,0.0803951,0.0177444
-10.2911,2.04302,0.866756,1.38498,0.568688,0.625548,-0.051133,0.6317,0.0276549,-0.121361,0.626629,0.561368,-0.156409,-0.297975,-0.109926,-0.274268,0.122396,0.182894,0.225206,0.159414
-10.2762,2.20893,0.911733,1.28711,0.336506,0.535257,-0.0605116,0.552637,0.101258,-0.19962,0.397275,0.622157,0.0865733,-0.0949047,-0.0439571,-0.406863,0.1321,0.196811,0.265641,-0.102433
-10.7244,2.26092,1.19494,1.20183,0.394812,0.64077,-0.356297,0.357601,0.0248984,-0.176167,0.445133,0.900982,0.334931,-0.0149853,-0.149071,-0.162996,0.0374087,0.170979,0.309075,-0.0359179
-10.8985,2.47932,1.02396,1.07388,0.395584,0.385488,-0.394404,0.369494,0.19292,-0.210626,0.440272,0.717868,0.24143,0.0505097,-0.0262886,-0.129218,-0.0360063,0.367133,0.0287576,-0.0129496
-10.9216,2.54793,1.01182,1.24614,0.412185,0.524074,-0.214877,0.30388,-0.00695446,-0.21741,0.565662,0.682738,0.403752,-0.0571074,-0.108391,-0.245118,-0.00703799,0.148792,0.217107,0.00250027
-11.1676,2.49068,0.992729,1.30751,0.219908,0.629361,-0.039643,0.0896257,0.0234686,-0.0529945,0.358691,0.611755,0.453713,0.150075,0.0422936,-0.196498,0.108333,0.297729,0.0686261,-0.140426
-11.5342,2.70076,1.13696,1.36369,0.0596382,0.689702,-0.108769,0.198521,0.0538842,-0.068605,0.508248,0.613718,0.247108,-0.0385844,-0.114142,-0.192283,0.0414251,0.132298,0.20181,0.0180576
-11.6368,2.68832,0.890839,1.42467,0.231744,0.653819,-0.021465,0.0651175,0.231188,-0.102472,0.285156,0.654912,0.387533,-0.225855,-0.142507,-0.124205,-0.0309631,0.218792,0.22393,0.0390644
-12.0193,2.61838,0.97592,1.46076,0.304271,0.77533,-0.0499047,0.097717,0.189945,0.0370768,0.267701,0.640244,0.178764,-0.223959,-0.19379,-0.221134,0.0719912,0.433344,0.257451,0.0621497
-12.1744,2.60417,0.80014,1.56954,0.0702718,0.866589,0.341724,0.0788847,0.0045308,0.166389,0.506346,0.334469,0.0310069,-0.287814,-0.313041,-0.361002,0.0525902,0.542018,0.307902,0.219534
-12.3369,2.6929,0.998978,1.36947,0.185212,0.987116,0.0447718,0.0610982,0.157887,0.00645106,-0.00486946,0.649282,0.494112,-0.0358083,-0.266578,-0.324791,0.0372108,0.317066,0.163531,0.000913198
-11.9671,2.83373,0.748463,1.2354,0.276419,0.973009,-0.0683411,-0.291521,-0.400707,0.17134,0.814014,0.947152,0.192567,-0.21028,-0.10568,-0.163558,0.0658353,0.0955455,-0.108883,0.173214
-11.3224,3.09815,0.560081,0.928611,0.0190468,0.652637,-0.209152,-0.5289,-0.218494,-0.0560657,0.545422,0.045265,-0.135433,0.351887,0.589396,0.279081,-0.184673,-0.071112,0.214176,0.382188
-10.6882,3.43753,0.624175,0.464064,-0.0801231,0.648232,0.136369,-0.247992,-0.255324,-0.151702,0.160889,-0.203761,0.0120241,0.615124,0.581156,0.222151,-0.159315,-0.0938984,0.454574,0.441437
-10.2799,3.04804,0.701643,0.539846,-0.0326854,0.583226,-0.224126,-0.206904,-0.0553499,0.00758069,-0.321232,-0.371375,0.0988975,1.0295,0.854299,0.0574677,-0.191536,-0.0619198,0.565669,0.558012
-10.3104,3.16997,0.890936,0.392119,-0.16769,0.479295,-0.663301,-0.33236,-0.328778,-0.18744,-0.279424,-0.30272,0.186164,1.07946,0.774089,0.371123,0.0479065,0.2916,0.524167,0.230657
-10.9367,3.01307,0.902489,0.929082,0.310303,0.510619,-0.368099,-0.34567,-0.485971,0.110012,-0.281925,-0.410281,0.0244646,0.989127,0.648573,0.229126,0.0136645,0.332396,0.594981,0.222996
-10.9288,3.12081,0.824727,0.588891,0.161819,0.77384,-0.381868,-0.430285,-0.392111,-0.117936,-0.470141,-0.429999,-0.133526,1.00671,0.757958,0.40503,0.39295,-0.0181444,0.476617,0.452128
-10.9997,3.33622,0.742806,0.600767,0.0225331,0.751207,-0.136398,-0.45044,-0.416924,-0.0949871,-0.195941,-0.198266,-0.538736,0.455229,0.681922,0.753464,0.461397,-0.0640953,0.27305,0.415652
-11.2365,3.6471,0.615485,0.670267,0.0072202,1.01291,0.156034,-0.125923,-0.566533,-0.0770207,-0.0251488,-0.200443,-0.5257,-0.0494779,0.36459,0.532765,0.481966,0.0782106,0.117008,0.11478
-11.5345,3.57785,0.426387,0.717603,-0.0823989,0.959184,0.299458,-0.152648,-0.468054,-0.18545,0.206141,-0.135267,-0.222975,-0.396474,-0.0448772,0.342526,0.523094,0.32745,0.155705,0.0438943
-11.6732,3.32328,0.474405,0.860529,-0.0688403,0.895156,0.26337,0.0223,-0.187799,-0.479881,-0.11098,-0.0282488,-0.158764,-0.231752,-0.285687,-0.149144,0.146109,0.479466,0.304669,0.218953
-12.3797,2.93809,0.598315,1.43407,-0.0421843,0.96497,0.537807,0.116024,-0.251832,-0.382023,-0.0938379,-0.198568,-0.167684,0.198127,-0.0470168,-0.463975,-0.306151,-0.204499,0.241659,0.435952
-12.2198,3.01607,0.682377,1.20506,-0.192597,0.790803,0.585923,0.495645,0.0012595,-0.113463,0.150199,-0.0276051,-0.18889,-0.148578,-0.341998,-0.380026,-0.222714,-0.237068,-0.103168,0.236691
-12.2366,2.83539,0.686499,1.33638,-0.0728633,0.675365,0.295477,0.296379,0.0579777,-0.198403,0.127183,0.0160707,-0.0815293,-0.100796,-0.00100229,-0.403397,-0.113193,-0.226864,-0.122493,0.0625516
-6.36538,1.6367,0.285837,-0.122736,-0.539444,0.154752,-0.146196,-0.253963,0.108215,-0.0378491,0.217331,0.0651033,-0.0170944,-0.387616,-0.0642362,0.37994,-0.163853,-0.212413,-0.0994424,0.00980539
-1.57608,1.4343,0.67535,0.143813,-0.169642,0.291397,0.0428931,-0.130123,0.138077,0.183804,-0.032372,0.0920223,0.195146,0.120347,-0.0480228,0.0829276,-0.348204,-0.244766,-0.210904,-0.134844
-2.61103,0.622086,1.08148,0.726894,-0.0630227,0.200083,0.0325701,0.053571,0.236409,0.0102697,0.168918,0.3351,0.152788,-0.115745,-0.256369,-0.0184422,0.243993,-0.0432374,-0.124767,-0.215038
-3.66219,0.841583,1.31663,0.799857,-0.0797515,0.228169,0.0939545,0.104475,0.135562,-0.0399574,-0.0675479,-0.0965342,-0.068702,0.296109,-0.176949,-0.0673328,0.22633,0.0627481,-0.0238176,-0.0100979
-6.8355,0.642271,1.63362,0.622203,0.250361,0.219683,0.240259,0.263998,0.0456008,-0.134936,0.166954,0.413286,0.171292,0.12527,0.204298,0.0101571,0.0152687,0.0119274,0.113936,0.203893
-7.50789,0.996604,1.64856,0.623189,0.446793,0.00105627,0.0800312,0.0545558,0.277796,-0.0617849,-0.0722024,0.523009,0.402286,0.164562,0.0716798,0.00563246,-0.0112024,0.277696,0.283046,0.147053
-8.0554,1.39547,1.53449,0.798935,0.269395,0.320043,0.289358,0.384979,-0.00285423,-0.138444,0.253097,0.238137,0.378756,0.152934,-0.081567,0.0924122,0.274586,-0.00410703,-0.0650892,-0.13014
-9.77175,1.56888,0.684332,1.11135,0.44909,0.725853,1.03652,0.681288,0.0141996,-0.426221,-0.0336207,0.131486,0.246792,-0.0366637,0.0521488,0.223677,0.505786,0.430613,0.118325,-0.197748
-9.88184,1.39821,0.535949,1.20916,0.51957,0.950585,0.874081,0.907411,0.13979,-0.495558,0.0363887,0.284131,0.176776,-0.0565395,-0.129793,-0.0272074,0.557206,0.368806,-0.0425118,-0.0200577
-9.82844,1.49605,0.486641,0.994688,0.459921,0.694016,0.893306,0.912098,0.262993,-0.236745,0.125604,0.280298,0.0407723,0.0441548,0.279921,-0.277976,0.287651,0.479495,0.0936586,-0.0435253
-10.3858,1.55086,0.408145,0.930242,0.386009,0.901466,0.724055,0.759965,0.5871,-0.182494,0.142126,0.206499,0.200757,-0.0367566,0.206512,0.000257841,0.246127,0.277443,0.00260097,0.00916923
-11.4767,1.7465,0.683517,1.17094,0.509408,0.787419,0.619591,0.703143,0.730075,-0.0805996,0.0980227,0.153391,0.127663,-0.109038,-0.0688203,0.0232462,0.32731,0.161791,0.0959685,0.137449
-12.1038,2.0619,0.564497,1.43024,0.546406,0.549508,0.430294,0.518075,0.429091,-0.0230064,0.271313,0.080109,0.301282,-0.123813,0.106308,0.181088,0.527228,0.360596,0.301807,0.0119295
-10.5135,0.925986,2.04439,0.437972,0.306707,0.436125,0.373721,0.813064,0.24234,0.203717,-0.159758,0.20609,-0.0935689,0.152421,0.0108568,0.494319,0.323028,0.195486,0.286112,-0.0568325
-9.02111,-0.730786,2.54579,0.709177,0.469741,0.749171,0.615726,0.567518,-0.120386,-0.0101435,0.122688,0.0698809,-0.20041,-0.128084,0.182448,0.66968,0.311238,0.322053,0.0979197,-0.123554
-9.57853,-0.681713,2.38709,0.63508,0.764209,0.681322,0.331259,0.576404,0.360157,0.397369,0.432283,0.0798287,-0.452245,-0.189012,0.314168,0.554703,0.223538,0.266698,0.0269431,-0.333515
-10.7622,-0.0711066,2.28053,0.388867,0.877491,0.642718,0.117807,0.382929,0.398523,0.0410967,0.370499,0.458502,-0.0870656,-0.139564,0.467269,0.346642,-0.100302,0.265051,0.0347566,-0.205326
-11.6391,0.116627,1.92119,0.216989,0.711717,0.129401,0.168386,0.110358,0.11173,0.0477483,-0.00306663,0.174108,-0.00934708,-0.0793656,-0.0693219,0.0121232,-0.163527,0.0239483,-0.0768754,-0.0379197
-11.9899,0.546288,1.26336,0.364411,0.444114,0.0967934,0.0950894,0.0210597,-0.249922,-0.336351,-0.264713,0.151595,0.0189293,-0.389513,-0.405707,-0.132408,-0.151368,0.147369,-0.103388,-0.268663
-12.4507,0.910277,0.539203,0.722317,0.495553,0.195126,0.0922197,-0.0381662,-0.334815,-0.301598,-0.210876,0.192449,0.238193,-0.0881669,-0.380015,-0.280392,0.119909,0.187644,0.0544637,-0.344775
-12.1544,1.38736,0.228085,1.10089,0.206804,0.0380348,0.050519,0.315847,-0.337125,-0.4709,-0.152146,0.183394,-0.057773,-0.402041,-0.323294,-0.320109,-0.0569328,0.185456,0.0490884,-0.155755
-12.2011,1.55547,0.202147,1.2545,0.258172,0.318924,-0.0740675,0.282092,-0.337072,-0.403309,-0.27906,0.481404,0.00114577,-0.542796,-0.289284,-0.279227,-0.462462,-0.135698,0.214582,-0.0303415
-9.69166,3.03971,0.813391,1.44802,0.455572,0.580783,0.383062,0.510899,0.0999299,0.106971,0.0486581,0.0453595,-0.331668,-0.16744,0.310882,0.138769,-0.242642,-0.139713,0.13459,-0.110461
-10.5426,2.65422,1.05009,1.63252,0.775208,0.834819,0.487641,0.810812,0.139721,0.224817,0.0493142,0.228386,0.217313,0.144827,0.186334,0.191136,0.0627637,-0.0470596,0.00981394,0.294873
-11.1302,1.58027,1.24756,1.35164,0.936159,0.413251,0.473653,0.696962,0.512816,-0.0796426,0.166802,0.338501,0.0279542,-0.20849,-0.0634742,0.040842,-0.158052,0.152884,0.0749892,0.553333
-11.7717,1.0689,0.73007,1.28342,0.559785,0.688321,0.182299,0.387169,-0.0150902,0.101944,-0.0897739,0.179094,-0.157191,-0.119785,-0.0064987,-0.062651,-0.129704,0.0922286,0.0661142,0.0604601
-11.929,1.19908,0.581741,0.953645,0.0996138,0.348343,-0.181169,0.30751,-0.22505,-0.366533,-0.210752,-0.0193795,-0.216712,-0.156625,-0.195236,-0.217145,0.0620458,0.0109875,-0.062145,-0.152071
-4.89689,1.66979,-0.185052,0.926061,0.679175,0.184929,0.193608,0.0274123,0.398207,-0.0573168,0.0514289,0.13559,0.174227,-0.0683769,-0.169579,0.291939,-0.0397705,0.0851547,0.135121,0.24917
-4.00547,1.93178,0.977793,0.699183,0.631746,0.31595,0.426102,0.445282,0.36473,0.111589,0.150781,0.392545,0.362235,0.152843,0.109566,0.281924,-0.210115,-0.110992,-0.0761206,-0.166942
-4.6398,1.92684,0.865255,0.195635,0.623526,0.523303,0.44457,0.456969,0.132348,0.0414142,0.240916,0.397243,0.281014,0.360355,0.250051,0.27177,-0.196294,0.185531,0.260573,0.155006
-4.46631,1.6975,0.0450649,0.15757,0.485237,0.627411,0.305754,0.386982,0.257698,0.0988711,0.247034,0.379311,0.483968,0.0549838,0.229134,0.236929,-0.0774912,0.0758031,0.176087,0.169702
-3.63345,1.78998,-0.423525,0.237203,0.54365,0.656701,0.00205425,-0.120144,0.249341,0.226688,0.183831,0.239141,0.32782,0.356419,0.290392,-0.104719,-0.265224,0.0457089,0.182735,0.0569751
-3.81537,1.54282,-0.361863,0.972631,0.733006,0.226758,-0.572025,-0.287611,-0.195821,0.0345105,0.378208,0.286444,0.440015,0.291131,0.129177,-0.0786868,-0.460171,-0.0300118,0.190276,0.219465
-3.67315,1.77971,-0.273231,0.935174,0.230846,0.118835,-0.337172,-0.159653,-0.152359,0.0936793,0.187153,0.183805,0.135893,0.00934451,0.208302,-0.0111516,-0.52608,-0.250151,-0.0145502,0.154861
-4.41952,1.46433,-0.152522,1.00554,-0.17295,0.560157,0.125795,-0.0923186,-0.0920111,0.388897,0.0450287,-0.076917,-0.211266,0.0940254,0.381764,0.133443,-0.415537,-0.426997,-0.0339559,0.16096
-4.87941,1.7197,0.143844,0.9589,-0.0225697,0.441022,-0.0303402,-0.42287,-0.305389,0.299188,0.207707,0.0334506,-0.167148,-0.210261,0.28388,0.271125,-0.343495,-0.211558,0.0754348,0.157169
-5.266,1.69657,0.0482081,0.904855,-0.245482,0.506435,0.139077,-0.15781,-0.256532,0.340402,0.458169,0.205253,0.0109273,-0.0197087,0.540142,0.0949068,-0.587223,-0.319874,-0.0143492,-0.101189
-5.95849,1.50505,0.0865448,1.05076,-0.273861,0.224914,-0.136895,-0.114711,-0.205618,0.403292,0.57078,0.237215,-0.148371,-0.00821413,0.640721,0.211629,-0.474715,-0.210541,0.0176617,0.0245703
-6.47344,1.6006,0.0404093,0.922411,-0.0470556,0.144066,-0.214347,0.0707415,0.259599,0.48416,0.342202,0.2262,-0.0389905,-0.180541,0.318586,0.158554,-0.505615,-0.345657,-0.334726,-0.0588183
-6.91623,1.4936,0.267673,0.638254,0.0716041,0.269831,-0.131115,-0.00780949,0.169676,0.39528,0.279278,0.306646,-0.271039,-0.141063,0.0782789,-0.185364,-0.210231,-0.0538943,0.171134,0.288559
-6.94468,1.48493,0.459855,0.700163,0.301505,0.0725271,-0.525728,-0.160234,0.173994,0.717454,0.526862,0.238573,-0.258262,-0.118807,0.224002,0.126075,-0.339881,0.0615059,0.307481,0.0572277
-6.41355,0.762165,0.849179,0.124432,0.74534,0.342372,-0.19335,-0.14683,0.244063,0.937462,0.734619,-0.014156,-0.394498,-0.227481,0.0258863,0.118755,-0.369745,-0.0509752,0.424478,0.069757
-5.67074,0.347103,0.721691,-0.270517,0.751953,0.502534,-0.160805,0.0699913,0.424915,0.909941,0.504012,-0.0846459,-0.335858,-0.00275275,0.184874,0.1037,-0.412449,0.00649324,0.142048,-0.0584654
-5.89472,0.449614,0.691549,-0.0489205,0.473565,0.294034,-0.386733,-0.362408,0.0740887,0.645128,0.459966,0.257556,0.0157667,-0.026286,-0.181622,-0.343489,-0.195377,0.220854,0.394366,0.0414817
-5.8297,0.908509,0.632281,-0.0161957,0.324975,0.292399,-0.314365,-0.0481458,0.355712,1.25022,0.659749,0.0346135,-0.22066,-0.239956,-0.109102,-0.133938,-0.217008,0.25706,0.390725,-0.299789
-6.02713,1.17771,0.785316,-0.0905379,0.128048,0.0557005,-0.427947,0.122124,0.375747,0.95338,0.250778,-0.304697,-0.0772659,-0.0966764,0.103804,0.0882646,-0.0869388,0.0941287,0.332286,-0.28779
-5.62514,1.83661,0.312057,-0.593645,-0.304767,0.024152,-0.354478,-0.0267208,0.328662,0.991566,0.107847,-0.335458,-0.0346756,0.0287115,0.280479,-0.124605,-0.0887021,0.126362,0.793259,0.211752
-6.08556,2.02555,0.641233,-0.63652,-0.6188,0.0909613,-0.243617,0.251929,0.25204,0.962242,0.406615,-0.281104,-0.038496,-0.138959,-0.0158221,0.115431,0.167086,0.298046,0.579051,-0.23147
-6.27777,2.28208,0.640684,-0.546211,-0.668305,0.0677508,-0.383468,0.189858,0.102716,0.573815,0.40782,-0.383842,-0.0172519,0.0276036,0.316238,-0.164914,-0.151809,0.165613,0.505357,-0.151856
-6.72655,2.23378,0.699555,-0.547943,-0.739495,0.355552,-0.051238,0.343557,0.143353,0.580845,0.313714,-0.0445291,-0.240667,-0.0687893,0.145784,-0.313826,-0.41662,-0.124987,0.289312,-0.0804725
-7.16931,2.18964,0.572462,-0.274394,-0.387588,0.777675,-0.180181,0.0256852,0.0755383,0.426908,0.168548,0.130573,0.0822904,-0.185086,0.101017,-0.413584,-0.763018,-0.277533,0.538212,0.236572
-7.36248,2.02712,0.595951,-0.234092,-0.00492568,0.650151,-0.227357,-0.341108,0.244718,0.427187,0.353899,0.21612,-0.120713,-0.440184,-0.0453555,-0.50154,-0.388051,0.160924,0.976296,0.264225
-7.39922,1.99068,0.473187,-0.00162601,0.11323,0.494767,-0.264869,-0.158404,-0.178963,0.299754,0.266394,-0.0473253,-0.411442,-0.611569,-0.331164,-0.55231,-0.129867,0.577565,0.960614,0.132467
-6.18199,1.87072,0.0334349,0.733407,-0.133334,0.266312,0.0713413,0.138781,-0.13224,-0.0781651,-0.0588849,-0.224239,-0.096671,-0.0724943,0.195188,-0.0680769,-0.00494391,0.433982,0.578089,0.152516
-5.8246,2.14601,0.46333,0.488687,-0.126324,-0.0173632,-0.175973,-0.316134,-0.0309072,0.0414502,-0.00256763,-0.106454,0.0207409,-0.111137,-0.0532883,-0.243222,-0.199037,0.326045,0.445486,0.113232
-1.76493,1.73794,0.439284,0.272153,-0.203813,0.1744,-0.167377,-0.272289,-0.124014,0.0529496,-0.042303,-0.163269,-0.324157,-0.424103,-0.312273,-0.0152531,-0.386145,-0.221517,-0.103352,-0.0674044
-1.81848,0.936261,0.896938,0.801624,-0.0954281,-0.00058384,-0.0987603,-0.0414908,0.103065,-0.0917007,-0.410797,0.0876363,-0.0843621,-0.0847505,-0.168132,-0.0713968,-0.176959,-0.169264,-0.286591,-0.263576
-2.64081,0.684167,0.936914,0.580137,-0.0160916,0.0671495,0.0847096,0.10374,0.0752111,-0.254222,-0.150281,0.0905884,-0.151093,-0.15517,-0.108736,0.0291829,-0.176162,-0.236355,0.123736,0.00060389
-3.81259,0.573675,0.692946,0.086044,0.0968213,0.255769,0.182913,-0.084111,-0.137974,-0.275838,-0.30619,0.0808384,-0.120099,-0.0378154,0.0324869,-0.137587,-0.343632,-0.010295,0.343056,0.223569
-4.44456,0.598712,0.118837,0.142256,-0.0267221,0.110932,0.129329,0.307657,-0.0757518,-0.309132,-0.0946878,0.00719624,-0.352304,-0.27011,0.0747372,-0.307289,-0.860302,-0.332804,0.524762,0.46176
-4.76039,1.02074,0.110612,0.167881,-0.107263,-0.193729,-0.0592526,-0.254569,-0.38227,-0.268982,0.154797,0.174699,-0.18647,-0.159266,0.165138,-0.237523,-1.03753,-0.476447,0.656828,0.582727
-5.39088,0.91119,0.117134,0.542293,0.426395,0.105694,-0.368301,-0.312068,-0.287504,0.123086,0.302348,0.379686,-0.135828,-0.211844,0.0691569,-0.0817649,-0.985625,-0.414742,0.47219,0.577524
-5.71865,1.03633,-0.0670334,0.418318,0.483096,0.363104,-0.178213,0.0426497,-0.173221,0.0638037,0.136964,-0.0771817,-0.233919,-0.278729,-0.114804,0.0722557,-0.718534,-0.36968,0.435399,0.561122
-6.29417,1.01855,-0.386101,0.283993,0.0151486,0.504544,0.293919,0.193012,-0.432777,0.197817,-0.0144417,-0.130917,-0.0370752,0.138433,0.214764,-0.0295201,-0.900229,-0.310157,0.536306,0.710344
-5.98358,1.1262,-0.784045,0.0113562,-0.244275,0.234798,0.0976589,0.411007,0.00514606,0.243538,0.22172,0.00426692,0.0635408,-0.0631905,0.0727383,-0.0127104,-0.938572,-0.256266,0.602285,0.664666
-5.93974,1.24311,-0.573772,0.111455,-0.172493,0.0722435,-0.226053,0.0584381,-0.305452,0.104573,-0.00224339,0.144907,-0.12575,-0.000209893,0.00579009,-0.190277,-0.813807,-0.214026,0.502321,0.462608
-6.03418,1.28527,-0.522748,0.0468386,0.0154937,0.382692,-0.397911,0.308076,-0.251696,-0.0841617,-0.0145284,0.188931,-0.374665,-0.0798229,-0.171008,-0.427015,-0.813577,-0.162531,0.721996,0.559472
-5.85827,1.22738,-0.295503,-0.147065,0.0199284,0.280876,-0.0821866,0.213651,-0.493647,-0.116421,-0.0668733,0.377877,-0.157046,-0.140239,-0.468644,-0.514639,-0.482328,0.198709,0.897304,0.503097
-6.24307,0.97454,-0.45034,-0.516969,0.210588,0.395443,-0.25672,-0.11402,-0.578023,-0.0121454,0.39796,0.357891,-0.00994358,-0.441714,-0.450732,-0.497253,-0.581709,0.219335,0.987664,0.422252
-3.70102,1.44578,0.0439382,0.335529,0.822618,0.591484,0.535221,-0.0875006,-0.115162,0.0337151,0.275185,0.307202,-0.0356224,0.0950118,-0.0604545,-0.0176505,-0.242182,0.159017,0.203283,0.121709
-3.73651,1.66426,0.881369,0.200229,0.782175,0.527002,0.544408,0.413323,0.244915,0.558143,0.52428,0.387663,0.208052,0.219473,0.230033,-0.0395757,-0.515541,0.030317,0.326928,0.235545
-4.63203,1.33562,0.790555,0.635508,0.871614,0.564105,0.15161,0.173221,0.153272,0.322661,0.360879,0.467837,0.315405,0.186162,0.288029,0.00181292,-0.3908,-0.106727,0.633466,0.58565
-4.59435,1.54672,0.137544,0.721643,0.663584,0.581842,0.200239,0.153876,-0.105645,0.137571,0.281947,0.568208,0.416143,0.190672,0.449972,0.0756259,-0.436774,-0.283126,0.24962,0.490491
-5.07063,1.46765,0.256876,0.668988,0.665593,0.544485,0.067834,-0.125089,-0.705011,-0.0647574,0.264176,0.952487,0.352317,0.120671,0.225328,-0.0864868,-0.593155,-0.111908,0.358478,0.503141
-5.08566,1.76918,0.209577,0.36508,0.388376,0.636358,0.00947838,-0.0428761,-0.437051,-0.0528394,0.178798,0.459931,0.128216,-0.0401309,0.046722,-0.16118,-0.65912,-0.205553,0.588323,0.45416
-5.56412,1.57817,0.141515,0.632502,0.64108,0.462926,-0.422315,-0.155029,-0.286335,0.0738797,0.126519,0.683778,-0.0141255,0.0342698,0.0934672,-0.295431,-0.433825,0.0282272,0.433975,0.287375
-5.41292,1.57144,0.236146,0.35877,0.785232,0.445106,-0.181781,0.0897798,-0.351475,-0.0304586,0.0531792,0.800592,-0.0879173,0.21539,0.0466863,-0.350663,-0.608904,-0.0432346,0.347031,0.397604
-5.40652,1.53066,0.208309,0.399789,0.861282,0.577757,-0.272778,0.300272,-0.619784,0.134287,0.242955,0.552436,0.0503616,0.132957,0.120735,-0.0522688,-0.554286,-0.221154,0.240351,0.407931
-5.80407,1.48915,0.653409,0.408781,0.408586,0.463927,-0.113295,0.291284,-0.459993,0.221349,0.125061,0.422584,0.131151,0.34527,0.138661,-0.0419268,-0.489113,-0.380246,0.136547,0.473373
-4.06415,0.749229,-0.0771708,0.840894,-0.0874742,0.350495,-0.228257,0.224681,-0.105917,0.222808,-0.0670463,0.199047,0.0756596,0.175136,0.0572905,-0.0698083,-0.173867,-0.0597297,0.0240047,0.156262
-5.84778,1.37418,0.584785,0.413332,0.431098,0.441461,-0.102539,0.286696,-0.434306,0.318306,-0.0714058,0.517977,0.171104,0.388295,-0.040209,-0.374288,-0.581532,0.032801,0.319069,0.323551
-6.03138,1.40225,0.37809,0.387025,0.233823,0.595481,0.116811,0.393753,-0.271129,0.215583,0.0383671,0.412482,0.126654,0.122998,-0.287714,-0.317583,-0.531914,0.157247,0.485751,0.483853
-6.07758,1.21132,0.467079,-0.101482,0.0183933,0.2322,0.449506,0.595123,-0.11925,0.222789,0.20241,0.307868,0.0905578,0.044684,-0.0651571,-0.376802,-0.417691,0.140654,0.646662,0.476943
-5.44978,0.921065,0.81003,-0.623515,0.213035,0.412812,0.238007,0.359793,0.0523931,0.0757472,0.192459,0.154517,0.0759891,0.357291,-0.00442504,-0.0922118,-0.442869,-0.329354,-0.0452952,0.252501
-5.42144,0.838647,0.783023,-0.594153,0.20374,0.0287899,-0.0887491,0.196328,0.184145,0.313316,0.222878,0.141076,0.0216645,0.0234848,0.000954299,0.158441,-0.127139,0.0930377,0.00143295,0.0282719
-5.6787,1.29566,0.888261,-0.276107,0.246894,-0.118446,0.0775174,0.291941,0.133455,0.31883,0.349842,0.111246,-0.0842732,-0.192106,0.0667391,0.317777,-0.055056,0.126089,-0.0372291,-0.189155
-6.2535,1.46117,0.958478,0.257962,0.362757,0.0452057,-0.0828751,0.111116,0.280301,0.247375,0.500195,0.22581,-0.175106,-0.146957,0.153253,0.0452703,-0.0832281,0.126816,0.14634,-0.144038
-6.49551,1.76398,0.804605,0.382677,0.263743,0.216067,-0.246565,0.0650595,0.153859,0.230694,0.418971,0.332358,-0.115974,-0.216068,-0.179837,0.0641372,-0.0619897,0.0646219,0.0742732,0.00167058
-7.03504,1.78113,0.841129,0.524675,0.328939,0.0472241,-0.256836,0.0779368,0.0568303,0.13013,0.505603,0.29468,-0.0144557,-0.281769,-0.146,0.0479424,0.0204205,0.144388,0.275379,0.146476
-7.33447,1.90278,0.621662,0.586163,0.169316,0.13851,-0.401407,0.0531443,0.26521,0.257701,0.470638,0.490034,-0.0132488,-0.320859,-0.0417994,0.0880472,-0.12127,0.148466,0.246791,0.218965
-7.30678,1.97982,0.898846,0.588264,0.174476,-0.118127,-0.201742,0.369622,0.180755,0.152601,0.458102,0.275204,-0.325149,-0.531261,-0.00753164,0.117149,-0.0101878,0.100596,0.0712475,0.0787972
-7.40902,2.25907,0.949655,0.206233,-0.202562,0.0595455,-0.108293,0.33939,-0.120791,0.345122,0.325099,0.0337895,-0.0762142,-0.22675,-0.257789,0.165358,0.0767028,0.303763,0.101835,-0.0439563
-7.24792,2.60082,1.3903,0.473373,0.306374,0.55119,0.497274,0.587979,0.171851,0.475444,0.181991,0.0952081,-0.164741,-0.147677,0.0873325,0.248666,-0.0994647,0.151258,0.0317697,-0.0203377
-7.44852,2.50341,1.42908,0.200161,0.114826,0.481406,0.11321,0.48696,0.0312486,0.343547,0.389576,0.159542,-0.228741,-0.157981,0.107363,0.503281,0.365209,0.400355,0.0320305,-0.143931
-7.35221,2.08139,0.770912,0.363193,0.233238,0.0172367,0.0309424,0.474314,0.12939,0.191946,0.392243,-0.0341192,-0.0973302,-0.134505,-0.105589,0.318078,0.379511,0.122052,0.00119549,-0.311141
-7.13865,1.6437,0.362729,0.420315,0.0206378,0.326108,0.13841,0.261707,-0.0178891,0.160856,0.153517,-0.0823535,-0.176491,-0.3888,-0.0921808,-0.0317316,-0.09998,0.183205,-0.134103,-0.581936
-6.40921,1.56773,0.480017,-0.0536544,-0.137492,0.0312635,0.234721,0.103593,0.0981541,-0.0526945,0.290729,-0.112819,0.0943781,-0.27469,-0.0421471,0.0270803,0.11125,0.288542,0.0322858,-0.248417
-3.81213,1.69762,0.772075,0.336488,0.57865,0.1825,0.275761,0.406038,0.288361,0.295066,0.25916,0.205681,0.0221018,-0.0710715,-0.0951599,0.224826,0.0979553,0.236291,-0.00656973,-0.054291
-4.13952,1.64652,1.35856,0.462495,0.433539,0.212631,0.355173,0.605945,0.541065,0.439953,0.181545,0.288159,0.0956732,0.020998,0.0910369,0.333348,0.140442,0.181143,0.307313,0.250045
-5.2596,1.57364,0.867802,0.458162,0.576734,0.053441,0.225783,0.766252,0.695957,0.088642,0.106902,0.480021,0.143736,0.148222,0.36715,0.251837,0.111199,0.204326,0.275208,0.151904
-5.38858,1.6405,0.351067,0.552914,0.500161,-0.0161069,0.304067,0.686343,0.646379,0.0815024,0.225108,0.399923,0.0534811,-0.113468,0.202467,0.368701,-0.117661,0.0210506,0.187786,0.342237
-5.55642,1.88752,-0.0231765,0.526359,0.464463,0.36543,0.188481,1.02251,0.601953,-0.353944,0.363899,0.356613,-0.202369,-0.444964,-0.0211446,0.0355612,-0.0918521,0.0778448,0.213408,0.373859
-5.92798,1.70648,-0.324528,0.782652,0.350385,0.123169,0.383765,1.18261,0.520655,-0.208029,0.0864964,0.153476,-0.0446854,-0.0731847,-0.00599582,-0.01813,-0.198723,-0.107231,0.383187,0.55293
-6.15507,1.76737,-0.284191,0.543973,0.33624,0.270483,0.136808,1.09948,0.306246,-0.352168,0.0110662,0.32198,0.175064,0.381255,0.150658,-0.138691,-0.22557,0.103153,0.273034,0.420521
-6.12208,1.8978,-0.273953,0.358121,0.570897,0.137068,0.193409,1.11098,0.219872,-0.374816,0.190145,0.335508,-0.149465,-0.158676,0.0396115,0.205708,0.0585067,-0.0775844,0.263064,0.68775
-6.32393,1.84863,-0.581267,0.169557,0.391603,0.105628,0.17655,0.877999,0.18253,-0.384909,-0.110634,0.14897,-0.137385,-0.0605229,-0.0115816,0.23101,-0.132228,-0.176072,0.0510164,0.519379
-6.46357,1.84081,-0.793123,0.292566,0.432023,0.164334,0.197481,0.708827,0.0309502,-0.430588,-0.424855,-0.1536,-0.22345,-0.156119,-0.0372736,0.250766,-0.0981835,-0.352914,-0.0203345,0.349242
-6.53532,1.56968,-0.636029,0.11913,0.0417849,-0.00999821,0.123943,0.64714,-0.218016,-0.376826,-0.0983593,-0.21666,0.121393,0.0648889,0.108149,0.202349,-0.349945,-0.323729,-0.208944,0.273382
-6.22704,1.86688,-0.653599,0.148489,0.13964,0.142677,0.235002,0.418827,-0.236172,0.136318,0.0826827,0.0843501,-0.140423,-0.122393,-0.125259,-0.141724,-0.152981,-0.109601,0.106124,0.334297
-6.04188,1.51027,-0.766313,0.231754,0.116634,0.204342,0.0705894,0.483939,-0.354049,-0.00741563,-0.161269,0.329885,-0.0990783,-0.157677,-0.267781,0.0425982,-0.340597,0.0135942,0.181717,0.328649
-3.84426,1.74669,0.0709081,-0.171825,-0.246389,-0.279332,-0.0954602,-0.0678356,-0.289053,-0.565266,-0.414439,-0.338076,-0.266679,-0.164348,-0.368201,-0.38387,-0.370259,-0.0468919,0.135321,0.0192499
-1.322,1.66163,0.650192,0.0711651,-0.275352,0.326197,0.169395,-0.121926,0.0798896,0.0119148,-0.0904536,-0.0743851,-0.0174433,0.0391012,-0.169132,-0.277918,-0.514526,-0.349868,-0.35209,-0.115401
-2.11153,0.749573,0.805804,0.441075,-0.154788,0.0288977,0.141138,0.184708,0.0923196,-0.250154,0.115762,0.15153,-0.0300422,-0.117713,-0.169895,-0.253792,-0.197252,-0.277872,-0.188747,0.00665355
-2.91828,0.892459,0.909995,0.111637,-0.338924,0.234768,0.27346,0.148233,-0.236206,-0.339344,-0.170137,-0.119911,-0.207361,0.00861667,-0.235529,-0.0856272,0.153069,-0.118009,-0.161796,-0.0568184
-4.60422,0.647077,0.641453,-0.0843847,-0.289165,0.128328,0.455569,-0.156165,-0.230195,-0.238764,-0.299597,-0.017453,-0.16562,0.0916708,-0.127356,-0.073753,-0.0363842,-0.100501,-0.0825189,-0.0844589
-5.29917,0.751939,0.348391,-0.471977,-0.178618,0.142956,0.359555,0.258627,-0.207437,-0.454226,0.025861,0.365743,-0.204604,-0.363535,-0.133859,-0.131575,0.0942905,-0.139935,-0.201657,0.0591069
-5.39029,1.37598,0.176323,-0.413135,-0.0581795,0.116939,0.273892,0.137396,-0.0818807,-0.414364,0.00456233,0.281192,0.00253431,-0.300206,-0.126017,0.0301943,-0.180474,-0.166556,-0.0208734,0.0656123
-5.99279,1.60608,0.271824,-0.198777,0.0619631,0.326189,0.161281,0.261148,-0.189357,-0.118786,0.123577,0.190005,0.0337743,-0.16788,-0.0864348,0.0284966,-0.0555063,-0.290746,0.0424277,0.251745
-7.18624,1.77719,0.227516,-0.215271,-0.24378,-0.0389653,0.243312,0.468006,-0.0752954,-0.317324,0.063065,0.0953065,-0.0241503,-0.258797,-0.163513,0.0521283,5.57067e-05,0.215077,0.316627,0.337546
-7.44565,1.94759,-0.0725305,-0.290072,0.0739047,0.527879,0.409547,0.406186,-0.104465,-0.166714,0.0248015,0.169276,-0.208326,-0.022527,0.0682516,0.30433,0.0768321,0.0989859,0.248377,0.350812
-7.64971,2.00733,0.555899,-0.116398,0.199214,0.667577,0.582299,0.958662,0.419591,0.271004,-0.0939448,0.408405,-0.122441,-0.160941,-0.178083,-0.0812972,0.0835274,0.312136,0.369061,0.461284
-7.9518,1.69459,0.410638,-0.134934,0.384865,0.906903,0.354823,1.00611,0.189285,0.377916,-0.131655,0.252347,-0.0390241,-0.214911,-0.0117013,0.156342,0.0441532,0.275163,0.501153,0.550334
-7.33956,1.96234,0.44578,-0.297703,0.0153598,0.673197,0.256302,0.513202,0.268758,0.372001,-0.210072,0.232626,0.208497,0.110304,0.0200286,0.226782,0.326862,0.243895,0.306754,0.368002
-6.78164,1.89192,-0.054081,-0.0517944,0.0371275,0.674455,0.392264,0.591273,0.294984,0.319159,-0.140996,0.164616,-0.185425,0.0924489,0.0349517,-0.0168303,0.0478359,0.562451,0.436054,0.238059
-6.71637,1.65678,0.581685,-0.501492,0.446423,0.409867,0.36461,0.211525,0.547636,-0.0846353,0.108556,0.158979,-0.172509,0.0492606,-0.0329672,0.137412,0.123567,0.227336,0.429688,0.38625
-5.72645,0.738162,1.29054,-0.266872,0.302497,0.589717,0.388672,0.304421,0.0129075,0.345941,0.357825,0.274636,0.0514303,0.0566167,-0.334366,0.171918,0.0122448,0.113097,0.0755545,0.322793
-4.83257,0.371775,0.522323,0.435292,-0.140515,0.114082,0.313803,-0.0168914,0.243901,0.128903,0.137382,0.722725,0.213575,-0.0418515,-0.115134,-0.110593,0.0807175,0.174125,-0.0463225,0.171945
-4.55873,0.861029,-0.176248,0.807366,0.53835,0.0700202,0.27918,0.352217,-0.112419,-0.407409,0.194627,0.456192,0.401714,0.057448,0.0240269,0.144637,0.345636,0.207733,-0.049078,-0.104132
-5.18994,1.25922,-0.303761,0.288951,0.568902,0.0930235,0.0619728,0.157586,0.0165266,-0.361237,0.347393,0.760069,0.301655,0.0836085,-0.338294,-0.00330855,0.239024,0.260876,-0.101773,-0.138037
-5.60784,1.43562,-0.437355,0.543647,0.723457,0.376982,0.114594,0.500534,0.0312782,-0.322808,0.0883733,0.53405,0.295184,-0.00347993,-0.0518391,0.122578,0.20614,0.204151,-0.0198329,-0.0908191
-5.77902,1.4257,-0.233963,0.517803,0.380838,0.220675,-0.0762426,0.351309,-0.0343051,-0.285163,0.327011,0.366963,-0.2361,-0.118221,-0.20717,-0.0296753,0.177663,0.346217,0.335839,0.0553827
-6.21773,1.55087,-0.0687073,0.456994,0.282348,0.0407894,-0.0929968,0.259517,-0.346233,-0.336675,0.429279,0.285788,-0.0798793,0.0835216,0.177003,0.177652,-0.104049,0.286297,0.299275,-0.0381255
-6.45827,1.50859,-0.172362,0.377259,0.515415,0.0070674,-0.456384,0.270775,0.00998034,-0.184632,0.433,0.541739,-0.153835,-0.141164,0.167908,0.0612817,-0.111338,0.28031,0.412161,0.0172178
-6.14004,1.60731,0.34906,0.479054,0.785775,0.352417,0.0466627,0.467015,0.387868,0.0464935,0.493603,0.05213,-0.172004,-0.124123,0.0838931,-0.0295654,-0.146921,-0.0592112,0.15243,-0.0160409
-5.75418,1.35019,0.814446,0.458215,0.994299,0.471917,0.288695,0.338677,0.211324,0.272822,0.51839,0.214669,0.0894967,-0.146486,0.0884019,0.231548,-0.0353587,0.128302,0.137632,-0.0934973
-5.75753,1.02425,0.416304,0.191528,0.492529,0.20775,0.50314,0.352115,0.224946,0.410167,0.677499,0.174453,-0.121408,-0.00849405,-0.00885501,0.16245,-0.130731,0.266903,0.116635,-0.0983598
-5.79342,1.04182,0.174958,0.178314,0.392407,0.321013,0.283806,0.0999621,0.252543,0.410728,0.331517,-0.0368589,-0.270446,-0.085728,0.119558,0.0490425,0.127461,0.375172,0.0650472,-0.0015206
-5.70666,1.02844,0.315273,0.231923,0.0107583,0.505881,0.0201447,0.0676984,0.334984,0.197499,0.467303,0.0163847,-0.393584,0.157633,-0.0259448,-0.0924255,0.137087,0.257369,-0.0207214,-0.0711868
-4.45309,1.2127,0.152296,0.35007,0.211926,0.294769,0.184797,0.224213,0.471371,0.101604,0.308561,0.10143,-0.196955,-0.0622971,-0.0525464,0.0894711,0.0639876,0.183187,-0.0189064,-0.02876
-3.32058,1.45871,0.920526,0.518947,0.45603,0.330063,0.573695,0.459809,0.399779,0.472987,0.181124,0.226488,0.131137,0.147822,-0.111963,0.0469216,0.101993,0.101404,-0.145202,-0.128709
-3.44478,1.49226,0.557809,0.6526,0.35712,0.174706,0.24874,0.398682,0.343293,0.665613,0.701895,0.327218,-0.208976,-0.0394324,0.120441,0.0463301,-0.0618899,0.0180915,0.227562,0.236724
-3.80523,1.65292,0.0734992,0.648313,0.381131,0.252649,0.161068,0.370008,0.351954,0.300131,0.495714,0.485428,-0.0852615,-0.190635,0.327849,0.325957,-0.076902,0.0565458,0.137649,-0.0908928
-4.05819,1.91584,0.0442257,0.569245,0.351223,0.40183,-0.233829,0.161432,0.343228,0.338061,0.369639,0.221171,-0.0761653,-0.228524,0.300976,0.418574,-0.346457,0.0508195,0.129212,-0.103385
-4.2226,1.87734,0.170479,0.391165,0.0998981,0.482952,-0.0685174,0.159025,0.273785,0.19343,0.471027,0.242972,-0.021566,0.250924,0.418696,0.145756,-0.518712,-0.11741,0.196073,0.195931
-4.39454,1.81291,-0.0189232,0.538679,0.140518,0.471787,0.021299,0.198204,-0.0767092,0.109138,0.258132,0.422314,0.16624,0.285581,0.528107,0.172666,-0.525101,-0.265504,0.184501,0.195593
-4.61728,1.35077,-0.00481655,0.718962,0.264298,0.428963,-0.0195837,0.27624,0.133825,0.191409,0.367873,0.600935,0.168997,-0.0332633,0.388092,0.217091,-0.725375,-0.366948,-0.0970765,0.0318409
-4.86924,1.47335,0.109782,0.906136,0.198301,0.157422,-0.120447,0.29813,-0.10922,-0.0701064,0.357807,0.793338,0.0838749,-0.147227,0.103048,0.00659389,-0.337744,-0.276329,0.102785,0.0267015
-5.52691,1.43575,0.321298,1.07356,0.294155,0.0503297,-0.183134,0.282491,-0.00753141,-0.332797,0.215695,0.871038,0.214541,-0.0142592,-0.0074492,-0.096924,-0.277877,-0.232207,-0.0557012,0.10646
-5.33756,1.37008,0.382789,0.653012,0.00863595,0.158875,0.0184559,0.404541,0.134653,-0.2937,0.0780101,0.673407,0.341725,0.227656,-0.0844873,-0.139694,-0.355997,-0.321941,-0.158114,-0.000341144
-5.09902,1.40747,-0.0622143,0.334063,-0.197461,0.364891,0.175511,0.226168,0.0459403,-0.107749,0.261327,0.45469,-0.0151557,0.247598,0.330631,0.164259,-0.256133,-0.337874,-0.0205071,0.266134
-3.95859,0.830976,-0.082159,0.37734,-0.0758002,0.679561,0.191975,0.215237,-0.0151593,0.269162,-0.0553061,0.101475,0.0212511,0.147367,0.018459,0.026711,-0.417268,-0.325777,-0.0161648,0.0791011
-5.33425,1.15786,0.0357333,0.251451,-0.288559,0.234645,0.0771423,0.544677,0.168303,0.0617228,0.405589,0.328525,0.0220444,0.113593,0.1094,0.0100109,-0.282604,-0.370438,0.0578972,0.116196
-4.92385,1.06728,0.47883,0.331949,0.077494,0.290835,0.191404,0.00127095,0.264729,0.246742,0.471405,0.255053,-0.214344,-0.0846345,0.249701,0.193811,-0.29684,-0.198533,0.354343,0.177644
-4.73816,0.8509,0.872473,-0.199953,0.330257,0.484177,0.182562,0.312595,0.0320425,-0.109314,0.267443,0.432523,0.166889,0.0551522,0.141235,0.174154,-0.400022,-0.370119,-0.000496812,0.249278
-4.20332,0.446811,0.436913,0.105397,-0.159786,0.315868,0.320761,-0.0778233,0.112012,-0.0219671,-0.0843581,0.504034,0.00225551,0.36493,0.325715,-0.13763,-0.117759,-0.3202,-0.0930257,0.3066
-4.10211,0.678394,-0.114445,0.978242,-0.183791,0.018922,0.584974,-0.0673204,0.131492,0.383056,0.0062261,0.118958,-0.0661561,0.106907,0.405689,0.20683,-0.279263,-0.307761,0.151064,0.43689
-4.72222,1.41688,-0.276634,0.297748,0.51227,0.169998,-0.00135027,0.589161,0.214196,-0.272667,0.221633,0.262161,0.0365956,0.232275,-0.00939291,-0.0760929,-0.236794,-0.314929,0.139789,0.136382
-5.64353,1.58626,-0.273267,0.223136,0.0571459,0.681199,0.275037,0.362962,0.130032,-0.170442,0.201858,0.454002,0.097849,0.0498527,0.444233,0.319815,-0.483358,-0.50441,0.320829,0.324074
-5.83957,1.52634,-0.413644,0.0923425,0.0223923,0.427375,0.222673,0.643181,0.312938,0.00298157,0.426402,0.607268,-0.122511,-0.0619776,0.368324,-0.0561153,-0.558583,-0.28862,0.264504,0.398657
-5.98346,1.63115,-0.0338937,0.164485,0.180632,0.428387,0.216127,0.472666,0.277287,0.110697,0.423662,0.149797,-0.180625,0.13242,0.36812,0.178443,-0.570433,-0.125825,0.35727,0.209918
-6.1304,1.57431,0.0756601,0.242053,0.209965,0.328468,0.135818,0.477528,0.378016,-0.0154629,0.237868,0.303068,-0.101,-0.0307686,0.351676,0.0223108,-0.161278,-0.121269,0.485162,0.31088
-5.93751,1.37982,0.141194,0.236461,0.441576,0.280247,0.0661184,0.144169,0.154056,0.216206,0.0536589,0.141213,0.0761015,0.32187,0.201362,0.0984643,-0.337261,-0.132177,0.139635,-0.0164731
-5.09207,0.496771,0.530479,-0.00463304,0.388293,0.0666104,-0.436554,-0.0122241,0.09004,0.489056,0.286604,0.319603,0.641113,0.536916,-0.0619617,-0.121132,-0.568001,-0.258101,-0.32243,-0.110551
-5.30517,0.618129,0.168361,-0.0391996,0.53619,-0.0749298,-0.155956,0.350852,0.444616,0.527354,0.184081,0.20158,0.0752846,0.00901583,0.22011,0.261717,-0.160643,-0.233883,-0.147437,0.0312317
-4.87431,1.07393,-0.0333157,0.773385,0.416075,-0.0288549,0.114002,0.312195,0.410693,-0.0824752,-0.164565,2.57083e-05,0.116435,-0.0683764,0.244697,0.449228,0.168591,-0.126139,0.0116846,0.244558
-4.84519,1.5438,-0.196408,0.496994,-0.0794772,0.00366899,0.0597891,0.199148,0.213188,-0.187906,-0.0466438,0.0535567,0.0676579,0.0845601,0.312924,0.115089,-0.238519,0.187844,0.0538159,-0.119619
-2.37914,1.60151,0.357907,0.338906,-0.182871,-0.0413636,0.0889092,-0.0366717,0.000886727,-0.33128,-0.0609939,-0.032221,-0.245997,-0.313028,-0.0865917,0.0339515,-0.310573,-0.122542,-0.0496645,-0.0991129
-1.38565,0.943451,0.79499,0.39772,-0.0649649,0.0489391,0.083833,-0.0694277,0.0932941,-0.00714695,-0.0837603,-0.0397435,0.0830865,0.300528,-0.0982833,-0.0395775,-0.261451,-0.0998649,-0.215728,-0.237692
-2.69004,0.492416,0.960689,0.749665,0.0927206,0.178941,0.163117,0.0858429,0.103363,0.00168274,0.191781,0.135901,-0.124729,-0.19426,-0.178022,-0.0861463,0.0447648,-0.0378923,-0.0649515,-0.200449
-3.16357,0.856827,0.663915,0.422471,-0.00964185,-0.122782,0.136358,0.29223,0.209961,-0.360623,-0.088423,0.100919,-0.37033,-0.177493,0.151436,0.0405124,-0.0643271,0.0169901,0.15147,0.135003
-4.24162,0.505956,-0.0147442,0.202692,0.405516,0.0164537,-0.0859395,0.0994511,0.153412,0.147282,0.518336,0.442711,-0.367111,-0.162734,0.348655,0.0584971,-0.480646,-0.238654,0.233834,0.139496
-4.66616,0.656182,0.10622,0.639586,0.353012,-0.312009,-0.295014,0.22883,0.126548,0.198987,0.500791,0.342351,-0.296483,-0.198457,0.395736,0.178096,-0.44504,-0.196147,0.314092,0.206288
-4.9459,1.10522,-0.0131912,0.642888,0.431661,0.0504081,-0.20318,-0.201894,-0.0843732,0.2655,0.216909,-0.0829667,-0.446665,-0.12406,0.203198,0.0192133,-0.481664,-0.084622,0.401795,0.145044
-5.86086,0.951075,-0.359936,0.588994,0.562178,0.161141,-0.233238,-0.0513941,-0.171965,0.124808,0.692975,0.336471,-0.189187,-0.237022,0.593441,0.267721,-0.62812,-0.246042,0.380456,0.455828
-6.35228,0.921957,-0.571754,0.934136,0.635321,0.00157805,-0.411794,0.0490642,0.278632,0.378406,0.478971,0.236427,-0.382309,-0.378263,0.212171,0.211594,-0.875789,-0.186204,0.525563,0.387445
-6.37983,0.885599,-0.623605,1.25126,0.648327,0.100072,-0.304379,0.155298,0.192396,0.281936,0.480436,0.164858,-0.158171,-0.436542,-0.0153669,0.393411,-0.739653,-0.302269,0.433646,0.445628
-6.67196,1.14762,-0.101277,0.94593,0.398627,-0.0938076,-0.0275108,0.232273,-0.245119,0.362764,0.360836,0.0230888,-0.0756574,-0.135892,0.183908,0.0307247,-0.631099,-0.158722,0.43551,0.388834
-6.78943,1.26345,0.0737191,0.818334,-0.0917319,-0.0674746,-0.105581,0.181455,-0.0903671,-0.0504101,0.399842,0.124136,-0.215476,-0.057632,-0.0458241,-0.0820885,-0.319735,-0.0907149,0.235064,-0.00190238
-6.71505,1.3426,0.0382607,0.906939,-0.232263,-0.295802,-0.0959802,0.123309,-0.511932,-0.082208,0.250235,0.0679056,-0.320016,0.0539451,0.0750033,-0.153492,-0.295896,0.00313612,0.27931,0.0834776
-6.5485,1.19731,-0.243063,0.858485,-0.31318,-0.26188,-0.313724,-0.155974,-0.352359,0.214878,0.275281,-0.095663,-0.47131,-0.131959,0.44485,0.22301,-0.424787,-0.162164,0.328823,0.477335
-3.98062,1.56605,0.0997942,0.656693,1.01909,0.385935,0.289049,0.159084,0.241408,0.301613,0.333622,0.00282234,-0.139201,0.0242209,0.118897,0.208416,-0.18884,0.00451685,0.257203,0.312505
-3.97542,1.78898,1.07942,0.41349,0.639733,0.496804,0.226481,0.288261,0.39246,0.501371,0.411215,0.265687,0.203744,0.292235,0.216929,0.0971027,-0.0634799,-0.15899,0.08053,0.169308
-5.12168,1.03109,1.23794,1.03019,0.845844,0.311879,0.303553,0.0895246,0.194106,0.67242,0.740512,0.537026,0.040149,-0.272293,0.0597533,0.154668,-0.312791,0.00945824,0.190332,0.174086
-5.24561,1.47292,0.726383,1.20846,0.511576,-0.0156124,0.16257,0.0635235,0.155527,0.169558,0.361871,0.772385,0.195436,0.00803532,0.408183,0.0483459,0.125893,0.0310356,-0.0607303,0.0816045
-5.47369,1.63504,0.633181,1.12443,0.482705,0.0760389,0.0693651,0.116826,0.0322033,0.235305,0.434312,0.407604,0.208596,0.0845221,0.198556,-0.0230789,-0.0676166,0.361201,0.205836,-0.0808703
-5.70156,1.73832,0.619239,1.18202,0.406358,0.115799,0.0286722,-0.123667,0.115011,0.293852,0.619683,0.658654,0.0913523,-0.224963,0.0187867,0.242945,0.0397558,0.128269,0.207418,-0.114933
-6.04643,1.70383,0.55601,1.16856,0.141703,-0.128526,-0.140705,0.113703,0.00846157,-0.00176451,0.579137,0.538016,0.282027,-0.341118,-0.133068,0.34763,0.0942466,0.149481,0.0216759,-0.0734851
-6.06822,1.5689,0.630762,1.3472,0.282774,0.00576514,-0.0190481,0.056352,-0.117458,0.157382,0.458045,0.794655,0.314441,-0.304582,-0.14662,0.185837,0.0573358,0.200742,0.0236957,-0.0525937
-6.27119,1.69537,0.4486,1.17588,0.408183,0.00574756,-0.279843,-0.095779,-0.322733,0.239192,0.410657,0.489451,0.209656,-0.32723,-0.10973,0.328749,-0.007987,0.0768918,0.109346,-0.103425
-6.51648,1.74672,0.682875,1.19821,0.271456,-0.144671,-0.291556,-0.134643,-0.141403,0.227268,0.264924,0.530764,0.213186,-0.0274907,-0.119775,0.0611143,0.0542683,0.267616,-0.0480626,-0.0252609
-6.60464,1.66803,0.60686,1.53353,0.317656,-0.0916107,-0.354113,-0.188917,0.0360556,0.428567,0.689407,0.341994,0.0591329,0.0151219,0.198638,-0.00175596,-0.0299379,-0.0150619,-0.186873,-0.0129264
-6.70115,1.57085,0.518788,1.15537,-0.0221216,-0.239896,-0.0910529,0.134669,-0.0837918,0.300398,0.343564,0.221609,0.02778,0.14375,0.125259,0.136166,0.116067,0.0949183,-0.267919,0.0875728
-7.21523,1.25616,0.822816,1.36243,0.334905,0.347343,-0.179694,-0.0161865,-0.0379596,0.645171,0.315049,0.0965629,-0.471984,-0.206513,-0.0398006,0.106014,0.16218,0.0528153,-0.00616599,0.161326
-7.54549,1.03757,1.02749,1.28182,0.387697,0.121791,-0.0581907,0.0780605,0.309129,0.687286,0.494148,-0.25754,-0.507573,-0.212869,0.120535,0.289509,0.0918846,0.0482227,-0.105643,0.0879925
-7.06304,0.479226,1.96604,0.777233,0.323921,-0.102374,-0.0703931,0.0823177,0.0934467,0.491802,0.32793,-0.192777,-0.288401,-0.0258912,0.0393056,0.196239,-0.0172022,0.0332965,0.238463,0.178921
-6.90082,-0.0714319,1.98132,0.957984,0.747054,0.0660542,-0.0874158,0.0990638,-0.0779187,0.425726,0.383428,-0.0262608,-0.227219,-0.39838,-0.304538,0.121585,0.24992,0.278321,0.130845,-0.109595
-7.00711,0.202817,1.78378,0.804853,0.523964,0.0360797,0.127327,0.24221,-0.0587455,0.208612,0.336492,-0.0582501,-0.145209,-0.280786,-0.252224,0.164001,0.147677,0.194619,0.107119,0.191742
-7.03384,0.341051,1.15521,1.14881,0.768417,0.0920132,-0.140655,-0.257099,0.313645,0.491741,0.500144,0.190522,-0.438662,-0.457982,0.00425056,0.147751,0.0462329,0.133479,0.0662963,0.0725302
-7.20636,0.399745,0.736416,1.24868,0.601135,0.126876,-0.0833241,0.360205,0.37268,-0.126711,0.208586,0.387792,-0.373688,-0.345532,0.366392,0.334228,-0.0496871,0.156351,0.252111,0.316702
-7.625,0.827312,0.519668,1.31061,0.753796,0.220876,-0.00644544,0.3318,0.608661,-0.0982484,0.042622,0.291742,-0.430114,-0.151594,0.195034,0.147767,0.030312,-0.0635011,0.12206,0.258787
-7.68457,1.15922,0.705084,1.10884,0.462677,0.0247391,0.0740504,0.244437,0.069249,-0.0648406,0.0998024,0.197214,-0.300782,-0.118314,0.0776128,0.306818,0.265465,0.13442,-0.0650445,0.223678
-7.94613,1.20189,0.695812,1.11413,0.781341,-0.00506534,-0.071092,0.346111,-0.105624,-0.306871,0.147193,0.357806,0.0214198,-0.17901,0.147952,0.160672,-0.0254379,0.11349,0.207736,0.100596
-7.93594,1.30272,0.548152,1.36083,0.671492,-0.122683,-0.272154,-0.0167425,0.166475,-0.0937985,0.210739,0.350717,-0.150905,-0.40036,0.0713343,0.452174,0.355729,0.027953,0.0654025,0.329495
-7.46323,2.02255,0.877659,1.53142,0.92082,0.24049,0.314548,0.662019,0.37162,-0.0912324,-0.00592821,0.159818,-0.102657,-0.280092,0.192513,0.300267,0.134015,-0.187118,-0.190267,0.241183
-7.93971,1.42229,0.874771,1.64345,0.809539,0.29491,0.45483,0.30527,-0.0361834,-0.107138,0.106646,0.396901,0.013437,0.0183144,0.372372,0.341878,0.272249,0.197405,0.017183,0.478644
-7.52111,1.02496,0.363225,1.19386,0.285805,0.127881,0.564351,0.415193,0.00935384,0.0566337,0.233993,0.106125,-0.27591,0.0225283,0.417612,0.258061,0.340159,0.278416,0.0186694,0.341564
-7.79207,1.42938,0.5868,1.0825,-0.134175,-0.109186,0.237926,0.252679,-0.0868207,0.0303634,0.0455803,0.205182,-0.0514747,-0.0652486,0.286505,0.233925,0.271929,-0.00229305,-0.06744,0.254528
-7.84411,0.920848,0.7924,1.10282,0.235749,-0.169729,0.0352008,0.21133,0.113748,0.164966,0.040163,-0.0549478,-0.15596,-0.0100699,0.227611,0.217622,0.232199,0.142469,-0.140694,0.0754614
-3.80835,1.49882,0.497454,0.860412,0.79668,0.217628,0.329846,0.356635,0.091911,0.190071,0.0858188,0.276343,0.087864,0.075482,-0.0456579,0.150759,0.0737124,0.205466,0.141,0.0991729
-4.6303,1.71896,1.41685,0.664657,0.495887,0.311835,0.542884,0.337367,0.280158,0.387229,0.263289,0.374525,0.199461,0.394186,0.288899,0.143734,-0.0352034,-0.0344315,-0.112307,0.165126
-5.92718,0.789385,1.36119,1.12636,0.914477,0.117922,0.393049,0.779209,0.459802,-0.0813736,0.233716,0.122261,0.00769976,0.0857266,0.334573,0.253034,0.188759,0.339117,0.210407,0.204721
-6.13497,0.715423,0.732699,1.37692,0.913401,0.0893966,0.0881246,0.821643,0.44449,-0.245018,0.291253,0.333807,-0.312883,-0.172763,0.428831,0.412987,0.242155,0.248548,0.253323,0.0243168
-6.63385,0.98734,0.334161,1.13599,0.755129,-0.211437,0.0664303,0.612977,0.433196,-0.0187215,0.192521,0.390254,-0.238716,-0.131239,0.479851,0.515702,0.227459,0.135002,0.435657,0.18196
-6.50704,1.11574,0.115653,1.22948,0.393603,-0.102995,-0.0283652,0.544239,0.369902,-0.364756,-0.0470115,0.268184,0.0664314,0.164767,0.449578,0.351188,-0.0605798,0.250809,0.325452,0.142043
-6.96162,1.35882,0.00971099,1.13807,0.608299,-0.0271138,0.108124,0.665888,0.00908849,-0.317041,0.0862731,-0.0319196,-0.475086,-0.0676214,0.387478,0.678098,0.496448,0.310005,0.122583,0.291447
-7.16885,1.09274,0.472106,1.17463,0.500588,-0.196728,0.015283,0.778397,0.200334,-0.211665,-0.0963927,0.2928,-0.232671,-0.443481,-0.0387729,0.661046,0.45712,0.237988,0.0794073,0.34254
-7.67597,0.956469,0.259742,1.46978,0.956663,-0.337909,0.0645659,0.875504,-0.174848,-0.636698,-0.0366995,0.237479,-0.313571,-0.54598,-0.139601,0.508174,0.404326,0.201959,0.0315244,0.208158
-7.90833,0.914148,0.310135,1.52053,0.824105,-0.153923,-0.120734,0.400393,-0.105662,-0.389081,-0.154967,0.185459,-0.113741,-0.247883,-0.176898,-0.0186412,0.0563775,0.122784,0.159964,0.569387
-7.41316,1.18773,0.0105893,1.07068,0.472543,0.0398903,-0.102872,0.430179,-0.145663,-0.106348,-0.200806,-0.0403077,-0.209748,-0.14248,-0.244839,-0.0173517,0.182823,0.549364,0.400751,0.150039
-6.93784,1.10449,-0.211015,0.914041,0.0650114,-0.0479257,-0.130913,0.300633,0.0198982,-0.0639075,-0.0782551,-0.0669358,-0.359092,-0.366138,-0.199968,0.0810506,0.262168,0.341157,0.222669,0.142627
-4.75743,0.804116,-0.491417,0.95802,-0.208512,0.407484,-0.203163,0.153289,-0.162646,-0.00847313,-0.107472,0.0792996,-0.00560367,0.0892927,0.0297019,0.0723256,0.0748849,0.202529,0.0956454,0.266364
-4.92631,1.57659,0.42132,0.529254,-0.172848,-0.231013,-0.274197,-0.116248,-0.174443,-0.220582,-0.182042,-0.225854,-0.0382992,-0.10641,-0.197901,0.042716,0.131113,0.0219503,0.0152492,0.0628919
-1.61756,1.72314,0.574853,0.158305,-0.105798,0.224356,-0.00201551,-0.176751,-0.171261,-0.0281149,-0.030289,-0.149294,-0.0311654,-0.239855,-0.375346,-0.00133312,-0.337849,-0.361223,-0.296186,-0.144158
-2.1038,0.734125,1.08327,0.712996,-0.0731705,-0.0684323,0.027966,0.139561,-0.0872639,-0.273335,-0.00268003,0.219124,0.179538,0.0679995,-0.185523,-0.0394211,0.047593,0.028918,-0.260158,-0.37173
-2.94379,0.73379,1.23494,0.59595,-0.253827,-0.0136484,0.125705,0.103133,0.0110015,0.0115894,-0.184273,-0.0560485,-0.0830634,0.116643,-0.0271317,-0.114194,0.0717495,-0.132281,-0.0381038,-0.034692
-4.58578,0.536344,1.04392,0.452772,0.092991,0.179565,0.428473,-0.136477,-0.227488,-0.173632,-0.248131,-0.224786,-0.122054,0.145606,-0.0203349,0.0290708,0.182877,0.163313,-0.0197467,-0.0279625
-5.76095,0.600188,1.15141,0.250088,-0.212925,-0.152013,0.102708,0.150306,-0.0256414,-0.0728056,-0.107599,-0.0719458,-0.0593336,-0.0177339,0.0189131,0.000509915,0.137264,-0.0334752,-0.0208437,0.212421
-6.29599,0.771231,1.28974,0.41462,-0.336997,-0.656192,-0.0543697,0.0774032,-0.300376,-0.34369,-0.0500867,0.151417,-0.0761766,-0.202469,-0.0434296,-0.0585099,0.0998427,0.0619906,-0.108187,-0.0389623
-6.35243,1.12954,1.13563,0.786068,-0.21206,-0.319971,-0.0527638,0.021266,-0.332401,-0.00439789,0.11066,0.053553,0.0034331,-0.293573,-0.210012,0.112084,0.289732,-0.00609004,-0.146378,0.0504108
-6.64559,1.22127,1.1362,0.753488,-0.729138,-0.290018,0.0712064,-0.171129,-0.288641,0.369694,-0.0631753,0.081722,0.140547,-0.163388,-0.232092,-0.144251,0.538068,0.0494561,-0.142053,0.0881343
-6.65563,1.27104,0.894641,0.85467,-0.675437,-0.536009,0.231396,0.1956,-0.356828,0.303485,-0.121326,0.591541,0.0119231,0.0566216,0.127999,0.0965388,0.377545,0.0283103,-0.0423705,0.280576
-7.34425,0.770009,0.606436,1.30494,-0.292452,-0.104804,0.471669,0.406226,0.0508186,0.112708,-0.497257,0.176707,-0.0168822,-0.16888,-0.248062,0.0564688,0.727145,0.122591,0.0606308,0.381584
-7.26088,0.90311,0.924875,0.964784,-0.407048,-0.346529,0.128867,0.14809,-0.0821525,0.336441,-0.0302615,0.551358,0.0615543,-0.0478494,-0.0795502,0.219881,0.304464,-0.00553535,-0.156835,0.433493
-6.89719,1.01886,0.395818,0.971413,-0.000439797,-0.321038,0.0699175,0.145752,-0.290812,0.133408,-0.00063422,0.127106,-0.333352,-0.166611,-0.15021,-0.0852449,0.0492203,-0.137355,-0.212245,0.258983
-7.12548,0.798782,0.547736,1.25974,-0.130135,-0.249705,-0.32449,0.256383,-0.0561701,0.0734642,-0.278354,-0.289625,-0.404712,-0.163419,-0.257568,-0.0216192,0.187627,-0.0845507,-0.223184,-0.146438
-6.99684,1.0346,0.864579,0.582803,-0.234642,-0.402233,0.205368,-0.104707,-0.205847,-0.123737,0.291961,-0.0646064,-0.3347,-0.0975272,-0.0546568,-0.117053,0.279826,-0.0382605,-0.379499,-0.186737
-5.65276,0.568926,1.10756,0.0528296,0.129757,0.244655,0.321857,0.214371,-0.067986,0.316313,0.376843,0.0246268,-0.174872,0.0760648,-0.109429,0.193182,0.189373,0.125732,-0.027389,-0.0733127
-4.73119,0.48604,0.822288,0.676972,-0.0935358,-0.295427,0.525356,0.492684,0.147289,0.372377,0.269365,0.264595,0.0796081,-0.274153,0.0201127,0.20664,0.150306,0.122222,0.165753,0.315677
-4.79002,1.10473,0.252484,0.156708,0.363,0.0778013,0.113331,0.168344,0.0160077,-0.0411536,0.308459,0.612965,0.409909,-0.0793436,-0.0175209,0.097111,0.353154,0.524798,-0.0788175,-0.131947
-4.74357,1.02207,0.0200897,0.610957,0.382561,0.00888429,0.286364,0.630615,0.206797,-0.455016,0.00243558,0.354012,0.223325,0.0967533,-0.115419,0.193606,0.520243,0.576086,-0.0451914,-0.229697
-5.63643,1.09903,-0.0719291,0.863656,0.378444,0.170244,0.336859,0.538683,-0.27598,-0.694538,-0.231516,0.525859,0.165448,-0.240315,-0.158393,0.237671,0.38152,0.135438,-0.0933202,-0.00475331
-5.99788,1.13395,-0.14229,0.886268,0.311376,-0.0194833,0.259172,0.712249,-0.155318,-0.707958,0.105117,0.340985,0.140768,-0.254305,-0.197473,0.353788,0.286123,0.368469,0.0885433,0.0327786
-6.55668,1.04398,-0.0333612,0.986115,0.526699,-0.0473311,0.35141,0.607303,-0.146764,-0.452316,0.0436345,0.590738,0.210827,-0.275095,-0.223674,-0.0499769,0.328805,0.4585,0.244051,0.144672
-6.50726,1.09481,0.00882306,0.782422,0.238339,-0.0863764,-0.0522662,0.725594,-0.069562,-0.311927,0.150412,0.252858,0.24793,-0.390293,-0.127358,0.139972,0.325335,0.183041,0.133516,0.0293587
-7.14175,0.981944,0.391926,0.955797,0.582996,-0.139613,0.27558,0.730782,0.188491,-0.667635,-0.154991,0.259647,0.00706909,-0.336014,0.022616,0.20304,0.289151,0.334964,-0.0161839,0.0136623
-6.27263,1.06253,1.14953,0.933583,1.04202,0.0191591,0.604721,0.829475,0.332321,-0.192226,0.147248,0.311303,0.0588517,-0.0223408,0.045565,0.0455736,0.214362,-0.01724,-0.0870762,0.0539434
-6.58722,0.656426,1.05614,0.921216,0.773274,0.0697899,0.682993,0.469492,0.0132238,-0.153238,0.0696864,0.38993,0.353424,-0.0099057,0.0223528,0.169781,0.520941,0.388615,0.017248,0.181594
-6.39341,0.841624,0.571116,0.742129,0.518702,0.0320373,0.47271,0.471452,-0.0549938,-0.157885,-0.0229293,-0.0768666,-0.19925,-0.0562964,0.120395,0.30722,0.303882,0.150511,-0.0129766,0.0264404
-6.55603,1.20983,0.433424,0.733338,0.398435,0.0519773,0.270668,0.11481,-0.124933,-0.238749,-0.0826317,0.0102428,-0.141067,-0.123481,-0.10507,0.100681,0.346406,0.181394,-0.130723,0.0283124
-5.98781,1.16968,0.410744,0.333429,0.238687,0.0642208,0.0962928,0.280656,0.354739,0.0469022,0.111776,0.137768,0.220536,-0.306383,-0.103001,-0.105951,0.0423195,0.139776,0.197811,0.270237
-3.54196,1.38697,0.495199,0.657508,0.743521,0.428999,0.0940352,0.38843,0.319118,0.181928,0.0712316,0.198778,0.246992,-0.0165492,-0.142705,0.129445,-0.189679,-0.104112,0.0653973,-0.0235678
-3.44482,1.62399,0.624323,0.385378,0.618076,0.760748,0.627338,0.429316,-0.00572019,0.209336,0.449603,0.44792,0.122415,0.104712,0.184513,-0.0507361,-0.17874,0.0273054,0.226919,0.238927
-3.6744,1.39624,0.000418286,0.532124,0.707801,0.671584,0.24708,0.234121,0.158459,0.343593,0.417486,0.371706,0.252276,-0.0749416,0.287869,0.0535554,-0.176511,-0.0541229,0.151891,0.138923
-3.9192,1.33718,-0.153924,0.814837,0.932623,0.633541,-0.212946,-0.170663,0.024434,0.189279,0.277041,0.220262,0.222201,-0.0368697,0.118646,-0.0248723,-0.152829,0.0275427,0.0232528,0.145539
-3.6026,1.93647,-0.090887,1.02382,0.543302,0.249764,-0.341891,-0.0815521,-0.205378,0.117109,0.155514,-0.0384947,0.126695,0.136046,0.295343,0.0765192,-0.261434,-0.139796,0.0358271,0.14608
-3.9947,1.69979,-0.0973606,0.95985,0.077665,0.37025,0.0452351,-0.157723,-0.0773841,0.115418,0.227941,0.0441779,0.150466,0.183239,0.434584,0.00201791,-0.49124,-0.32457,0.071461,0.0913719
-4.55879,1.69185,0.167472,1.03132,-0.133776,0.217326,0.0484161,-0.0156218,-0.242915,0.251138,0.228048,0.175428,-0.0900185,-0.410003,0.242647,0.142006,-0.201116,-0.339526,0.0139334,0.154169
-5.06425,1.58823,0.305234,1.0133,-0.17131,0.248871,0.219685,-0.0264003,-0.268886,-0.0187836,0.262842,0.232738,0.0452738,-0.212837,0.40259,0.0161781,-0.307442,-0.217234,0.193851,0.130085
-5.66729,1.38883,0.439751,1.00571,0.163886,0.0831029,-0.112516,0.199073,-0.266,-0.246844,0.173979,0.594805,0.172745,-0.0312582,0.0399163,-0.14153,-0.112855,-0.0818679,-0.19563,-0.143696
-5.83062,1.48682,0.225897,0.923196,0.0752652,0.250013,-0.245034,-0.0432485,-0.0605155,-0.144615,0.137421,0.676586,0.0915913,0.0321589,0.16695,-0.308991,-0.308559,-0.181381,-0.159976,-0.0107631
-6.13031,1.44298,0.0905318,1.14415,0.19643,0.405498,-0.248198,-0.147231,-0.321035,-0.0562164,0.397189,0.312688,-0.0146833,-0.140434,0.349652,-0.169109,-0.332522,-0.376289,-0.249226,0.0701798
-6.41332,1.30666,0.104486,0.558531,0.058208,0.155166,-0.381943,-0.320014,-0.122529,0.442982,0.724656,0.178862,-0.0568363,-0.0700268,0.237319,-0.062593,-0.155134,-0.455468,-0.0264984,0.146822
-7.07896,1.14323,0.421158,0.506495,0.1862,0.259053,-0.160963,0.0140591,0.223539,0.640664,0.858295,0.276204,-0.30488,-0.157875,0.0328062,-0.0185117,-0.339033,-0.324673,0.168208,0.249372
-6.83434,1.15842,0.730155,0.529169,0.534791,-0.250839,-0.0672295,0.0308471,0.293683,0.560387,0.60746,0.17388,-0.217275,-0.279052,0.184901,0.0977007,-0.380531,-0.28553,0.306976,0.273484
-6.23321,0.245868,1.41279,0.171168,0.373603,-0.166026,-0.335668,0.172684,0.215289,0.458448,0.419811,0.16437,-0.237009,-0.280429,0.169718,0.330368,-0.472448,-0.122128,0.151584,-0.141685
-5.1464,0.93467,0.762783,-0.64749,-0.0825594,0.280393,-0.00806038,-0.296148,0.00355379,0.509655,0.293033,0.142167,-0.244145,-0.398217,-0.105047,0.122793,0.0356358,0.420871,0.364408,-0.00242067
-5.71475,1.35412,0.931404,-0.154477,0.0863088,0.383416,-0.264042,-0.496985,0.0826803,0.658297,0.78922,0.222446,-0.27828,-0.445557,-0.240987,-0.2509,-0.167512,0.145441,0.652553,0.222404
-5.87182,1.33556,0.739344,0.118609,0.195307,0.179441,-0.195502,0.0795434,0.184256,0.357656,0.434311,0.301745,-0.207405,-0.415558,-0.0737966,-0.0985917,-0.478023,0.00922285,0.545574,0.275563
-6.46173,1.33311,0.370228,0.24057,-0.0167348,0.0165938,-0.296106,0.0691086,0.50229,0.404414,0.2801,0.147992,-0.0465327,-0.243714,0.0839134,0.109624,-0.601498,-0.375429,0.469095,0.320668
-6.77961,1.52845,0.70535,0.459533,0.0976151,-0.092667,-0.166014,-0.0490241,0.396172,0.488546,0.635059,0.0477642,-0.531596,-0.0497059,0.351443,0.132709,-0.636447,-0.522494,0.25367,0.306812
-6.66976,1.42573,0.657175,0.397852,0.0882162,-0.0873264,0.0750185,0.0180243,0.0548162,0.108004,0.241317,-0.0779868,-0.291556,-0.121219,0.351886,0.166791,-0.550523,-0.286189,0.554484,0.294888
-6.64574,1.4997,0.490591,0.158199,0.0925416,0.0286526,-0.474393,0.195052,0.245745,0.24103,0.157754,0.109896,-0.124998,-0.253364,0.178548,0.0525291,-0.393448,-0.253471,0.420477,0.32379
-6.69544,1.49258,0.674011,0.231561,-0.0850069,-0.152665,-0.0132055,0.241793,0.18432,0.160806,0.285368,0.42845,-0.16566,-0.247995,0.02496,-0.092096,-0.401486,-0.157682,0.814934,0.430655
-6.45286,0.482419,1.46926,-0.273764,0.0847488,0.411074,-0.0370731,-0.0203239,-0.000418243,0.145834,0.211669,0.248714,-0.128977,-0.242448,-0.404315,-0.272836,-0.501786,0.271287,0.783149,0.503626
-6.69091,0.456454,1.07517,-0.118961,0.480703,0.374843,-0.119316,0.149894,-0.129828,-0.222868,0.234617,0.396121,-0.0792475,-0.193676,-0.337944,-0.382896,-0.205206,0.30869,0.734562,0.311951
-5.62276,1.28053,0.522758,0.18367,0.0276179,0.0145092,0.0346563,0.199191,-0.177252,-0.0616951,-0.117904,-0.0519967,0.136028,0.0671859,-0.139422,-0.25623,-0.22551,0.180221,0.536017,0.242213
-5.89174,1.51943,0.756936,0.362659,-0.231586,0.111267,0.0150765,-0.0820316,-0.183967,0.0806155,-0.156495,-0.15335,0.0609644,0.339441,0.224655,-0.36647,-0.574572,0.184485,0.694205,0.0633174
-3.18713,1.76176,0.426601,0.113299,-0.173028,0.0937763,-0.178295,-0.227997,-0.106546,-0.327337,-0.267426,-0.232603,-0.15915,-0.215539,-0.201183,-0.202613,-0.195959,-0.0689869,-0.0440532,-0.0350904
-1.38986,1.273,0.626514,0.138073,-0.0725574,0.223243,0.189724,-0.125713,0.0527846,0.00010547,-0.257381,0.0493986,0.155023,0.168404,-0.15632,-0.0834029,-0.353455,-0.200441,-0.22425,-0.147405
-2.39836,0.778861,0.811073,0.513453,-0.0946811,0.217071,0.282432,0.410843,0.167146,-0.490922,-0.0405046,0.148102,0.0319116,-0.138993,-0.0917929,-0.111519,-0.384043,-0.383389,0.0495652,0.0531099
-3.05814,0.729858,0.606133,0.191979,-0.0246091,0.0786544,-0.046995,0.166219,0.0721641,-0.422125,-0.31294,-0.234696,-0.236139,0.0781246,0.121852,-0.117376,-0.362639,-0.181864,0.196498,0.240141
-4.21673,0.532745,0.0165021,0.0208902,-0.0398569,0.0709761,0.0874173,0.266005,-0.0176302,-0.299027,-0.175216,-0.0228707,-0.0986355,0.0654303,0.31352,-0.280801,-0.907661,-0.52922,0.311114,0.435413
-4.52615,0.709795,-0.0933247,0.0599903,0.0992712,-0.0224305,0.014788,-0.0279,-0.122848,-0.120415,-0.0483285,0.172449,0.142296,0.0538402,0.370197,-0.113112,-0.841982,-0.345751,0.248803,0.440711
-5.08773,0.858924,-0.261787,0.347221,0.417012,0.124504,-0.136718,-0.0546371,-0.202115,-0.270857,-0.0265065,0.143128,-0.0169653,0.0708661,0.311531,8.79625e-05,-0.895905,-0.486492,0.452685,0.519221
-5.61302,1.02545,-0.394744,0.114388,0.523807,0.211795,-0.19241,0.276402,-0.0584882,-0.109706,0.218209,0.00417366,-0.0881745,0.167106,0.375721,-0.0837633,-1.02052,-0.475734,0.640463,0.814352
-6.26692,0.980951,-0.43877,0.190627,0.0134923,0.553475,0.23002,0.0827967,0.00275673,0.409277,0.0563807,0.0498619,-0.0549273,0.174111,0.13058,-0.200048,-0.926784,-0.557921,0.521987,0.788969
-6.16369,1.05397,-0.901169,0.130541,-0.250881,0.431227,0.239584,0.141118,-0.00564225,0.371823,0.195644,-0.126178,-0.164112,0.000804082,0.245157,-0.0117812,-0.799796,-0.57424,0.294001,0.326694
-5.95591,1.40667,-0.392448,0.303181,-0.152439,0.178643,0.261648,0.256934,-0.281978,-0.0250124,0.128198,-0.109895,-0.300731,-0.0326877,0.418253,0.00261855,-0.819893,-0.362727,0.369992,0.436748
-6.09206,1.18124,-0.733106,0.0587205,-0.0147653,0.123564,-0.309915,0.196824,-0.135218,-0.161529,0.212245,-0.0257601,0.0561391,0.187355,0.293875,-0.245801,-0.687361,-0.0912345,0.52201,0.423902
-5.97657,1.014,-0.638794,-0.00431961,-0.12304,0.252036,0.0298142,0.186868,-0.161861,-0.19784,0.207101,0.176935,-0.145972,0.0533254,-0.0336067,-0.663331,-0.767208,0.0384099,0.82084,0.499188
-6.25832,1.13934,-0.572659,0.121923,-0.0303029,0.312502,-0.12133,-0.0465749,-0.453029,-0.000331565,0.271381,0.0541105,-0.324481,-0.149909,-0.0812363,-0.555465,-0.85164,0.0831231,0.702976,0.370138
-4.60985,1.27767,-0.173778,0.356351,0.777361,0.357872,0.240711,-0.129786,-0.0383531,0.0204138,0.225552,-0.0125607,-0.103529,0.137129,0.106493,-0.201925,-0.435234,0.11367,0.339449,0.484743
-3.656,1.74592,0.863951,0.190653,0.695121,0.349851,0.529738,0.186156,0.0302073,0.602237,0.320079,0.345647,0.331317,0.299139,0.204776,-0.124287,-0.475396,-0.122713,0.104851,0.156575
-4.58465,1.43794,1.03123,0.432359,0.753033,0.57653,0.51952,0.212535,0.203084,0.531294,0.510324,0.398291,0.187245,-0.00347993,0.128408,0.0322852,-0.430187,-0.131635,0.197857,0.471843
-4.6185,1.6398,0.453264,0.850817,0.625509,0.16705,0.367642,0.112477,-0.0192883,0.0448018,0.453128,0.725186,0.2777,0.135309,0.321024,0.0659497,-0.211345,-0.0963414,0.0798866,0.222352
-5.10217,1.47838,-0.0735015,0.806234,0.401451,0.622111,0.14325,0.157581,-0.124665,0.20964,0.657811,0.637966,0.276069,0.272963,0.372605,-0.00352255,-0.287884,-0.222718,0.130036,0.137123
-5.35464,1.43257,0.00535207,0.585499,0.324838,0.368154,-0.0563233,0.102905,-0.234314,-0.218052,0.428812,0.715434,-0.0134941,0.223768,0.140523,-0.210706,-0.500672,0.0309011,0.457321,0.108856
-5.54548,1.47023,0.0874426,0.612976,0.336652,0.223509,0.0586658,0.213165,-0.464045,-0.281064,0.383715,0.606758,0.188384,0.0315541,0.0365477,-0.273848,-0.660193,-0.0912837,0.509857,0.137202
-5.58602,1.50105,0.0817628,0.39046,0.231678,0.182116,-0.0884141,0.217382,-0.504463,-0.19182,0.490773,0.698591,0.05697,0.173366,0.236823,-0.164856,-0.436086,-0.247069,0.264592,0.238278
-5.97775,1.42359,0.188725,0.73426,0.452814,0.285913,-0.0569115,0.138732,-0.360445,0.0522513,0.460741,0.716033,0.0667261,-0.0534457,0.445509,0.21008,-0.335239,-0.326265,0.229101,0.0985621
-6.25865,1.72809,-0.160936,0.650001,0.369999,0.271383,-0.067859,0.223969,-0.295297,0.0398429,0.303818,0.69548,0.359766,-0.0238625,-0.00633113,0.0065369,-0.165368,-0.104082,0.111985,0.0290898
-5.6985,1.57997,-0.247819,0.571788,-0.0154375,0.322722,0.0326745,0.11819,-0.341648,0.161491,0.522367,0.596555,0.0388453,-0.005197,0.121304,0.145404,0.14631,0.0453287,-0.113473,-0.145169
-5.04673,1.02061,-0.195608,0.62689,-0.346645,0.240644,0.0229733,0.278502,-0.199428,0.110588,0.163941,0.459188,0.299107,0.278158,-0.084154,0.0850642,0.271565,0.242748,0.000410387,-0.0937333
-6.60107,1.79496,-0.447559,0.31312,0.348817,0.498966,0.254488,0.300423,-0.085799,-0.0388525,0.117598,0.491574,0.0763083,0.0250574,0.000321483,0.239803,0.0171887,0.0487181,-0.156224,0.0215761
-6.21389,1.15347,-0.119257,0.45541,0.0739519,0.578953,0.228514,0.324854,-0.190591,-0.134781,0.18782,0.509612,0.27641,0.0281818,-0.216651,-0.0793445,-0.104997,0.259321,0.141972,0.154369
-6.435,0.844795,0.338366,-0.433672,0.444245,0.363782,0.506409,0.275663,0.107365,-0.0501843,0.112761,0.395409,0.636538,0.35332,-0.278929,-0.39773,-0.0633318,0.205482,0.260252,0.210046
-5.97303,0.303312,0.816943,-0.436065,0.502264,0.40089,0.457497,0.576553,0.0898874,-0.0342815,-0.220486,-0.103985,0.430006,0.372508,0.0806958,-0.00140247,-0.504594,-0.101521,0.317677,0.294962
-5.63655,0.77848,0.836414,-0.464394,0.0902717,0.0780626,0.0200122,0.41422,0.315962,0.130454,-0.0806298,0.104471,0.157327,0.166946,0.488073,0.166197,-0.372665,-0.0315848,0.150659,0.170056
-6.06397,1.05609,0.428555,-0.280793,-0.0314226,-0.140992,-0.288726,0.303293,0.562911,0.214999,-0.092477,-0.112834,-0.0164769,0.375641,0.410721,0.264716,0.138718,0.212386,0.261186,-0.00971953
-6.3018,1.49974,0.554836,-0.0443272,0.0435202,-0.0930056,-0.586544,0.225566,0.362277,0.277558,0.00609372,0.105902,0.166501,0.128585,0.0224625,-0.0422106,-0.033591,0.219703,0.216845,0.0603302
-6.80363,1.45506,0.540331,0.279441,0.0832379,0.0795362,-0.742724,-0.0620585,0.306239,0.185389,0.458772,0.311717,-0.0338992,0.0618349,-0.162794,0.0646576,-0.0355872,0.306276,0.276843,0.0584253
-7.31715,1.70936,0.385179,-0.0550334,0.00296552,0.0839614,-0.327892,0.144207,0.286069,0.149982,0.247169,0.388911,0.00252304,-0.112498,-0.140608,0.356247,-0.106603,-0.0309807,0.13688,0.143921
-7.19734,2.15914,0.532179,0.307875,0.175477,-0.13834,-0.378605,0.159807,0.0856876,0.0760026,0.247277,0.458782,-0.168806,-0.165773,-0.197304,0.18159,-0.00970591,0.175902,0.224327,0.112279
-7.5584,2.24772,0.546326,0.247483,0.00555491,0.0533467,-0.221807,0.0713232,-0.0125161,0.0464612,0.322943,0.314085,-0.217502,-0.126685,-0.342639,0.0934,0.0253635,0.0726046,0.342909,0.0327494
-7.19586,2.67845,1.03617,0.661275,0.229505,0.293655,-0.179617,0.216772,0.325779,0.209731,0.4173,0.206079,-0.207843,0.0171509,-0.249426,0.357604,0.314128,0.254769,0.12563,-0.150267
-7.77931,2.38311,1.08342,0.787786,0.067845,0.190871,0.140988,0.551243,0.422266,0.588686,0.441483,0.199824,0.0131623,0.14788,-0.109606,0.358274,0.332601,0.421725,0.583732,0.0206199
-7.4868,2.03386,0.94742,0.414454,-0.179791,0.18818,-0.0250685,0.429162,0.200063,0.325334,0.434009,0.314367,-0.155481,0.0696355,0.174123,0.518287,0.458926,0.364591,0.0343389,-0.411879
-7.76382,1.66371,0.461386,0.584143,-0.0198095,0.126261,-0.0698088,0.390314,0.0601319,0.0636978,0.0186706,-0.0236524,-0.291086,-0.192569,-0.262508,0.309471,0.296071,0.418766,0.109553,-0.581611
-7.19497,1.43649,0.289914,0.332236,-0.39413,0.000129283,0.247245,0.318212,0.189159,0.064864,-0.217468,-0.00854444,-0.282838,-0.0871472,-0.0441592,0.18709,0.315559,0.322253,-0.139942,-0.574939
-4.21706,1.70801,0.0548775,0.386395,0.53393,0.205785,0.489476,0.357679,0.374536,0.117695,0.040225,-0.0641246,-0.109035,-0.058782,-0.075319,0.251862,0.186735,0.250386,0.101751,-0.101947
-3.9394,1.81599,1.27541,0.384762,0.30164,0.0853354,0.279323,0.69298,0.850573,0.536523,0.247761,0.177901,-0.229912,0.0295333,-0.00340402,0.388685,0.192209,0.14991,-0.00337139,-0.062326
-4.93687,1.38157,0.897015,0.232943,0.585736,0.12154,0.262195,0.794316,0.850912,0.59849,0.262462,0.456225,-0.193964,-0.29059,0.251979,0.362107,0.275601,0.296205,0.320883,0.0758864
-5.46771,1.22519,0.443194,0.704976,0.524089,0.252074,0.164664,0.745221,0.842415,0.0999361,0.126087,0.303217,-0.20432,-0.169604,0.284863,0.50163,0.0711111,0.0722907,0.582796,0.420026
-5.31374,1.40846,0.0587164,0.486643,0.113794,0.319555,0.151989,0.955889,0.565579,-0.0617539,0.182359,0.459668,0.17056,0.0582361,0.254973,0.231693,-0.117881,-0.0683852,0.386792,0.469205
-5.53937,1.58209,-0.138946,0.554394,0.17643,0.384288,0.0993831,0.657719,0.531015,-0.224722,0.0982157,0.358981,-0.0921496,0.0913031,0.18996,0.373217,0.17001,-0.0409551,0.433938,0.318389
-5.88531,1.90466,-0.362529,0.769508,0.0587841,0.200329,0.0734371,1.07993,0.407512,-0.510863,-0.0342793,0.175706,0.253207,0.124229,0.106288,0.0927804,-0.0071569,0.215687,0.576669,0.240228
-5.6115,1.6589,-0.399264,0.535739,0.288059,0.51708,-0.0669395,0.582348,0.0223204,-0.537093,0.0840929,0.263864,-0.00148041,-0.189775,0.184946,0.33377,-0.12961,-0.132256,0.313447,0.586044
-5.757,1.64067,-0.658689,0.690957,0.169089,0.595444,0.0664418,0.910646,-0.0512326,-0.552991,0.167702,0.303191,0.0963474,-0.217972,-0.168089,0.19462,-0.0866665,-0.174355,0.499554,0.565224
-6.11199,1.65106,-0.650525,0.478904,0.24963,0.255836,0.109887,0.864671,0.064272,-0.506964,-0.0409408,0.149582,-0.126056,-0.0638997,-0.040585,0.271521,0.0070463,-0.276817,0.315647,0.404602
-6.51038,1.57822,-0.553955,0.461393,-0.147628,0.329985,0.0650288,0.662784,-0.25122,-0.494084,-0.148575,-0.0802152,-0.308017,-0.367338,-0.237322,0.190643,0.0189244,-0.148603,0.105351,0.250774
-5.84422,1.71952,-0.730805,0.290508,-0.124256,0.25591,0.00754325,0.648524,-0.250284,-0.114743,0.17073,0.0826902,-0.368913,-0.197596,-0.14024,0.320146,0.0831928,-0.338321,0.162402,0.249054
-5.84773,1.52921,-0.650311,0.295765,-0.136491,0.455992,0.0249409,0.720353,-0.230342,-0.128869,0.377618,0.114253,-0.0775414,-0.169896,-0.132303,0.195633,-0.193107,-0.111847,0.124715,0.244195
-5.6833,1.49795,-0.34218,0.0842562,-0.334192,0.236116,-0.107628,0.377015,-0.330136,-0.284564,0.228523,0.0659622,-0.229897,-0.28269,0.0485388,0.132154,-0.235069,0.122349,0.303148,0.233567
-1.82606,1.74592,0.291358,0.0809653,-0.163804,0.098923,-0.113224,-0.147587,-0.10595,-0.090647,-0.0828311,-0.189251,-0.388603,-0.381808,-0.144576,-0.077999,-0.320876,-0.192701,-0.149477,-0.194204
-1.65576,1.0028,0.816891,0.426684,-0.0159522,0.188788,0.105854,-0.0161732,-0.126627,-0.0916389,0.0470448,-0.124115,-0.117652,0.0330843,-0.126762,-0.0465531,-0.212402,-0.0578442,-0.323484,-0.244503
-2.91167,0.715703,0.893707,0.354241,-0.115284,0.0857173,-0.0188775,0.0908359,0.138645,-0.0590555,0.0940358,0.054452,-0.281086,-0.261673,-0.16663,7.36532e-05,0.0281694,-0.259393,-0.14874,-0.117807
-4.15662,0.669721,0.824858,-0.0817596,-0.260832,0.207737,0.369074,-0.109627,-0.254505,-0.200835,0.0406332,0.110171,-0.557522,-0.118885,-0.0102522,-0.136801,-0.0531374,0.0898495,0.195829,0.0840912
-5.84781,0.408304,0.52667,-0.0152116,0.124466,0.189541,0.102459,0.154158,-0.235017,-0.526789,-0.138183,0.0838597,-0.227143,-0.26723,-0.190555,-0.0607144,-0.258475,-0.145361,0.15824,0.2467
-5.80622,0.928846,0.586148,-0.0260339,0.0285412,0.0673727,0.201103,0.0566347,-0.190026,-0.187323,0.117113,0.14432,-0.314716,-0.265682,-0.0477699,-0.000366875,-0.181364,-0.182264,-0.1123,0.0722909
-6.4194,1.33194,0.665012,-0.073769,-0.0173979,0.0812502,0.0270922,0.242381,-0.0275241,-0.167496,0.104904,0.162977,-0.0296496,-0.0879434,-0.112902,-0.119985,-0.0644104,0.0803868,0.327146,0.325609
-6.89057,1.45303,0.163967,-0.147609,0.306892,0.177649,0.0825486,0.503453,0.0762348,-0.155542,0.167904,-0.105923,-0.375033,-0.44603,0.129581,0.0524924,-0.0845386,-0.183094,0.200434,0.335409
-7.15362,1.54176,-0.105373,-0.5861,-0.0114695,0.202804,0.256111,0.303489,-0.123199,-0.15941,-0.103805,0.0644455,-0.481978,-0.493538,-0.136726,-0.04631,-0.0995673,-0.133653,0.0563365,0.256966
-8.12614,1.42833,0.0896898,-0.381775,-0.0733827,0.288117,0.206056,0.464286,-0.140198,-0.00741817,-0.130483,0.0996972,-0.341914,-0.347586,-0.149982,0.182787,0.324203,-0.336134,0.031439,0.196728
-8.15351,1.55711,-0.077959,-0.376873,-0.268052,0.273245,0.121066,0.405861,0.106474,-0.336061,-0.107791,0.37322,-0.281514,-0.422568,-0.202593,0.0597304,0.148955,-0.118574,0.0894625,0.243538
-8.20281,1.48935,-0.0537786,-0.353559,-0.333473,0.297952,0.33606,0.319374,-0.117157,-0.303141,-0.15818,0.203241,-0.108076,-0.367222,-0.183647,0.177759,0.0145638,-0.0251072,0.0458461,-0.0329038
-7.73348,1.4291,-0.166634,-0.0971081,-0.273117,0.00857368,0.40095,0.576596,0.0383128,-0.106266,0.0175159,-0.0298021,-0.0813486,-0.356882,-0.283259,-0.0274711,0.245517,0.237346,0.220362,-0.0436748
-7.35672,1.54531,0.204411,-0.0642024,-0.267816,-0.112991,-0.133491,0.34684,0.390984,-0.131271,-0.185709,-0.238939,-0.251827,-0.233268,-0.206401,-0.0688074,0.279849,0.241339,0.0850744,-0.188407
-6.56748,0.890552,0.597759,-0.814889,-0.04538,0.0748893,0.345684,0.302958,0.269549,0.0414455,-0.179248,0.088633,-0.104999,-0.206387,-0.243409,0.106459,0.22903,0.309982,0.0501372,-0.0863845
-6.19417,0.206359,1.18109,0.512596,-0.130902,0.0502767,-0.0533176,-0.164281,0.0829578,-0.0272451,0.14272,0.347946,-0.04732,0.0412975,-0.0759977,-0.101702,-0.0269301,-0.0649532,-0.0399395,0.353739
-4.81387,0.536061,-0.193454,0.713627,0.261231,-0.0983484,0.116687,-0.285478,-0.344458,-0.247858,0.0838206,0.672796,0.381947,-0.128563,-0.179611,-0.0134228,0.27374,0.444103,0.0474074,-0.0746755
-5.2926,0.885594,-0.468966,0.344542,0.5107,0.0567375,0.154223,0.238808,-0.00767933,-0.639933,0.168732,0.518031,0.177437,-0.0671914,-0.212832,-0.057242,0.108892,0.203637,-0.151843,-0.172925
-5.83996,1.28153,-0.469941,0.234296,0.40304,-0.0968319,-0.0133091,0.320341,0.0481025,-0.508041,-0.0669721,0.561787,0.240986,-0.158373,-0.462939,-0.308906,0.196677,0.32414,-0.177944,-0.0757304
-6.317,1.36953,-0.535983,0.417704,0.384702,0.0798297,-0.15982,0.347251,0.0285807,-0.427732,-0.0557577,0.195349,0.0822902,-0.271652,-0.16758,0.0111976,0.253156,0.371278,-0.027447,-0.0355998
-6.67765,1.31226,-0.443825,0.329306,0.00380146,-0.0305596,-0.374703,0.240211,0.0560517,-0.55182,0.0528592,0.0220215,-0.197296,-0.200883,-0.0791118,0.0313793,0.0873189,0.52387,0.123062,-0.0396126
-7.18952,1.32266,-0.361506,0.43303,0.132325,-0.262204,-0.272457,0.306458,-0.25759,-0.708436,0.0193761,0.136758,-0.0972524,-0.195906,-0.161545,-0.022515,-0.050361,0.331088,0.26415,-0.22215
-6.66476,1.48656,-0.681394,0.335864,0.113671,0.0246551,-0.446081,0.500195,0.0540555,-0.290957,0.197061,-0.165134,-0.219937,-0.307361,-0.241541,0.190786,-0.191592,0.186994,0.0185922,-0.0525619
-5.44668,1.89086,0.724605,0.203703,0.786118,0.430939,0.209649,0.565927,0.718289,0.243022,0.492454,-0.246289,-0.0667498,-0.0205814,-0.276518,-0.0406821,0.0885833,0.0771581,-0.00921973,0.00399453
-5.37419,1.30196,0.434434,0.117969,0.513784,0.34292,0.237456,0.39856,0.434382,0.234316,0.611204,-0.0802467,-0.0543953,-0.079594,-0.0581716,0.102111,0.0943992,0.394765,0.179688,-0.130795
-5.26914,1.4386,0.284286,0.300667,0.178589,0.279781,0.0641293,0.24603,0.574771,0.0993294,0.218001,-0.131765,0.0911385,0.0507284,-0.264292,0.0454144,0.462581,0.384208,-0.051189,0.0725067
-5.97614,1.41155,0.236398,0.118003,-0.191045,0.1735,0.236235,0.244045,0.332393,0.0293049,0.282283,-0.140373,-0.39522,0.0299482,-0.0444502,0.162193,0.277357,0.400617,-0.125221,-0.0977333
-5.79397,1.24427,0.598485,0.0717191,-0.249445,0.371442,-0.0946918,0.394307,0.839868,0.23235,0.204647,0.0714038,-0.301826,-0.0288332,-0.00745799,-0.00409975,0.154687,0.28292,-0.089942,-0.226815
-3.40521,1.64646,0.663377,0.60287,0.221396,0.0100927,0.325172,0.43889,0.439507,0.20064,0.162632,0.0846372,-0.0523684,-0.0775326,-0.19239,0.149584,0.216766,0.26245,0.0848935,-0.0164177
-3.58878,1.66377,0.670929,0.458232,0.340395,0.0911682,0.460676,0.522303,0.449781,0.779109,0.731604,0.186278,0.147346,0.180341,0.161918,0.0507035,0.0868958,0.0426916,0.127563,0.278785
-4.06028,1.50363,0.367182,0.79501,0.529958,0.201024,0.162462,0.342882,0.348326,0.29469,0.555729,0.26406,-0.142777,-0.156425,0.28445,0.292208,-0.125993,0.154284,0.212437,0.208894
-4.27632,1.68867,-0.25072,0.534164,0.198834,0.258629,0.143201,0.24381,0.596401,0.424313,0.493881,0.468938,0.196386,0.111026,0.433,0.327573,-0.154686,-0.0602836,0.107297,-0.008379
-4.61214,2.05203,-0.219892,0.508983,-0.0355572,0.175976,-0.171735,0.360258,0.275939,0.17284,0.435473,0.384135,-0.0256133,0.0527641,0.565903,0.284868,-0.500994,-0.412838,0.133503,0.193522
-5.06334,1.92789,-0.216331,0.45198,0.194865,0.445448,0.170513,0.193593,0.168045,0.289304,0.437564,0.483911,0.288371,0.16098,0.478696,0.263824,-0.460206,-0.0925722,0.0460056,0.087109
-5.23297,1.60839,-0.461298,0.715923,0.11394,0.391769,-0.154857,0.233463,-0.182845,-0.00353034,0.344424,0.585529,0.329122,0.137515,0.351931,0.3315,-0.665061,-0.544723,0.280106,-0.026662
-5.06977,1.64438,-0.173647,0.598361,0.0600728,0.33114,0.329639,0.494379,0.00102375,-0.0589324,0.437343,0.709,0.392844,0.177392,0.370137,0.225472,-0.556488,-0.348936,0.0183491,-0.0120779
-5.50222,1.6034,-0.00992688,0.806326,0.0409604,-0.0447894,-0.129058,0.719489,0.0421787,-0.490486,0.0202505,0.535532,0.372131,0.243442,0.371944,0.347951,-0.23921,-0.385179,0.0858125,-0.0122597
-4.94651,1.03124,0.80531,0.21134,0.0763738,-0.0984514,-0.0636328,0.611789,-0.058928,-0.308127,0.153858,0.509849,0.190206,0.456902,0.13397,0.0732255,-0.244474,-0.309584,0.0196878,0.123501
-5.00589,1.07709,0.646154,-0.0128242,0.265536,0.188526,-0.076746,0.251859,0.0563662,-0.0252073,0.170075,0.323812,0.0500135,0.228656,0.280731,0.0512514,-0.334523,-0.278615,0.00459435,0.049986
-4.1355,0.661303,0.161612,0.552102,0.0746898,0.237114,-0.0274607,0.108789,0.162267,0.346182,0.194136,0.0672414,-0.147297,-0.00155227,0.0651733,-0.00394321,-0.488753,-0.381829,0.070591,0.201087
-5.3788,1.11088,-0.00289757,0.422659,-0.210983,0.0350946,-0.0150195,0.301665,0.214542,0.358146,0.484602,0.151461,-0.234882,0.042699,0.392246,0.201991,-0.512994,-0.379062,0.256278,0.199202
-5.34737,0.890666,0.331058,0.606702,-0.116012,0.258649,0.0742691,0.27034,0.223633,0.180383,0.369661,0.330833,-0.0720217,-0.22334,0.0997357,-0.0323749,-0.2706,-0.210254,0.151891,0.0818538
-5.1034,0.651235,0.839106,-0.159048,0.197405,0.214896,0.049799,0.392962,0.161543,-0.0941305,0.296354,0.41142,0.0509122,-0.0505235,0.0651275,0.2737,-0.415898,-0.174661,0.100591,0.0234092
-4.69023,0.838329,0.651593,-0.15418,-0.141737,0.491943,0.331355,0.107376,0.110913,0.14408,0.383066,0.186886,-0.101328,0.177102,0.128545,0.0117524,-0.0928866,-0.274951,-0.151058,0.253331
-4.65434,0.472936,0.54709,1.09343,-0.212733,0.422114,0.401198,-0.588603,0.335238,0.50417,0.0733109,0.364808,-0.0907063,0.0765091,0.425031,0.153409,-0.123836,-0.160124,0.124232,0.376794
-5.17364,0.745261,-0.455084,1.0228,0.694175,-0.343835,0.0575488,0.257079,-0.20079,0.520852,0.575513,0.110049,-0.130624,-0.102233,0.132916,0.0544163,-0.398184,-0.203928,0.15894,0.455267
-6.22675,1.47394,-0.0483029,0.336999,0.358153,0.328687,-0.176317,0.288563,0.521434,0.304125,0.587331,0.396033,-0.0583982,-0.138433,0.156807,0.104209,-0.337861,-0.0558082,0.257223,0.236572
-6.42005,1.79503,-0.480822,0.286991,0.174922,0.190839,0.152275,0.4858,0.286672,0.264476,0.767503,0.328481,-0.182864,-0.198366,0.373327,0.223123,-0.400696,-0.155475,0.345152,0.342441
-6.85055,1.52621,0.02355,0.230469,0.0654867,0.0702639,0.110639,0.343656,0.407755,0.286362,0.573287,0.394337,-0.0435765,-0.0157498,0.175246,0.0631595,-0.553456,-0.286475,0.576234,0.436193
-6.86458,1.50852,0.0760689,0.265421,0.310881,0.146506,0.232519,0.512466,0.2671,0.291699,0.637579,0.0749978,-0.150169,0.0332041,0.335655,0.33575,-0.163714,0.0332368,0.671163,0.31729
-6.87415,1.82997,0.201501,0.492916,0.0911733,-0.128268,0.175518,0.370794,0.0393322,0.107615,0.344096,0.0682707,-0.222873,0.00853798,0.150317,0.097464,-0.231814,0.117204,0.657958,0.00537955
-6.2363,1.76911,0.0292317,0.520616,-0.111554,0.0908875,-0.0602953,-0.19048,0.429592,0.681303,0.46853,-0.22463,0.285739,0.288062,-0.0937738,-0.0357915,-0.276571,0.00798732,0.19709,-0.384604
-6.13855,1.77332,-0.327801,0.144732,-0.0432783,-0.133368,-0.413104,0.317643,0.603939,0.757386,0.301682,-0.102763,0.536323,-0.0899304,0.122201,0.149107,-0.320388,-0.0267419,0.0620819,-0.241765
-5.46815,1.66398,-0.49089,0.483976,-0.214259,-0.206814,0.0806781,0.382707,0.539191,-0.15705,-0.265624,-0.149615,0.309038,-0.0019768,0.326618,0.318947,0.0257127,0.0405775,-0.159232,0.0701366
-5.34449,1.47687,-0.534278,0.779017,-0.0560697,-0.0722824,0.00887806,0.210574,0.148232,-0.211163,0.0222018,0.0637549,0.160859,0.24555,0.452687,0.309781,0.091204,0.22112,0.0932698,0.107955
-3.9394,1.72973,0.336148,0.385788,-0.274062,-0.154168,-0.0525683,-0.00222281,0.113356,-0.341668,-0.282781,-0.182374,-0.101711,-0.297511,-0.127151,-0.00566031,-0.201585,0.295507,0.0626327,-0.171059
-1.27132,1.49282,0.533429,0.290749,-0.128557,0.149516,0.209444,-0.114824,-0.0247028,0.0796404,0.000993037,-0.15484,-0.050388,0.0909374,-0.251807,-0.119033,-0.415005,-0.428429,-0.215232,-0.254729
-2.21764,0.790663,0.838196,0.559507,-0.151281,0.0108605,0.0460762,0.0253109,0.110616,-0.210871,0.132091,0.204765,0.0318591,0.0162662,-0.336341,-0.108869,-0.0133227,-0.149483,-0.165813,-0.173505
-2.66835,0.837198,0.735348,0.456895,-0.0564529,0.112968,0.0950205,0.161261,0.072018,-0.053312,-0.169115,-0.184112,-0.264509,0.162197,0.120373,-0.0051059,-0.0231587,-0.144444,-0.0732942,0.00296197
-3.5176,0.771573,0.178702,0.3955,0.223767,-0.197363,-0.0478193,0.055202,0.11441,-0.341833,-0.036139,0.249871,-0.353503,0.180857,0.453889,0.238668,-0.306927,-0.160533,0.14434,0.194639
-4.28387,0.866058,-0.322921,0.0707378,0.0691033,-0.229171,-0.185385,0.149324,0.144836,-0.161571,0.256493,0.218989,-0.291695,-0.225925,0.515826,0.238088,-0.393381,-0.339893,0.31508,0.332518
-4.58893,1.05059,-0.213173,0.252309,0.097669,0.0580675,0.00126552,0.0815193,0.0341222,0.105972,0.101906,0.200437,-0.18709,-0.212128,0.165278,0.0956224,-0.557448,-0.130904,0.368524,0.0439155
-4.87644,1.48747,-0.651967,0.0744365,0.18697,0.139293,-0.133972,0.310007,-0.127177,-0.199514,0.24681,0.168763,0.0726666,-0.160239,0.223875,0.202688,-0.503117,-0.189391,0.385828,0.173211
-5.38094,1.471,-0.814178,0.170494,0.0598081,0.310111,-0.0486821,0.451904,-0.104036,-0.139432,0.391397,0.217376,-0.157091,-0.0640409,0.272491,0.0909581,-0.607403,-0.417939,0.260009,0.20587
-5.63503,1.30216,-1.0744,0.234035,0.080843,0.224886,-0.0181591,0.338181,-0.145075,-0.0616265,0.249909,0.297508,-0.043316,-0.42869,0.0646138,0.248627,-0.333785,-0.396309,0.300544,0.163074
-5.71854,1.60687,-0.612694,0.445299,0.0615015,0.144677,0.117563,0.353784,-0.326341,-0.114843,0.212257,0.141699,-0.0535323,-0.218854,0.0886005,0.362771,-0.386258,-0.273302,0.379289,0.0923972
-5.71897,1.59878,-0.621038,-0.000384912,-0.392879,0.294267,-0.0119295,0.594028,0.000287932,-0.428974,-0.0112192,0.264583,0.0814299,-0.166244,-0.125253,0.0643345,-0.153308,-0.119203,0.194239,0.0576682
-5.56317,1.67389,-0.44112,0.138379,-0.427135,0.260731,0.146748,0.531646,-0.245914,-0.0921359,0.190737,0.275433,0.15704,-0.142674,0.13453,0.14504,-0.0972897,-0.337614,0.0405761,0.0545813
-5.49369,1.72379,-0.548954,0.347263,-0.398389,-0.0124358,-0.061664,0.668994,-0.278417,-0.112118,0.232917,0.41327,-0.0103862,0.0309023,0.211475,0.0854855,-0.178405,-0.213429,0.216009,0.141841
-5.00248,1.46463,-0.417101,0.0619242,0.331051,0.30482,0.51431,0.105214,0.169252,0.165616,0.211585,0.145979,0.0872604,-0.0415066,0.0971142,-0.0294126,-0.279161,-0.0352538,0.450694,0.456867
-3.44195,1.68632,0.785259,0.292395,0.6229,0.434041,0.492837,0.260164,0.178244,0.40807,0.336365,0.233449,0.0508551,0.0333103,0.0426271,0.247724,-0.230383,-0.188457,0.15722,0.257475
-4.34663,1.5519,1.14707,0.620788,0.550344,0.297496,0.374388,0.254669,0.330292,0.520855,0.276934,0.237001,0.273813,0.185815,0.143522,0.0250071,-0.0422795,0.027896,0.102798,0.371965
-4.80346,1.49199,0.565273,0.818283,0.431215,0.29456,0.417573,0.189889,0.22475,0.13705,0.323635,0.479529,0.0976491,-0.0332584,0.337029,0.244331,-0.0149042,-0.00403242,-0.0578388,0.124824
-4.92374,1.76669,0.279685,0.817566,0.234291,0.332291,0.288223,0.13928,0.23456,0.0942178,0.26591,0.397062,0.265418,-0.0528823,0.0263562,0.125691,0.00403483,0.257664,0.209816,0.0843421
-5.15456,1.7772,0.132439,0.50025,0.210296,0.519712,0.263351,0.0574685,0.124712,0.107833,0.224621,0.41577,0.301911,0.0625567,0.0446265,0.302827,-0.0508247,-0.0678664,0.0585247,-0.236822
-5.51159,2.04154,0.0952803,0.469591,-0.102678,0.398427,0.206996,0.202853,0.209688,-0.0305289,0.0730542,0.264876,-0.159013,-0.207224,0.239662,0.0882586,-0.116489,0.0501878,0.0797457,-0.338324
-5.83631,2.049,0.262664,0.755581,0.022903,0.313377,0.105139,0.336848,-0.0663688,0.0726794,0.341164,0.627254,-0.0398811,-0.238015,0.278382,0.20048,-0.0124262,-0.0442552,-0.111165,-0.217902
-5.83846,1.68186,0.10107,0.996748,0.373133,0.275527,0.0582304,0.22994,0.198468,0.117585,0.345064,0.525873,0.1964,-0.0708861,0.310702,0.179787,-0.162407,-0.067641,-0.0962398,-0.0463845
-6.5106,1.91701,0.340591,1.02769,0.209093,0.306237,0.0969506,-0.0359115,-0.186397,0.0124382,0.247452,0.517847,0.157772,-0.0508701,0.00883848,0.0312382,-0.0452555,-0.192205,-0.115152,0.131917
-6.6051,1.71544,0.114631,1.06792,0.209731,0.10326,-0.0340516,-0.277465,-0.0733091,0.469904,0.708359,0.567929,-0.123218,-0.104481,0.0825422,-0.00156979,0.260515,0.112648,-0.140578,-0.169018
-6.57337,1.8022,-0.00425467,1.08928,0.271303,0.211288,-0.246434,-0.0816534,-0.161763,0.447934,0.422191,0.558821,0.183492,-0.0493269,0.0401813,-0.00543078,0.0353112,0.0793017,-0.00454181,-0.0715735
-7.19273,1.44795,0.350865,0.782641,0.383197,0.508368,-0.279077,-0.227068,0.113426,0.452664,0.632649,0.241733,-0.295521,-0.154624,0.198923,0.15484,-0.0393831,-0.119395,0.00756443,-0.141633
-7.30962,1.50651,0.564515,0.807266,0.0900928,0.662459,-0.0137083,-8.16653e-05,0.176918,0.410288,0.632011,0.35097,-0.327771,-0.164104,0.11941,0.343355,-0.00531746,-0.24633,-0.0597731,0.207322
-7.34061,0.901945,1.09061,0.587254,0.427851,0.446137,0.300447,-0.224438,0.2643,0.347276,0.556764,0.367516,-0.12448,-0.286797,0.103189,0.0597688,-0.194789,-0.0820095,-0.0658543,-0.00774609
-6.76972,-0.061437,1.73041,0.400556,0.709085,0.498631,-0.164003,-0.11607,-0.0757144,0.354197,0.541048,0.455272,-0.0215075,0.0510571,0.0130285,0.0796658,-0.606044,-0.354136,0.136384,0.0893411
-6.87441,0.18699,1.41406,0.556486,0.630245,0.184594,0.0847036,-0.0501849,0.0187843,0.525036,0.492317,0.627717,-0.000803485,-0.35813,0.0525113,0.00719319,-0.154141,-0.219632,-0.0844219,0.179021
-7.0825,0.410836,0.974265,0.752156,0.540805,0.260148,0.343099,0.0581119,0.170251,0.176002,0.2904,0.330168,-0.147302,-0.329881,0.0780589,0.225729,-0.147722,-0.181899,0.00608619,0.21684
-6.85781,0.493744,0.716605,1.02895,0.695,0.140422,0.22603,0.248696,0.268047,-0.0174567,0.397939,0.62342,-0.24034,-0.178444,0.0988811,-0.035562,-0.327481,-0.189826,-0.100293,0.187673
-7.44729,0.537912,0.345492,1.17915,1.08584,0.596537,0.157205,0.04283,0.0837846,-0.114877,0.669244,0.685348,-0.157601,-0.330818,-0.00735218,0.152022,-0.358863,0.0334265,0.00432678,-0.0706161
-7.68668,1.14559,0.454618,1.27104,0.727706,0.200936,-0.0776799,-0.0253639,-0.0292041,-0.24679,0.560381,0.931007,0.175067,-0.192181,-0.145675,-0.11288,-0.0325532,-0.170525,-0.07732,0.0016252
-7.83059,1.03387,0.508356,1.00918,0.487758,0.138826,0.0463487,0.0191089,-0.18898,-0.342099,0.583397,0.908876,0.184996,-0.0179614,0.0927772,-0.232104,0.0558561,-0.415723,-0.20403,0.221719
-7.71239,1.10512,0.741043,1.10654,0.470469,0.214618,-0.0763445,0.0721036,-0.0121085,-0.0682542,0.650334,0.503816,-0.177635,-0.248593,0.288986,0.157314,-0.176508,-0.419018,-0.130156,0.119548
-7.31864,1.23973,1.09424,1.34225,0.766729,0.319303,0.163808,0.198772,0.141271,-0.138218,0.295104,0.233256,-0.0403053,-0.150426,0.121561,0.198452,-0.131982,-0.398329,-0.23898,0.0215199
-7.36458,1.3777,0.907564,1.39493,1.04734,0.542227,0.212804,0.268715,0.335016,0.137521,0.601902,0.547297,0.0356168,-0.161411,0.0900296,0.124974,0.078946,-0.271904,-0.108241,0.175091
-7.06502,1.13033,0.384255,1.4606,0.803193,0.286597,0.49466,0.187353,-0.01521,-0.0478481,0.321852,0.45368,0.089599,0.0797479,0.0905053,0.0319628,-0.0294298,-0.112228,-0.239327,0.293418
-7.59672,0.855855,0.0291573,0.824721,0.312977,0.375113,0.332531,0.106053,0.0565682,0.170922,0.414951,0.215627,0.0142078,0.0866402,0.428454,0.141245,-0.137725,-0.282302,-0.376671,0.378282
-7.7183,1.28706,0.197891,1.33299,0.278886,0.0689931,0.0930171,-0.138477,-0.191607,0.412692,0.720476,0.239338,-0.0733949,0.117602,0.306082,0.186786,-0.077249,-0.20041,-0.371204,0.0719524
-5.08174,1.31299,0.110606,0.791764,0.614677,-0.00433952,0.294056,0.112381,0.25179,0.16775,0.147588,0.166813,0.293458,0.0499492,0.0372692,0.0710146,0.00674679,0.129346,0.074707,0.18085
-4.03346,1.45492,1.23382,0.501822,0.638256,0.416546,0.488314,0.484804,0.15424,0.245416,0.292251,0.43216,0.248562,0.209184,0.0659581,0.0921431,-0.129766,-0.0866727,-0.216206,-0.0254257
-5.60223,1.19139,1.56598,1.0565,0.958728,0.31143,0.413383,0.267282,0.0347812,0.55766,0.724599,0.312733,-0.0981504,0.0315948,0.00432717,0.0510561,-0.153491,0.0528112,0.308973,0.319347
-5.64232,0.791022,0.59126,1.20622,0.88567,0.0116114,0.0209559,0.539475,0.394187,-0.0305318,0.609677,0.676871,0.261149,0.175367,0.369603,0.362121,-0.0980997,-0.172528,0.0825783,0.256782
-6.54839,0.707577,0.566378,1.54202,1.1872,0.226122,0.140121,0.316214,0.102032,0.0688887,0.649829,0.396049,-0.212871,0.0878975,0.363314,0.2921,-0.227288,-0.109052,0.0680513,0.10495
-6.4745,0.971424,0.0147081,1.16524,0.705143,0.157455,0.190681,0.29363,0.0121246,-0.3314,0.388592,0.790496,0.138405,0.117345,0.117766,0.192823,-0.192349,-0.200321,0.0543203,0.0341574
-6.55722,1.12839,0.0326155,1.2813,0.630801,-0.00858134,-0.021318,0.450398,0.0966544,-0.318027,0.216835,0.246952,-0.174485,0.072414,0.317816,0.303467,-0.0734121,-0.0782706,0.199421,0.148319
-6.8524,1.27491,0.239643,1.09134,0.450275,0.220772,-0.0942889,0.357552,-0.00464565,-0.0991715,0.123437,0.318496,-0.398489,-0.247553,0.188077,0.432109,0.23095,0.146671,-0.108046,0.0868261
-7.18856,1.24642,0.211307,1.48536,0.714885,0.205082,-0.158502,0.144447,0.0274318,-0.354294,0.206461,0.659802,-0.211532,-0.297791,-0.121035,0.379251,0.194428,0.0409782,0.0186302,0.144925
-7.21469,1.30734,0.390031,1.69303,0.831259,0.172571,-0.0847529,0.293835,-0.179595,-0.505011,0.124083,0.711302,0.0248828,-0.231707,-0.0553908,0.114368,-0.0933733,-0.217767,0.192035,0.320457
-7.09414,1.41468,0.387221,1.18651,0.326012,0.240093,0.035038,0.122104,-0.108247,0.0739656,0.337213,0.366225,-0.105754,0.0865989,-0.0351189,0.178809,0.0829825,0.00131345,0.101253,0.302865
-6.85483,1.36297,-0.140225,0.829286,0.322776,0.194086,-0.0789897,0.274598,0.135846,0.344683,0.319494,0.287712,0.0759575,0.0930277,0.0251769,-0.0195228,0.0989127,0.0448867,0.171688,-0.00151176
-6.6337,1.43664,0.105107,1.0911,0.229313,0.224337,-0.0517953,-0.113487,-0.0249404,0.0848762,0.0888209,0.334322,0.182019,-0.0939546,-0.169773,0.0941168,0.101313,0.141357,0.134587,0.105886
-4.24595,0.74741,-0.631139,0.79949,-0.239259,0.416971,-0.0719961,0.208546,0.0835975,0.255724,0.157771,0.289698,0.129161,0.222851,0.124174,0.165522,0.0988524,0.137707,0.0773665,0.100042
-2.41621,1.8715,0.547905,0.106829,-0.18678,0.25116,-0.0159604,-0.206425,-0.0239956,-0.0778521,-0.265743,-0.0440355,-0.0891642,-0.194307,-0.144868,0.0383624,-0.263549,-0.164056,-0.0292153,-0.138007
-1.63651,1.04699,1.00594,0.469175,0.0237079,0.0812174,0.181967,-0.170851,-0.0640978,-0.227599,-0.272989,-0.0217017,-0.168732,0.197681,-0.0373264,-0.18465,-0.131505,-0.107071,-0.311591,-0.231868
-2.69031,0.78408,1.19979,0.629233,-0.0255387,0.188569,0.0614998,0.10664,0.202226,0.103875,0.169003,0.154492,-0.067291,-0.126296,-0.213537,-0.163609,0.0885285,-0.246837,-0.120829,-0.0662492
-3.90908,0.515606,1.23051,0.444235,-0.120821,0.27601,0.22432,-0.00264755,-0.0165133,-0.10961,-0.0533046,-0.11668,-0.196903,0.197324,0.0071965,-0.108306,0.0871812,-0.0179999,0.101171,-0.0108461
-5.50923,0.568634,1.53153,0.746489,0.152443,0.293573,0.2979,-0.121343,-0.0258865,-0.0938426,-0.0389929,0.369216,0.119105,0.161735,0.00949897,-0.134001,-0.199286,-0.120536,0.0944046,0.0662075
-6.02567,0.730323,1.68857,0.760222,0.133134,0.127668,0.0208029,0.00044409,-0.164336,0.0331778,0.0447642,0.149052,0.00402489,0.128001,0.28796,0.212687,0.111884,-0.0360848,0.194233,0.00976953
-6.1555,1.03059,1.47078,1.41693,-0.0517939,-0.037676,0.0844243,-0.199475,0.0637714,-0.0666072,0.145055,0.406705,0.165274,0.120493,-0.0150448,0.133466,0.0838865,-0.245815,0.277576,0.160821
-6.56549,0.70477,1.12552,1.26704,-0.111947,0.186764,-0.122926,-0.164046,-0.194073,0.0546997,0.154255,0.19061,0.144601,0.279736,0.243402,0.248937,-0.0191045,-0.548599,0.117527,0.225921
-6.98896,0.474952,0.861113,1.53121,0.133933,0.278344,0.0157185,-0.0550896,-0.302782,0.135003,0.229918,0.490917,0.256812,0.283933,0.143268,0.31305,0.0964726,-0.355748,0.210105,0.0841352
-7.04641,0.686899,0.701391,1.4416,-0.153942,0.511688,-0.122883,0.0143697,0.104035,0.381474,0.508476,0.530843,-0.0475386,0.196352,0.159065,0.394787,0.0197082,-0.414425,0.13382,0.132696
-6.85602,0.724618,0.88267,1.53967,-0.365667,0.235625,0.10822,0.0122868,0.00441253,0.514587,0.550347,0.418843,-0.223624,0.191498,0.0466401,0.515504,0.0785113,-0.393093,0.0958188,0.335888
-6.72352,0.685309,0.811234,1.38494,-0.532695,0.0579486,0.25207,0.26117,0.059654,0.475811,0.522488,0.217042,-0.313255,0.157483,-0.123136,0.266543,0.156764,-0.158303,0.0108727,0.125907
-6.12854,0.733469,0.599039,1.47661,-0.268817,-0.00560977,0.0788004,0.355865,0.0233481,0.396671,0.129059,0.304823,-0.141848,0.24776,-0.0442666,0.424198,0.372502,-0.177591,-0.341531,-0.0935778
-6.21642,1.09501,0.689912,1.12551,-0.441745,0.213112,0.287631,0.54032,-0.0715335,0.299459,0.341736,-0.123551,-0.296815,0.351386,0.170594,0.269947,0.248384,-0.1279,-0.0749402,0.156384
-5.8594,0.735995,1.02334,0.256675,-0.137746,0.315091,0.505134,0.32858,0.105421,0.206045,0.530847,-0.244555,-0.575518,0.257377,0.05432,0.132497,0.409189,0.189716,0.289684,-0.0347201
-4.95627,0.614344,0.749085,0.272206,-0.29008,0.0422412,0.675944,0.644331,0.136553,0.221643,0.255702,-0.0306895,-0.614391,-0.131006,0.1466,0.11194,0.279643,0.30651,0.23474,0.0657501
-4.45242,0.798754,-0.0877204,0.0373418,0.124034,-0.0512857,0.168791,0.609172,0.169509,0.0317682,0.316433,0.329154,0.162491,-0.0453464,-0.115034,0.2068,0.435628,0.273065,0.140689,-0.104965
-4.58673,1.12928,-0.240903,0.321854,0.299523,0.16987,0.319265,0.557663,0.173921,-0.363021,0.257473,0.637053,0.101475,0.132598,-0.03317,0.0556388,0.355047,0.298773,-0.090162,-0.219131
-5.19468,0.632849,-0.656964,0.583919,0.290914,-0.0137262,0.292514,0.799903,-0.0891937,-0.67833,-0.0352039,0.656195,0.479389,0.107596,-0.151135,0.17256,0.507934,0.357105,-0.111752,-0.151231
-5.42749,1.2857,-0.672239,0.599804,0.0787587,0.178987,0.126127,0.779199,0.145141,-0.452248,0.0620395,0.501294,0.0320504,0.121484,-0.0069673,0.0759342,0.225627,0.251082,0.129198,-0.0108743
-5.75356,1.1947,-0.513663,0.465216,0.230223,0.164697,0.412438,1.10349,0.379798,-0.365385,0.0481611,0.512208,-0.0948696,0.129154,0.0353331,0.105185,-0.105155,0.233542,0.18354,0.044452
-5.79978,1.49438,-0.533349,0.632405,0.251339,0.295927,0.129124,0.897011,0.386731,-0.446192,0.0359437,0.418132,0.0259209,0.191232,0.0370369,0.0738691,-0.0932923,-0.0781231,0.309952,0.163779
-6.36113,1.42647,-0.30957,0.65622,0.0782913,-0.121677,-0.0930819,1.24487,0.527688,-0.480929,-0.0469713,0.560675,-0.0299681,0.309864,0.201183,0.154484,-0.0868717,0.0327706,0.325844,0.31406
-5.39442,1.80686,0.441088,0.581692,0.679188,0.0372612,0.367618,0.92988,0.665602,-0.260383,0.239453,0.123013,-0.162741,-0.129358,0.0876764,0.095306,-0.0879184,-0.236661,0.153532,0.215636
-5.89897,1.28476,0.450087,0.353396,0.796412,0.272165,0.419017,0.478155,0.553443,0.245442,0.467602,0.191375,0.199619,0.152915,-0.0640313,0.143947,0.340252,0.174432,0.0705893,0.0901448
-5.97156,0.941313,-0.0333737,0.00397859,0.340205,0.182585,0.38132,0.459013,0.073157,-0.0878718,0.280713,0.210992,-0.00358497,-0.190999,-0.165483,0.0183486,-0.057481,0.0777467,0.205727,0.189591
-6.04618,1.51231,0.173982,0.232144,0.307143,0.067763,0.307962,0.513786,0.0496544,-0.00889608,0.0956549,0.211398,-0.0134645,0.161743,0.055032,0.273064,0.030086,0.102891,0.177957,-0.0220722
-6.77109,1.12349,0.447664,0.21528,0.107067,0.249079,0.14829,0.349314,0.163918,0.0217328,0.427182,0.426581,0.0393397,-0.00897388,0.173983,0.179799,-0.0889932,0.157176,0.215947,0.0645638
-3.57341,1.30731,-0.0653424,0.588576,0.537276,0.173855,-0.131586,-0.0342051,0.253566,-0.0484013,0.119591,-0.00563959,-0.0642289,-0.181151,-0.00558829,0.424184,0.0791853,0.128135,0.0838143,0.332179
-3.3384,1.97721,0.520706,0.270127,0.664537,0.720754,0.558149,0.340653,0.113032,0.196156,0.357348,0.474994,0.408286,0.0616897,-0.113325,-0.0369989,-0.317634,0.14798,0.218509,0.155109
-3.30868,1.68895,-0.283498,0.29338,0.836211,0.713854,0.193208,0.163985,0.316009,0.616595,0.327727,0.222035,0.146633,0.267175,0.28872,-0.0847229,-0.390403,-0.0436085,0.333848,0.291813
-3.70457,1.77476,-0.169282,1.17035,0.659212,0.336422,-0.169575,-0.15777,0.272881,0.384825,0.266499,0.157845,0.180171,0.050363,0.0135799,0.0180879,-0.117513,-0.0232261,0.0643391,0.0887408
-3.7726,2.03275,-0.139486,1.14501,0.375861,0.225304,-0.286976,-0.0502096,-0.0260744,0.308767,0.359717,0.152466,0.0641527,-0.0146948,0.043473,-0.0981889,-0.355159,-0.0562492,0.300078,0.263691
-4.25513,1.74344,-0.111632,1.12485,0.106602,0.696828,0.104401,0.246081,-0.0411306,0.270483,0.0887894,0.0381134,0.00722984,0.0766925,0.404295,0.116842,-0.375971,-0.433936,-0.100798,0.12139
-4.97156,1.90297,-0.0719532,1.04481,0.029843,0.565147,0.0422123,0.305763,-0.00519153,0.282336,0.359036,0.352879,-0.0434003,-0.22708,0.069425,0.0863129,-0.697702,-0.471968,-0.0638615,0.0447782
-5.57453,1.45873,0.175985,1.11875,0.102624,0.577278,0.395133,0.0653446,-0.326321,0.252553,0.461234,0.465372,0.0404731,-0.0518113,0.280701,0.00717248,-0.582017,-0.204767,-0.00115058,-0.0114325
-6.11368,1.64217,0.266527,1.20573,-0.022918,0.193499,-0.053595,-0.164595,-0.101863,0.0958699,0.456059,0.739095,-0.0476349,-0.0505446,0.107388,-0.124342,-0.191969,-0.0288437,-0.0583157,-0.232965
-6.23118,1.8811,0.370436,1.00711,-0.0534912,0.175524,-0.0437468,0.238116,0.269296,-0.169446,0.291941,0.454868,0.0598412,-0.0319412,0.361857,-0.160929,-0.451402,-0.19052,-0.214091,-0.0326812
-6.30772,1.7567,0.0474445,0.996692,0.0675349,0.166344,-0.18769,-0.0698795,-0.00582486,0.142638,0.452485,0.346957,-0.193611,-0.0101142,0.210262,-0.0992597,-0.426064,-0.246891,-0.261031,-0.0858268
-6.99078,1.90917,-0.133822,0.791948,0.260135,0.26133,0.00845849,-0.0296083,-0.0977672,0.371488,0.49896,-0.124579,-0.395495,-0.0510999,0.348621,0.195484,-0.390776,-0.300654,0.0270875,0.232423
-7.35806,1.69895,0.138863,0.536668,0.196553,0.277251,-0.15977,-0.261221,-0.395424,0.620951,0.708978,0.401365,-0.286666,-0.126155,0.0980619,-0.00779777,-0.493887,-0.0751289,0.297464,0.338451
-7.68938,1.41596,0.521447,0.57545,0.243001,0.120568,0.0462045,-0.0864255,-0.0771493,0.489588,0.542507,0.299019,-0.101778,-0.383792,-0.397617,-0.158478,-0.472685,-0.224923,0.401826,0.308819
-6.66385,0.345439,1.00854,0.20041,0.554067,-0.111011,-0.320131,-0.00400538,0.361672,0.512421,0.484398,0.249456,-0.271174,-0.154285,0.113787,0.34106,-0.395998,-0.195168,0.436851,0.283388
-5.78335,0.460015,0.972759,-0.430235,-0.12522,-0.00117108,0.0141977,0.304584,0.55562,0.672334,0.531361,0.249095,-0.160411,-0.0692448,-0.102389,-0.0484645,-0.27589,0.0758783,0.197231,-0.0404508
-5.53192,0.998133,0.935989,-0.5712,-0.110666,0.282627,-0.0815873,-0.174636,0.0784147,0.480261,0.409395,-0.0273298,-0.191774,0.0799607,-0.174352,-0.14788,-0.40641,-0.0636205,0.515647,0.1793
-5.81564,1.25706,0.481091,-0.447418,-0.00335076,0.115402,-0.154623,-0.205033,0.14029,0.627648,0.532317,0.220843,0.001003,-0.0493675,-0.169702,-0.147728,-0.527459,-0.202267,0.370925,0.214641
-6.58935,1.31086,0.580407,0.073949,-0.0208078,0.16549,-0.112324,0.0769403,0.143917,0.273404,0.541284,0.430866,-0.0449952,0.138082,-0.059384,-0.312305,-0.789177,-0.239075,0.220084,0.271352
-6.83369,1.27893,0.309359,-0.0263107,0.106205,0.447063,0.0294186,0.00338395,-0.131814,0.223097,0.351085,0.0266973,-0.197639,0.347138,0.29207,0.0343044,-0.540303,-0.41224,0.403533,0.388285
-6.85163,1.477,0.49215,0.0348499,0.122354,0.233814,0.0655635,0.0867196,-0.214364,0.392827,0.121685,0.202485,0.0109087,0.0717963,0.0741525,-0.147463,-0.933939,-0.374863,0.437381,0.50808
-6.46732,1.5052,0.543364,0.0317567,0.130085,0.166962,0.116562,0.167017,-0.273479,0.385381,0.239599,0.325142,-0.182845,-0.0157695,-0.053956,-0.437456,-0.676387,-0.338021,0.630947,0.64421
-6.94689,1.38377,0.69121,-0.163274,0.144116,0.259633,-0.159771,-0.0530077,-0.0985868,0.309519,0.367487,0.432549,0.0626631,0.0473489,-0.217933,-0.593249,-0.571212,0.260457,0.616091,0.286853
-7.0499,1.42573,0.574548,-0.43202,0.279172,0.542951,-0.109058,0.0462759,0.074458,0.348869,0.329686,0.366192,-0.230306,-0.0768585,-0.685994,-0.626104,-0.202061,0.428746,0.770235,0.407465
-7.24234,1.42284,0.632546,-0.146245,0.515595,0.617039,-0.118202,-0.107792,0.128989,0.483013,0.351948,0.260469,-0.543548,-0.435737,-0.543135,-0.243474,-0.0139736,0.864791,0.797916,0.144542
-6.87476,1.69566,0.569406,-0.0893517,0.409074,0.227837,0.133699,-0.0149669,0.0353737,0.461998,0.234846,0.322363,-0.308201,-0.0862694,-0.655389,-0.320905,0.114332,0.85476,0.601488,-0.0324944
-5.99153,1.61919,0.22357,0.596222,0.191124,0.258539,-0.134926,-0.165641,-0.219426,0.0558808,-0.151421,0.0477896,-0.0770431,0.224796,0.0735435,0.00589456,-0.191914,0.348619,0.370479,0.154383
-5.11746,1.90188,0.548635,0.218969,-0.0848763,-0.173509,-0.270223,0.00376563,-0.122291,0.0129748,-0.13849,0.141538,0.0136011,-0.202997,-0.533736,-0.272096,0.109524,0.34716,0.235829,-0.0810597
-1.53173,1.78639,0.327708,0.119764,-0.26232,0.215334,0.0246413,-0.0234085,0.109973,0.0232821,-0.169727,-0.10999,-0.0421077,-0.172197,-0.280221,-0.183061,-0.548858,-0.379221,-0.238674,-0.0855756
-1.8558,0.898534,0.59403,0.571676,-0.0330325,-0.0791416,-0.151842,0.0057812,0.145063,-0.256226,-0.0822848,0.12159,-0.135955,-0.0649814,-0.14251,-0.247575,-0.328608,-0.262214,-0.187858,-0.203503
-2.55215,0.860205,0.773312,0.213951,-0.206731,0.156768,0.130784,0.171699,0.0444067,-0.140493,-0.0512469,0.0542264,-0.201081,-0.0844917,-0.089763,0.0827794,-0.092997,-0.481586,-0.0093427,0.155726
-3.66525,0.77258,0.473186,0.0739133,0.253755,-0.0293337,-0.0708947,0.0389854,-0.0631781,-0.308322,-0.414855,0.0535761,-0.0197181,0.195797,0.138707,-0.142923,-0.481789,-0.423876,0.162153,0.313733
-4.5316,0.406596,-0.199595,0.0436974,0.150324,0.0897665,-0.142826,0.177739,0.0472428,-0.30766,-0.328038,0.0155978,-0.141092,-0.0126802,0.190826,-0.18982,-0.947802,-0.529574,0.502523,0.528144
-4.9677,0.74382,-0.0120523,-0.0640564,0.170213,0.0239795,-0.415247,-0.213519,-0.0384343,-0.206976,-0.117931,0.448937,-0.110252,-0.070286,0.319722,0.0028738,-1.17419,-0.462667,0.518562,0.325241
-5.34349,0.757702,-0.139005,0.436012,0.519008,0.34915,-0.356474,0.185141,-0.150098,-0.12459,0.139263,0.160859,-0.153227,0.0334236,0.374239,0.225073,-0.81683,-0.491569,0.454699,0.568511
-5.88435,1.04264,-0.0800686,0.242914,0.21752,0.217417,-0.375158,0.155044,-0.131947,0.0403596,-0.0205187,-0.233955,-0.191272,-0.00970538,0.115446,0.0726837,-0.926116,-0.529454,0.401922,0.582997
-6.08644,0.704418,-0.425553,0.169606,-0.0399806,0.194771,-0.183522,0.245654,0.0493304,0.517574,0.277715,-0.0521169,-0.152484,0.0977206,0.187105,0.0204071,-0.888717,-0.446517,0.464279,0.494446
-5.55903,0.5197,-0.34094,0.0612762,-0.15072,0.335079,-0.256734,0.463602,0.0128111,0.162531,-0.0841243,0.087395,0.0142083,0.123714,-0.184685,0.0104224,-0.728504,-0.296413,0.631223,0.372782
-5.71656,0.541071,-0.512155,-0.0108589,0.247835,0.465151,-0.442656,0.391651,-0.275242,-0.311664,-0.297365,0.265413,0.100514,0.0844627,-0.0266819,0.0687773,-0.643559,0.0203667,0.809469,0.104154
-5.95432,0.608061,-0.567539,0.100515,-0.0240504,0.291055,-0.541044,0.088363,-0.302797,-0.126683,0.00195047,0.26445,-0.0991425,-0.00927175,-0.23913,-0.185228,-0.503214,0.0568616,0.765839,0.378055
-6.1217,0.538969,-0.417008,-0.0473099,0.162375,0.323859,-0.421172,0.158355,-0.105011,-0.134668,0.0337317,0.408668,-0.146303,0.0844801,-0.0734122,-0.176425,-0.659145,-0.104021,0.697829,0.497332
-6.0952,0.43802,0.0383546,-0.0523503,0.426677,0.289852,-0.459871,-0.035023,-0.146138,0.0169965,-0.060664,0.147308,0.130135,0.120547,-0.0797877,-0.267615,-0.888397,-0.190349,0.701278,0.607733
-3.6457,1.55233,0.577765,0.484923,0.5933,0.311592,0.189172,0.341577,0.0754422,0.176401,0.195962,0.251742,0.0733456,0.134632,0.0550964,-0.0314038,-0.304772,-0.0624365,0.21304,0.315381
-4.24872,1.58522,1.25865,0.460516,0.842062,0.734993,0.255108,0.204249,0.254277,0.424104,0.300557,0.182738,0.218991,0.440526,0.231681,0.115036,-0.339193,-0.0350283,0.222958,0.372072
-4.55826,1.16953,0.902473,0.425262,0.682991,0.675088,0.298169,0.535406,0.244972,0.247573,0.322467,0.284869,0.365427,0.340548,-0.133759,0.0160967,-0.391616,-0.203855,0.334425,0.399132
-4.65319,1.19782,0.465738,0.76382,0.533339,0.560674,-0.110092,0.292254,-0.139147,-0.232642,0.214457,0.721982,0.555921,0.479484,0.00989583,-0.0750635,-0.230044,0.028649,0.317297,0.263999
-4.92991,1.09217,0.188849,0.676366,0.470151,0.328637,-0.248028,0.0645944,-0.320647,-0.0258189,0.36928,0.821512,0.303159,0.282238,-0.133957,-0.159334,-0.451858,0.0992883,0.44281,0.118926
-5.13821,1.33706,0.490708,0.499959,0.274052,0.383514,-0.405241,-0.064064,-0.380186,-0.0450923,0.375368,0.762536,0.17768,0.0609909,-0.124353,-0.065386,-0.458093,0.121359,0.402551,0.23257
-5.67291,1.39783,0.353429,0.687025,0.374762,0.134044,-0.126074,0.189997,-0.509657,-0.0559626,0.207206,0.824234,0.379059,0.312626,-0.143162,-0.0789827,-0.337355,-0.0319338,0.403192,0.147149
-6.04413,1.63419,0.403658,0.658865,0.526522,0.304313,-0.182715,0.202704,-0.107816,-0.0322374,0.0639767,0.816471,0.374378,0.127054,0.0148397,0.115592,-0.285265,-0.106518,0.335877,0.20494
-5.98745,1.78737,-0.0414543,0.586692,0.532981,0.465845,-0.317485,0.177539,-0.285912,-0.109244,0.32778,0.733243,0.0465952,0.136195,0.183834,0.185501,-0.0812392,0.0779876,0.450196,-0.0419582
-6.25795,1.91909,-0.0638787,0.324459,0.0260403,0.288589,-0.0198582,0.197433,-0.121192,0.0733087,0.358346,0.733899,0.308438,0.132011,0.0137521,0.194534,0.0180084,0.0989721,0.195409,0.00844181
-4.46156,0.593471,-0.384918,0.597683,-0.289676,0.33396,0.155752,0.292241,-0.129322,0.0833473,0.188741,0.200057,0.113645,0.234155,0.217372,0.244332,0.108616,0.163267,-0.008755,-0.0963093
-6.83184,1.95192,-0.0133831,0.414555,0.170683,0.430513,-0.00869371,0.171605,-0.183231,0.0583633,0.158479,0.497918,-0.0227732,0.16172,-0.132234,0.200789,0.26379,0.211708,-0.0113763,-0.0780087
-6.41705,1.41461,0.0122112,0.587788,0.252724,0.622982,0.116742,0.0843176,-0.182822,-0.0721961,0.092264,0.480707,0.179692,-0.0175648,-0.0698548,0.263127,0.0945581,0.0391181,-0.146957,0.0544241
-6.247,1.60697,0.169652,-0.206277,0.339863,0.128503,0.281991,0.248503,0.145682,0.00715383,0.125444,0.0521868,0.287262,0.168032,-0.0838706,0.0341295,0.0890093,0.000401631,0.0850667,-0.0779456
-5.80645,0.901255,0.814027,-0.871421,0.101728,0.280044,-0.0651873,0.133052,0.430589,0.343672,0.136886,0.216984,0.210614,-0.0459199,-0.153586,0.287709,0.212295,-0.0171653,0.0688195,-0.247696
-5.70143,0.612316,1.01365,-0.333113,0.190617,-0.0709102,-0.167276,0.279612,0.230282,0.187254,0.108084,0.0786968,-0.040662,-0.160362,-0.201102,0.0516602,0.156351,-0.0312043,-0.105282,-0.102287
-6.15838,0.92187,1.12007,-0.0964693,0.0964799,-0.0793078,-0.056306,0.304435,0.181656,0.115334,0.14677,0.246041,0.0135782,-0.197709,-0.0436504,0.0605962,0.121635,0.172614,0.114567,-0.344144
-6.46408,1.30559,0.756952,0.137039,0.140478,-0.395027,-0.375004,0.18557,0.247041,0.226846,0.295873,0.255259,-0.0909107,0.118813,-0.0791759,0.253244,-0.0306241,0.24048,0.296669,-0.178998
-6.85102,1.40587,0.687306,0.315427,0.27954,0.0623467,-0.353912,0.241576,0.225591,0.202335,0.12321,0.256677,-0.226013,-0.0422027,-0.185775,0.0903483,-0.0378101,0.124471,0.285335,0.0231115
-6.99961,1.39358,0.72022,0.525446,0.341002,0.0203875,-0.433644,0.189135,0.0808365,0.319382,0.133896,0.0914346,-0.236594,-0.167873,-0.142659,0.116544,-0.213899,0.240101,0.26013,0.0876935
-7.07049,1.51237,0.613034,0.00835497,0.226479,0.389067,-0.813719,-0.0306253,0.194575,0.497696,0.378025,0.227333,-0.468698,-0.272351,-0.165441,0.241134,0.0371468,0.298184,0.411993,0.153961
-7.03594,1.43201,0.566125,0.102348,0.242763,0.418717,-0.611654,0.161438,0.0522951,0.487878,0.296379,0.128813,-0.377251,-0.244146,-0.498329,0.0908334,0.0538373,0.392218,0.454908,-0.0129433
-7.29624,1.76825,0.782593,0.140232,0.0144452,0.482369,-0.621164,-0.175223,0.0468605,0.568416,0.175073,-0.1388,-0.306942,0.00712733,-0.118703,0.09732,0.209631,0.429113,0.444551,-0.155694
-7.26854,2.38716,1.23739,0.534904,0.446789,0.76812,0.0222607,0.426802,0.290831,0.4695,0.456123,0.0185136,-0.290327,0.0367674,-0.0377513,0.309575,0.189507,0.354035,0.219742,-0.176214
-7.57444,2.11508,1.06315,0.343518,0.0617205,0.531998,-0.175969,0.264545,0.0738512,0.352985,0.421189,0.32567,0.00999986,0.357638,0.14049,0.648469,0.311657,0.384761,0.291293,-0.257855
-7.39548,1.8237,0.454835,0.305021,0.152451,0.209244,-0.188337,0.333145,-0.23645,0.12806,0.34922,0.349839,0.104383,0.369088,-0.238029,0.428787,0.11271,0.0711804,0.0443437,-0.408465
-7.10633,1.5171,0.35208,0.407505,-0.32035,0.193134,-0.139928,0.191091,-0.1612,-0.00275309,0.1466,0.400969,-0.116603,0.0498014,-0.0258488,0.147149,-0.0234761,0.264399,-0.13914,-0.548252
-5.55599,1.67648,0.324124,0.314888,0.252477,0.0232411,0.0395896,-0.0112232,0.356214,-0.0174556,0.0771816,-0.0121683,0.0303337,-0.114898,-0.12069,0.19392,0.262993,0.245993,0.13449,-0.276583
-3.87962,1.69474,1.11411,0.518291,0.470143,0.350129,0.156053,0.422077,0.34648,0.343013,0.104106,0.302193,0.282494,0.0416047,-0.188615,0.0493605,-0.0158224,0.102718,0.136896,-0.0103633
-4.60341,1.60986,1.37042,0.566677,0.665396,0.143366,0.0738061,0.587556,0.890887,0.624007,0.0779647,0.197244,-0.0680346,-0.0728225,0.274034,0.151843,-0.118488,0.0545748,0.331913,0.37051
-5.72866,1.22107,0.785524,0.31689,0.570947,0.109365,0.247379,0.837612,0.914704,0.0697103,0.145278,0.286628,0.0720102,0.2257,0.221659,0.338106,0.00579395,-0.00851475,0.248036,0.105623
-5.44057,1.33367,0.307144,0.410684,0.655994,0.486795,0.260795,0.784324,0.799118,-0.140339,-0.0157381,0.318631,0.0314639,0.155191,0.0471654,0.446012,-0.120498,0.134944,0.291259,0.400267
-5.53278,1.36415,-0.0588427,0.409718,0.439658,0.33446,-0.0423237,0.74522,0.619398,-0.292423,-0.0679485,0.489063,-0.0491644,0.0958896,-0.228565,0.269515,-0.14851,-0.0654168,0.322851,0.553596
-5.54039,1.43876,-0.286624,0.412104,0.196192,0.250959,0.143814,0.803847,0.452229,-0.119861,0.0161781,0.442931,-0.285837,0.028212,-0.17036,0.335578,-0.091691,0.0391532,0.262069,0.557996
-5.86596,1.02115,-0.429591,0.334998,0.298335,0.651752,0.240638,1.05471,0.521091,-0.143908,-0.094668,0.337773,-0.267589,0.14642,-0.147579,0.279264,-0.115766,0.0781913,0.183352,0.105078
-5.90711,1.10639,-0.0975923,0.306536,0.425069,0.631602,0.161076,0.904702,-0.0117301,-0.474847,0.0501128,0.586013,-0.0810199,0.106821,-0.162821,0.493553,0.0469544,0.0856782,0.194241,0.361551
-6.0379,0.797894,-0.295159,0.162083,0.304793,0.273676,-0.134219,0.781222,0.0726133,-0.239433,-0.0872192,0.238546,-0.264316,0.144884,-0.274414,0.475569,-0.0914695,-0.0855595,-0.0268992,0.172428
-5.84041,0.883413,-0.223323,0.13618,0.137242,0.475994,-0.126001,0.579957,-0.257048,-0.330822,-0.134887,0.112147,-0.484531,0.0253788,-0.287036,0.381259,-0.0373411,-0.109128,0.218382,0.180823
-5.87093,0.891484,-0.350173,-0.0134868,-0.172792,0.284843,-0.222201,0.324382,-0.354533,-0.324656,-0.161781,0.217412,-0.297317,0.00430717,-0.173965,0.369161,-0.203815,-0.141864,0.261348,0.291568
-5.917,0.877025,-0.242705,0.026631,-0.160587,0.475316,0.00805458,0.444474,-0.308982,-0.0692893,0.10502,0.436616,-0.132282,0.23643,-0.121301,0.180261,-0.230349,-0.165721,0.256178,0.304802
-5.9455,0.743089,-0.396332,-0.0672399,0.0633649,0.478731,-0.0561005,0.321946,-0.393791,-0.13781,-0.162818,0.385267,0.0623267,0.322785,-0.256692,0.274583,-0.254893,-0.134138,0.09745,0.1559
-3.3099,1.50084,0.273659,-0.023634,-0.220432,-0.0663307,-0.288286,-0.324636,-0.342418,-0.378809,-0.290788,-0.187868,-0.365813,-0.396905,-0.426642,-0.0981193,-0.254259,-0.178041,-0.129566,-0.132125
-1.48113,1.3477,0.790851,0.274935,0.062485,0.167603,0.0366287,-0.149341,-0.0391474,0.0717449,0.0378475,-0.0112407,-0.0386308,-0.105193,-0.250294,-0.0849063,-0.33181,-0.237699,-0.396278,-0.191177
-2.58918,0.502938,0.898107,0.587534,-0.07149,0.0638197,0.0333432,0.209645,0.158205,-0.111267,-0.098872,0.0749674,0.0742051,-0.0293529,-0.289439,-0.3816,-0.185859,-0.0307284,-0.0245382,-0.127222
-3.27604,0.816072,0.903728,0.0880169,-0.126387,0.141256,-0.0943721,-0.0355467,-0.0451974,-0.249919,-0.139754,-0.274791,-0.407069,0.050368,-0.180617,-0.224111,0.0177858,-0.164805,-0.0436692,0.126514
-4.80644,0.50315,0.517143,-0.289215,-0.255345,0.201223,0.245698,-0.0450942,-0.279178,-0.171479,-0.163682,0.0775868,-0.248926,-0.0447141,-0.172461,-0.110546,-0.156144,-0.0849275,0.213866,0.215596
-5.21503,0.706153,0.239216,-0.619033,0.00294276,0.393944,0.00246866,0.199925,-0.408771,-0.228611,-0.123175,0.0954752,-0.0969444,0.10824,-0.00206428,-0.0760499,-0.102892,-0.234446,0.0342806,0.0519044
-5.60647,0.938819,0.496945,-0.211,0.296889,0.382173,-0.117628,-0.168169,-0.198869,-0.106273,-0.0904169,0.297731,-0.0606712,0.0829696,-0.226076,-0.0810406,-0.28152,-0.125048,0.373028,0.193707
-6.17428,1.15279,0.513168,-0.262515,0.259912,0.459947,-0.150897,0.125716,-0.220132,0.0567438,-0.0715265,0.0810224,-0.25214,0.0422157,-0.152867,0.0747037,-0.0288576,-0.150095,0.172594,0.27818
-7.11021,1.13743,0.638833,-0.446161,-0.174073,0.481777,-0.127334,0.301077,-0.141458,0.0363532,-0.26333,0.156264,-0.266623,-0.0751825,-0.313426,0.140007,-0.0209694,-0.104826,0.210325,0.114708
-7.49835,1.7856,0.657032,-0.474867,0.150309,0.742973,0.272312,0.655538,0.140772,0.218701,-0.0217103,0.321415,-0.0547936,0.0986933,-0.240915,0.337354,0.269702,0.381322,0.156253,-0.185183
-7.66524,1.99864,0.622027,-0.186064,0.0745485,1.03582,0.454798,0.399095,0.27019,0.293007,-0.147826,0.148935,-0.121198,0.384433,0.0949322,0.518186,0.507052,0.0734916,-0.0705992,-0.214327
-7.99159,1.79503,0.447808,0.02627,0.138686,0.748252,0.283096,0.390185,0.136993,0.321351,0.0568518,0.24184,0.075703,0.256232,-0.202768,0.279552,0.113846,-0.00240801,-0.32519,-0.150398
-8.24053,1.85126,0.182402,0.00672833,0.0428917,0.400657,0.161601,0.170213,0.305501,0.501467,0.0769366,0.0848391,0.0771453,0.106414,0.146348,0.1522,0.175627,0.0350298,-0.111525,0.1361
-7.91326,1.76042,0.278994,0.60811,0.0992999,0.340572,-0.0454834,0.307094,0.294224,0.294837,0.0519038,-0.066336,-0.0692639,-0.0642298,0.164215,0.00730781,-0.0776481,0.29358,0.0430201,0.156344
-7.27008,1.07296,1.02814,0.0459095,0.47123,0.208664,0.191692,-0.158279,0.239035,0.155538,0.350659,0.167449,-0.167993,-0.00217946,0.134117,0.215554,-0.0381038,0.16825,0.26945,0.060859
-5.85744,0.40325,1.46419,0.0227281,-0.0221764,0.285041,0.310175,-0.0312,0.146486,0.496152,0.306617,0.0850584,-0.16395,-0.0587352,-0.128023,-0.0263308,-0.00998322,0.190156,0.0460856,0.0666364
-4.95278,0.420564,0.513637,0.587701,0.098678,0.211597,0.418205,-0.187112,0.0544935,0.144715,0.202683,0.714725,0.238511,-0.223965,-0.015505,0.0376892,0.272292,0.271897,-0.198475,-0.121377
-4.98164,0.834271,-0.217651,0.663471,0.609933,-0.269414,0.237867,0.288124,-0.220911,-0.338441,0.209857,0.678954,0.298025,-0.0490571,-0.276011,0.0628254,0.407243,0.271951,0.0795603,-0.111006
-5.50539,1.2038,-0.0107994,0.445095,0.627622,0.0417785,0.0974006,0.385181,0.239964,-0.390005,0.269168,0.736906,0.482847,0.0627304,-0.455796,-0.0742408,0.275996,0.391529,-0.114481,-0.0916411
-6.08596,1.17385,-0.3471,0.720893,0.735687,0.19479,-0.0433692,0.411122,0.255529,-0.0840167,0.292826,0.752477,0.231078,-0.0661455,-0.445839,0.10476,0.208269,0.51842,0.107636,-0.186324
-6.34889,1.36462,-0.0505674,0.653854,0.607165,0.242783,0.170567,0.453279,0.138612,-0.310301,0.0023856,0.510335,-0.185522,0.0442913,0.0252431,0.055607,0.231868,0.252797,0.142842,-0.162469
-6.76916,1.39086,-0.104463,0.863871,0.731549,0.334487,0.134506,0.346983,-0.0833001,-0.259613,0.329459,0.463581,0.0309739,0.143147,0.0527935,0.11252,-0.128767,0.352559,0.237597,-0.127548
-6.96367,1.42944,-0.165434,0.787973,0.763996,0.188266,-0.376119,0.427064,0.0544325,-0.0865787,0.629936,0.714384,-0.335854,-0.113668,-0.0918759,0.234559,0.154783,0.425145,0.309808,0.0513886
-6.69779,1.4085,0.749344,0.773686,1.17493,0.273594,0.384197,0.350262,0.372872,0.214231,0.296114,0.246797,-0.0696777,-0.168112,-0.0893859,0.0492126,0.0449921,0.0236242,-0.0137845,-0.0528525
-6.39698,0.656426,0.578502,0.519545,0.987995,0.548568,0.539888,0.527353,0.216026,0.371618,0.786305,0.360934,0.254944,0.019792,0.240206,0.184513,0.0298579,0.428608,0.194409,-0.0202211
-6.24705,0.77564,0.427157,0.402855,0.665909,0.23685,0.256669,0.0920952,-0.0531601,0.309604,0.55206,0.245084,0.164317,0.182418,0.0102641,0.228778,0.170795,0.335029,0.208048,0.163677
-6.51404,0.997516,0.545228,0.500288,0.316938,0.0150938,0.0209496,0.119509,0.184537,0.0527689,0.240448,0.129793,-0.220904,-0.0711494,-0.146437,0.0332135,0.183105,0.456563,-0.103114,0.0382341
-6.14868,0.931371,0.534987,0.241368,0.0605962,0.577005,0.111006,-0.149499,0.0994639,0.0981944,0.193327,-0.0185871,-0.384878,0.2435,-0.149642,-0.136027,0.194463,0.391421,0.101279,0.0917556
-4.42019,1.30944,0.48561,0.84016,0.495461,-0.0831506,0.0943528,0.143421,0.328931,0.023734,0.183128,0.0219792,-0.101019,0.108426,-0.0884749,0.0634025,0.0554174,0.185157,0.0217728,0.104326
-3.55028,1.71854,0.982694,0.32016,0.491761,0.33414,0.328889,0.285454,0.369788,0.606269,0.4119,0.316195,0.0454984,0.206137,-0.120148,-0.0367379,0.153341,-0.126024,-0.0930245,-0.00543193
-3.8741,1.19663,0.465467,0.697365,0.668637,0.250385,0.363404,0.331187,0.271771,0.566569,0.93882,0.482952,-0.236114,-0.128891,0.00560128,0.0111593,-0.162727,-0.0176787,0.317303,0.268048
-4.07977,1.52596,0.0932676,0.832856,0.47211,0.215176,-0.15457,0.0809844,0.354853,0.295197,0.496682,0.662176,0.147348,-0.245044,0.137248,0.00229163,-0.057936,-0.00644176,0.574856,0.24047
-4.36802,1.79057,0.0156527,0.672608,0.461616,0.215576,0.0410282,0.116841,0.262213,0.427221,0.566881,0.586075,-0.0189826,-0.13659,0.103727,0.292599,-0.515923,-0.0466778,0.183185,0.131318
-4.63474,1.62918,0.117075,0.560073,0.366821,0.599233,-0.0349222,-0.0989201,0.155749,0.175708,0.353194,0.455735,0.000777475,0.130275,0.235401,0.140436,-0.371794,0.0754617,0.0931035,0.118619
-4.87925,1.59554,-0.225049,0.690176,0.407825,0.255224,0.00221143,0.20479,0.283882,0.158109,0.288785,0.481609,-0.0025772,0.30918,0.273177,0.212691,-0.54076,-0.102868,0.399265,0.178958
-4.95379,1.48973,-0.137592,1.02229,0.386975,0.450174,-0.0101787,0.182933,0.111588,-0.0143446,0.189492,0.525921,0.084199,0.0314164,0.116336,0.228145,-0.357864,-0.0535052,0.26319,-0.0402659
-5.59182,1.37269,0.00270302,1.20402,0.667043,0.432345,0.12057,0.449676,-0.0394837,-0.245817,-0.0385551,0.482642,0.149413,0.297678,0.487096,0.186832,-0.567043,-0.576003,-0.131238,-0.0469537
-5.29611,1.72534,0.282755,0.655334,0.221551,0.309781,-0.0100826,0.310579,-0.0116101,-0.211008,-0.0164145,0.526229,0.108914,0.193146,0.161567,0.160155,-0.238825,-0.539617,0.0878459,0.270475
-5.15073,1.89939,0.252968,0.420976,0.106032,0.338457,-0.0785643,0.186134,0.210781,-0.0803281,0.145739,0.435204,-0.0559188,0.0195123,-0.0223943,0.0994503,-0.239956,-0.237625,-0.120817,0.033086
-5.05833,1.52684,-0.0692997,0.41245,0.0081619,0.492393,-0.083941,-0.129291,0.0293129,0.371551,0.329867,0.309691,0.0978452,-0.0204604,-0.111201,0.0252224,-0.249953,-0.183796,0.111443,0.126009
-4.56479,1.09426,-0.196405,0.484311,0.0364486,0.609743,0.0237608,0.149771,0.159292,0.494825,0.336833,0.251724,-0.0629862,-0.181127,-0.259033,-0.0144852,-0.212414,-0.0564063,0.234743,0.26483
-5.52567,1.52102,0.28719,0.514488,-0.00719598,0.202054,0.301447,-0.0485566,-0.0226809,0.169269,0.503993,0.379641,-0.197571,-0.17901,-0.297905,-0.196814,-0.0839397,-0.100292,0.403974,0.145839
-4.92384,1.20698,0.693706,0.0969377,0.119173,0.339554,0.307071,0.0766233,0.113611,0.235838,0.316341,0.280869,-0.148164,-0.0913679,-0.143481,0.00495987,-0.264242,0.0650683,0.336644,0.110142
-4.61435,0.844728,0.715582,-0.189613,0.582333,0.573771,0.051258,0.0598741,0.142455,0.202426,0.405531,0.46847,0.156876,-0.148599,-0.124098,0.156468,-0.21484,-0.128634,0.270075,0.216361
-4.24866,0.363423,0.488237,0.456397,-0.348977,0.328734,0.206063,-0.206984,0.334204,0.147251,0.264704,0.415565,-0.198567,0.0605457,0.231919,-0.0501766,-0.0409653,-0.164894,0.0155629,0.374528
-4.45241,0.797493,-0.124469,1.12828,-0.00111857,-0.338866,0.285827,-0.187322,0.137115,0.665867,0.26768,0.115565,-0.246583,-0.0134177,0.249155,0.204337,-0.31077,-0.0494684,0.28812,0.445137
-5.21012,1.53148,-0.0535878,0.169132,0.709359,0.103776,-0.219021,0.499176,0.287257,0.263947,0.393541,0.327246,-0.0144501,-0.0195705,0.0506171,0.240363,-0.363035,-0.123804,0.19692,0.0610775
-6.09644,1.48601,0.0813794,0.312988,0.373598,0.163282,-0.110852,0.131341,0.332363,0.45745,0.424794,0.250063,-0.391832,-0.0294782,0.319379,0.299999,-0.388103,-0.271111,0.194349,0.162271
-6.56451,1.82547,0.0968927,0.38181,0.117085,0.128629,-0.135727,0.212452,0.378995,0.502789,0.593465,0.346362,-0.596141,-0.229461,0.351056,0.0631201,-0.390794,-0.0814821,0.212619,0.158979
-6.73567,1.30542,0.27812,0.502799,0.280401,0.193301,-0.0929147,0.171847,0.342483,0.701903,0.889635,0.316069,-0.198109,-0.326934,0.284265,0.179529,-0.555672,0.112592,0.474205,0.0399927
-7.18287,1.20089,0.496595,0.842948,0.363643,-0.11276,-0.207081,0.22102,0.378893,0.70278,0.719659,0.406083,-0.427712,-0.0649345,0.371208,0.169694,-0.391063,-0.0809974,0.405307,0.195448
-6.36313,0.954884,0.776797,1.05612,0.587009,-0.0818447,-0.465311,-0.352388,0.036657,0.5484,0.40358,0.112692,-0.141923,0.268219,-0.1649,-0.120071,-0.347302,0.183924,0.350655,-0.1776
-5.47445,0.424639,0.689084,0.212597,0.449554,0.028706,-0.599338,-0.0947457,0.355691,0.913117,0.509313,-0.0324697,0.467487,0.3202,-0.29812,0.00457804,-0.47052,-0.0867196,-0.0209007,-0.103873
-5.63905,0.42694,0.179049,0.349979,0.451487,-0.170926,-0.156834,0.443056,0.54687,0.391924,0.050001,-0.0495218,0.140036,-0.0379176,0.185512,0.175219,-0.207945,-0.283652,-0.299996,-0.0114972
-5.18275,0.910184,-0.163161,1.11316,0.849164,0.019771,0.121158,0.0677688,0.0499813,-0.324725,-0.482859,-0.0194593,0.293534,0.195762,0.704412,0.465147,-0.0997425,-0.0971786,-0.123648,0.0725076
-5.23538,1.42778,0.0596956,0.750039,-0.000213622,-0.129765,0.0505741,0.0941881,-0.00826987,-0.253407,-0.000151435,0.16628,0.0358357,-0.0933762,0.0398861,0.182679,0.0192144,0.456958,0.0668316,-0.152729
-2.21946,1.51965,0.3667,0.273752,-0.136051,-0.0211856,-0.0188684,0.0120266,0.00874927,-0.0471925,0.06441,-0.118522,-0.249986,-0.176438,-0.211386,-0.0384582,-0.356365,-0.233043,-0.0533562,-0.039789
-1.70699,0.911746,0.900795,0.524363,-0.0458157,0.0572753,0.19758,-0.027092,-0.0861859,-0.146917,-0.06916,-0.107303,0.0203074,0.166959,-0.150272,-0.029593,-0.176116,-0.139276,-0.418166,-0.239463
-2.65009,0.755407,0.823615,0.499796,0.0240546,0.207548,0.0801395,0.192232,0.242363,0.140282,0.0935415,0.0404941,-0.074401,-0.065924,-0.0320588,-0.127716,-0.0532973,-0.231181,-0.084998,-0.093523
-3.20858,0.712573,0.581746,0.496942,0.219069,-0.0527236,-0.174514,0.144113,0.191589,-0.301548,-0.0156108,0.031038,-0.383907,-0.169919,0.212469,0.132683,-0.193537,-0.0580755,0.282117,0.0828626
-4.25778,0.561368,0.0214546,0.428752,0.383419,0.0525488,0.0127659,0.251052,0.00101777,-0.083015,0.105744,0.109262,-0.210091,0.0645866,0.287548,-0.10636,-0.609063,-0.296682,0.297164,0.305001
-4.23296,0.895652,-0.238288,0.0474845,0.290667,-0.0272619,-0.0513845,0.218056,0.152989,0.256534,0.34391,0.393288,-0.0321293,-0.159404,0.300489,0.177481,-0.567426,-0.100809,0.223975,0.0837084
-4.56129,1.28306,-0.275671,0.229308,0.421124,0.189929,-0.0977393,0.0184833,-0.033579,0.147305,0.113309,0.0595823,-0.362875,-0.0791603,0.178882,0.114148,-0.314896,-0.178245,0.143353,0.00299498
-5.34917,1.24395,-0.349029,0.215293,0.228093,0.146386,-0.218756,0.348764,-0.15488,-0.0159115,0.523276,0.152405,-0.374461,-0.211776,0.506486,0.30554,-0.452914,-0.134424,0.519069,0.326788
-5.58988,1.30622,-0.881757,0.149747,0.378419,0.385095,-0.231394,0.463588,0.241547,0.217589,0.327957,0.30359,-0.173576,-0.338135,0.247977,0.210774,-0.560444,-0.167415,0.500669,0.179519
-5.069,1.29807,-0.427687,0.182619,0.130444,0.191714,-0.156035,0.554332,0.00522749,0.22621,-0.0955085,0.191337,-0.230705,-0.305887,-0.0998363,0.361024,-0.349719,-0.375735,0.271933,0.337257
-5.28742,1.27908,-0.327454,0.244637,-0.00930485,0.0877863,-0.155252,0.409714,0.0401734,0.18262,-0.212264,-0.0552075,-0.287679,0.0844926,-0.00690526,0.310806,-0.389883,-0.289524,0.428482,0.482221
-5.82118,1.24708,-0.313957,0.0254825,-0.0330483,0.240311,-0.100723,0.418917,0.060809,0.116063,0.0588737,0.0455167,-0.366061,0.114089,-0.215352,0.0236023,-0.332091,-0.154837,0.249759,0.355826
-5.37494,1.29208,-0.51347,0.26971,-0.282452,-0.198943,-0.303894,0.141508,-0.0844308,0.137269,0.0200365,0.0628628,-0.409785,0.0151441,-0.181786,-0.00730769,-0.174862,0.0340244,0.0781315,-0.124266
-5.57485,1.22648,-0.800884,-0.0145965,-0.37212,-0.191628,-0.0310217,0.181225,-0.128413,0.375656,0.208819,-0.0340201,-0.2628,-0.0537467,0.0135503,0.150235,-0.359101,-0.239546,0.255336,0.19228
-3.57715,1.72903,0.149962,0.376151,0.67294,0.426411,0.525757,0.223231,0.279101,0.369994,0.178092,0.213245,0.13342,-0.0102845,-0.0943268,0.054128,-0.0551366,0.149685,0.293605,0.272187
-4.09734,1.85061,1.09071,0.534068,0.857698,0.305239,0.166152,0.430452,0.25016,0.535499,0.183263,0.135274,0.277103,0.249219,0.224423,0.171178,-0.267444,0.0118926,0.100951,0.0994871
-4.69853,1.40126,0.792633,0.623934,0.463181,0.274469,0.373226,0.2394,0.281174,0.414121,0.417467,0.637935,0.390998,-0.0406568,0.170885,0.0504933,-0.134144,0.20006,0.261308,0.0232557
-4.75732,1.62694,0.324742,0.730071,0.298873,0.290319,0.398456,0.0264011,0.160865,0.217836,0.291734,0.505814,0.202824,0.0459513,0.235415,0.0959932,-0.240533,0.152989,0.230415,0.206411
-5.02097,1.55447,0.0354542,0.764072,0.480836,0.665489,0.254546,0.0339521,0.0368122,0.141354,0.38685,0.319702,0.0562831,0.113736,0.106222,0.121521,-0.124986,0.290738,0.0668261,-0.0869353
-5.15057,1.85978,0.102932,0.509453,0.253425,0.4392,0.346516,0.0860678,0.0563437,0.259723,0.201255,0.333872,0.012872,0.011482,0.148915,0.152123,-0.190362,0.105487,0.0270739,0.0559721
-5.6696,1.90893,0.03815,0.769635,0.17868,0.44983,0.0577494,0.0411961,0.138452,0.292867,0.232123,0.522068,0.0337556,-0.129487,0.0175514,0.130499,-0.137635,0.0424826,-0.0301438,0.0648023
-5.93963,1.7416,0.203114,0.897148,0.48309,0.36035,0.108976,0.0426434,-0.190071,-0.101306,0.284429,0.511628,0.237454,0.0577425,0.160068,0.260078,0.00126479,-0.012243,0.0655489,-0.14071
-6.38406,1.61837,0.354723,1.00343,0.216099,0.136319,-0.0935001,0.0290355,-0.0896809,0.166746,0.291645,0.302838,-0.0495906,-0.215541,0.0780387,0.370743,-0.0859587,-0.218974,-0.0888312,-0.000869818
-6.83708,1.6396,0.431366,0.967186,0.290832,0.0411878,-0.0830496,-0.281419,-0.160211,0.337686,0.386417,0.420105,0.189746,0.140278,0.0107148,0.20206,0.1719,-0.0218876,-0.22844,0.0468945
-6.64751,1.67542,0.291321,1.32232,0.327058,-0.0316835,0.0142308,-0.0610712,-0.124938,0.333833,0.399077,0.37139,0.172232,0.109268,0.0182502,0.032176,-0.0152747,-0.0568581,-0.217943,0.128207
-6.8573,1.42398,0.270283,0.909429,0.120851,0.114611,-0.0877634,0.276171,-0.0318038,0.118734,0.0614102,0.124977,0.175068,0.0627493,0.189068,0.338106,0.0754931,0.0433393,-0.137718,0.0103822
-7.42458,1.11474,0.514894,0.988236,0.235953,0.413326,0.0916145,0.147821,-0.0250275,0.545682,0.140131,0.0152871,-0.238964,0.193108,0.219972,0.180086,0.196617,0.162926,0.0170614,0.142686
-7.24098,1.20277,1.02205,0.925335,0.384536,0.0582504,0.132631,0.081469,0.162022,0.529218,0.333924,0.103448,-0.150505,-0.235702,0.0509645,0.141839,0.108712,0.106707,-0.0511859,-0.00260809
-6.77847,0.293826,1.4981,0.233895,0.556895,0.137205,-0.2071,0.152434,0.0585875,0.361376,0.50018,0.0397442,-0.142158,-0.0612436,-0.0633032,0.399031,0.10692,-0.0795834,0.199125,0.0277465
-6.65167,0.106098,1.69013,0.781705,0.647928,0.151341,0.122627,0.00858575,-0.185067,0.282016,0.139751,0.201617,0.0709461,-0.303749,-0.199372,0.189188,0.370514,0.282395,-0.0244491,-0.0158565
-7.24764,0.212418,1.73162,0.816611,0.282063,0.310102,0.133534,-0.0815914,-0.000942835,0.302321,0.203508,-0.0065451,-0.0612105,-0.110304,0.0499833,0.276481,0.0970996,0.0372711,0.0267594,0.0715171
-7.11334,0.655635,1.0195,0.988832,0.653541,0.199226,0.166166,0.0883932,0.203411,0.126681,0.202458,0.434303,-0.215189,-0.0903893,0.14738,0.218969,-0.139632,-0.00705545,0.0473029,0.100968
-7.16857,0.606815,0.720667,1.29737,0.630588,0.29941,0.0360159,0.347397,0.236879,-0.316323,0.0609717,0.444528,-0.22663,-0.275906,0.0242633,0.318173,0.108062,-0.0901343,-0.0256194,0.155594
-7.72102,0.947136,0.800078,1.24874,0.497539,-0.211262,0.0126871,0.447022,0.360379,-0.21428,0.0870049,0.470418,0.0101388,-0.140288,0.142572,0.286137,0.0165174,-0.0183177,0.0541509,0.0817903
-7.92793,1.13244,0.915847,0.987622,0.385407,0.0775381,0.055901,0.202928,0.0116018,-0.217581,0.0714826,0.127631,0.0457284,0.0643824,0.040509,0.248623,0.196281,0.142003,-0.126161,-0.0705136
-8.31825,1.14896,0.788328,1.35368,0.706509,-0.232474,-0.0755174,0.408902,-0.287114,-0.357421,0.188449,0.385876,0.196469,-0.113292,0.187116,0.309158,0.143426,-0.0989086,0.0105396,0.221184
-8.03253,1.30528,0.668405,1.43843,0.637534,-0.0996924,-0.111706,0.110388,0.116719,-0.0912334,-0.0470219,0.326787,-0.156899,-0.35471,0.18067,0.475818,0.222175,-0.132692,-0.101666,0.271414
-7.54901,2.11669,0.740937,1.49014,1.07531,0.421635,0.366517,0.39061,0.0896877,-0.204352,0.253265,0.349121,0.0124331,-0.302242,0.27648,0.226129,-0.0194188,-0.165223,-0.0675136,0.291192
-7.69659,1.43466,0.682384,1.47928,0.862247,0.268717,0.3469,0.287436,-0.125187,-0.0707648,0.17844,0.198647,-0.120516,0.0130445,0.289816,0.283766,0.308733,0.217899,0.0536399,0.396711
-7.59322,1.17234,0.74631,1.16436,0.372025,-0.020271,0.398426,0.554431,0.219477,0.063241,-0.145456,0.0193967,-0.0994661,0.0294605,0.215228,0.248759,0.275834,0.366237,-0.070976,0.28139
-7.87062,1.24453,0.666495,1.19053,0.102424,-0.188553,0.105823,0.311358,0.243764,0.154683,0.00220201,0.137973,-0.0149603,-0.0660183,0.0649106,0.0302562,0.172063,0.112699,-0.237723,0.240063
-7.32759,0.897474,0.53788,0.782075,0.2337,-0.170129,0.0869525,0.101219,0.262374,0.161821,0.165797,0.0348447,-0.0172544,-0.0341471,0.0283906,-0.0127644,-0.00721772,-0.0324661,-0.0968734,-0.071189
-4.12243,1.24503,0.636186,0.694357,0.826097,0.367638,0.225552,0.454347,0.320024,0.419047,0.226455,0.42305,0.197699,0.0631653,-0.0353223,-0.00208291,-0.105652,0.0620533,-0.0218703,-0.0575182
-4.8744,1.60204,1.518,0.700537,0.78808,0.373398,0.285831,0.297341,0.360644,0.594869,0.175536,0.215814,0.0803983,0.195599,0.205054,0.112064,-0.0416466,0.122809,0.13474,0.257604
-6.0525,0.614386,0.932292,1.11506,1.17372,0.191375,0.00653084,0.498454,0.460392,0.216214,0.65685,0.468511,0.0548506,-0.0384157,0.394016,0.463669,0.369657,0.336413,0.0219711,0.0599918
-6.45454,0.895244,0.639631,1.28324,0.922008,0.0732845,0.198705,0.929302,0.67984,-0.202324,0.248346,0.118656,-0.436953,-0.0768984,0.443242,0.378017,0.0379914,0.210986,0.308265,0.109564
-6.89945,0.940978,0.419594,1.24017,0.635621,-0.18253,-0.14679,0.694576,0.296328,-0.0547514,0.383635,0.601324,-0.292624,-0.0707356,0.312764,0.587376,0.172738,0.211513,0.268036,0.292815
-6.81482,1.1027,0.051585,1.25663,0.551705,-0.101074,-0.0301833,0.548992,0.144045,-0.427582,-0.0781242,0.192631,-0.0947226,0.00397701,0.429066,0.358393,-0.00438072,0.274695,0.380232,0.321417
-7.06515,1.38353,0.108779,0.967695,0.690057,-0.00487123,0.0361157,0.632679,0.104103,-0.0460787,-0.0114331,-0.0279499,-0.535854,-0.261419,0.216422,0.616668,0.491301,0.254805,0.0151128,0.144884
-7.41128,0.987088,0.482639,1.35466,0.750613,-0.0162209,0.113313,0.816059,0.338264,-0.294769,-0.184553,0.149711,-0.105659,-0.359261,-0.215166,0.375728,0.350468,0.222215,0.385132,0.446112
-7.63907,1.06688,0.077839,1.16404,1.06169,-0.364127,0.000247243,0.772503,-0.0618074,-0.741328,-0.104711,0.234755,-0.278847,-0.418678,-0.143123,0.387489,0.393384,0.220038,0.148405,0.367438
-7.78608,0.993582,0.271321,1.30844,0.530583,-0.407406,-0.332409,0.0410807,-0.24963,-0.28576,-0.143818,0.0117776,-0.276261,-0.266797,-0.157444,-0.0101252,0.134071,0.130952,0.250839,0.597926
-7.36485,0.916703,-0.288448,0.895071,0.332181,-0.0891841,-0.151002,0.048031,-0.270433,-0.13921,-0.148383,-0.133011,-0.302145,-0.155112,-0.293379,0.0672644,0.154004,0.287518,0.299116,0.297639
-6.85252,1.14616,-0.224283,0.820385,0.00665982,-0.149341,-0.457016,0.17146,0.0495879,-0.247577,-0.178055,-0.0266749,-0.207476,-0.199524,-0.195542,0.235625,0.420911,0.548292,0.231933,0.06517
-4.44075,0.593477,-0.731678,0.810301,-0.402892,0.327505,-0.22964,0.228614,-0.204711,0.0951918,-0.0368031,0.0734958,0.0238919,0.0852274,0.0583139,0.107851,0.0332635,0.185336,0.0820573,0.243034
-4.53121,1.57499,0.745168,0.155704,-0.266188,-0.240596,-0.248472,-0.175525,-0.168482,-0.247274,-0.345384,-0.27417,-0.0209908,-0.0732809,-0.387499,-0.209245,0.0327651,-0.15014,-0.189039,0.00184566
-1.48142,1.58974,0.631353,0.252418,-0.120266,0.100819,0.0297275,-0.198688,-0.177277,0.0583145,-0.0738925,-0.194502,0.0239687,-0.119109,-0.309065,-0.0355642,-0.266144,-0.269324,-0.316202,-0.149646
-2.58479,0.616483,0.935015,0.693602,-0.0702141,0.048627,-0.0196816,0.0171185,0.0619671,-0.233174,0.128314,0.273524,0.152464,-0.0566526,-0.356245,-0.229082,-0.0324162,-0.0712049,-0.283534,-0.314986
-3.27572,0.694615,1.20379,0.264489,-0.171988,-0.000872067,0.00368911,0.158845,0.121774,-0.0318498,-0.00805452,0.000781328,-0.103582,0.151541,-0.0845855,-0.120867,0.0711415,-0.189121,-0.115366,-0.0927215
-5.09677,0.327076,1.04337,0.372265,-0.145035,-0.00879318,0.0373777,-0.318387,-0.375026,-0.165694,-0.22673,0.00772938,-0.227436,-0.0294065,-0.11857,-0.209272,0.0109268,0.145758,0.00946676,0.0708671
-6.17246,0.58395,1.0882,0.361633,-0.278755,-0.352196,0.0425207,0.182015,-0.0953443,-0.0857489,0.0531883,0.0329127,-0.251832,-0.231104,0.0103901,0.172832,0.0889399,0.0227594,0.0917055,0.0941202
-6.86408,0.628465,1.40148,0.650946,-0.0468746,-0.359345,-0.0423729,0.0372021,-0.00762657,-0.529601,-0.154726,0.340877,-0.00698781,-0.0642028,-0.026304,0.0595231,0.0230518,0.212756,0.0514437,0.0385169
-6.73572,0.904695,1.2142,0.885318,-0.353601,-0.266441,-0.383289,-0.197847,0.0560511,-0.0677239,0.0194921,0.200534,0.132706,-0.0966693,-0.0867141,0.164406,0.166367,-0.01738,-0.171338,-0.0656872
-7.39465,0.95529,1.22819,0.88211,-0.324958,-0.0624518,-0.0394161,-0.199748,-0.201674,-0.0637262,0.177663,0.205424,-0.0892427,-0.076453,-0.11788,0.0883363,0.166402,-0.0243966,0.0817092,0.212624
-7.52134,0.938335,0.790118,1.31469,-0.33469,-0.124148,-0.0580403,-0.253647,-0.200856,-0.0628866,-0.213156,0.114707,-0.420569,0.0265994,0.14132,0.61025,0.457795,0.0259253,-0.0540384,-0.0135351
-7.69696,0.749545,0.669512,1.33393,-0.308646,-0.223398,-0.504025,-0.271351,-0.0218796,0.0378989,-0.0821678,0.212201,-0.323625,-0.2505,0.0166789,0.286631,0.462208,-0.0315013,-0.102047,0.215569
-7.92598,0.911884,0.71051,0.906897,-0.192593,-0.356203,-0.191841,-0.29767,-0.33416,-0.0706695,-0.0808132,0.227162,-0.257881,-0.253362,-0.107415,0.156096,0.495245,0.0145134,-0.301755,0.121646
-7.37958,0.737076,0.294392,1.38337,0.377352,-0.174857,-0.19447,-0.111269,-0.254976,0.0192206,-0.0473701,0.00770427,-0.378155,-0.144053,-0.0911625,0.0206635,0.161543,-0.0166668,-0.536392,-0.03585
-7.4959,0.832594,0.724202,1.24703,-0.179157,-0.401262,-0.372175,0.12812,0.0113895,0.113322,0.159864,0.176494,-0.447127,0.0042795,-0.0734559,0.231696,0.192717,0.146895,-0.170669,-0.0461309
-6.9656,0.801829,1.05966,0.665092,-0.24185,-0.61483,-0.0941757,-0.271701,0.283035,0.0934659,0.297998,0.202185,-0.203083,-0.203429,-0.120619,-0.00221707,0.134156,0.00428222,-0.0648495,0.144815
-5.85435,0.268164,1.21633,0.299663,-0.185627,-0.0413982,0.21453,0.0356783,0.0657939,0.224995,0.28726,0.272288,-0.276977,-0.145973,-0.145057,0.123413,0.217859,0.350426,0.0841501,0.159076
-4.90921,0.198979,0.563191,0.646479,-0.135635,-0.494326,0.318577,0.464933,0.124238,0.178697,0.387396,0.554818,0.0732464,-0.476599,-0.267145,0.162207,0.295742,0.0619437,-0.0137626,0.129904
-4.97439,1.12984,0.255466,0.129173,0.129126,-0.109638,-0.018077,0.239595,0.132703,-0.165144,0.369277,0.587585,0.175406,-0.0449845,-0.169861,0.0770804,0.621092,0.387735,-0.259164,-0.175506
-4.68109,1.0418,-0.331296,0.388209,0.239728,-0.152148,0.127186,0.438078,0.111704,-0.339978,0.0281561,0.409408,0.13104,-0.27923,-0.234217,0.0964709,0.581393,0.566634,0.112074,0.0458752
-5.64746,1.20819,-0.33585,0.326899,-0.136226,-0.260163,0.127692,0.717683,0.149889,-0.361401,0.0826623,0.510637,-0.0272431,-0.417697,-0.293211,0.123489,0.62228,0.507683,0.00796115,0.048668
-6.09112,1.39588,0.0917168,0.618509,0.173021,-0.366679,0.0237395,0.557182,-0.0764866,-0.474032,0.153553,0.485844,-0.0534755,-0.31903,-0.162988,-0.0398008,0.307942,0.286335,0.274345,0.132447
-6.58945,1.02091,-0.214631,0.762447,0.229536,-0.262024,0.0484918,0.499098,-0.12158,-0.637636,-0.165461,0.4074,0.083834,-0.0106588,-0.0168749,0.137302,0.40363,0.270012,-0.0172522,-0.193812
-6.50272,0.848464,-0.00202213,0.853724,0.184149,0.0503326,0.247955,0.437373,-0.0723581,-0.409697,-0.164925,0.399963,0.0294296,-0.289736,-0.0614109,0.275258,0.203341,0.363536,0.142152,0.129727
-6.75212,0.949033,0.432136,1.16653,0.586507,-0.140145,0.246819,0.537366,0.209563,-0.461086,-0.183882,0.31507,-0.0929598,-0.379429,0.0156174,0.129026,0.20102,0.149406,-0.128112,-0.194853
-6.30766,1.00114,1.02813,1.04192,0.856217,0.0427167,0.920027,0.603976,0.0243969,-0.0927022,0.165239,0.287343,0.103339,0.0324809,0.171262,0.396598,0.295356,0.158814,0.048245,-0.0969473
-6.72035,0.733246,0.93813,0.796224,0.662718,0.168658,0.705096,0.41588,-0.0538145,-0.158884,0.37028,0.380297,0.093641,-0.0457576,0.138371,0.122046,0.439671,0.223832,0.0579724,0.269218
-6.48663,1.01766,0.561329,0.495144,0.327357,0.0681537,0.512962,0.503553,0.190999,-0.031428,0.0852118,0.0656537,-0.239801,-0.061588,-0.00770599,0.0959348,0.238498,0.286403,0.267242,0.242214
-6.89027,1.19037,0.651507,0.869772,0.416708,0.177518,0.356958,0.206573,-0.143904,0.00185352,0.121591,0.0393893,0.0356234,-0.169069,-0.00536627,0.078007,0.258546,0.150042,0.0907142,0.046355
-5.10336,1.12578,-0.126753,0.191281,0.439915,0.202784,0.0518028,0.174562,0.281214,-0.0431621,0.0389632,0.113516,0.0954183,-0.159017,0.0531349,-0.0911522,-0.0691597,0.00285994,0.204439,0.321698
-3.12317,1.69629,0.544006,0.21517,0.65778,0.521147,0.501112,0.640396,0.267158,0.0260013,-0.078764,0.361901,0.342823,0.0914017,-0.0299872,0.184101,-0.165233,-0.0948639,0.0230369,-0.0122866
-3.31607,1.42715,0.134557,0.365694,1.06249,0.601954,0.428235,0.370666,0.109068,0.339145,0.297141,0.27397,0.0885797,0.106385,0.356413,0.242212,-0.000186124,0.0922994,0.322268,0.107019
-3.45053,1.42166,-0.184495,0.621328,0.895387,0.774592,0.260725,0.0484607,0.20745,0.244439,0.191918,0.322273,0.205166,0.183053,0.315397,0.113436,-0.181448,-0.116149,-0.071023,-0.0119817
-3.71572,1.48675,-0.0455705,1.04382,0.745673,0.193913,-0.126218,-0.199017,0.0506115,0.0475794,0.277352,0.234099,0.362915,0.236494,0.283475,0.174814,-0.241664,-0.0436794,0.00971448,0.0294892
-4.014,1.65695,0.0808086,1.14685,0.323719,0.139683,-0.275423,0.00701466,0.0587937,0.304272,0.403484,-0.0630067,0.0337043,-0.119064,0.288482,0.183441,-0.458924,-0.321975,-0.118697,0.162329
-4.21408,1.67852,0.0763329,0.909443,-0.0350662,0.143313,0.216756,0.0122822,-0.057589,0.166494,0.0862581,0.171013,-0.0462085,-0.022121,0.482036,0.158917,-0.382398,-0.468397,-0.0507668,0.0938834
-4.99215,1.36157,0.318577,1.35466,-0.0885189,0.460806,0.187612,-0.0375882,-0.396002,0.0196374,0.347807,0.213817,0.139312,-0.102579,0.258666,0.108402,-0.479426,-0.435216,0.173135,0.199158
-5.60424,1.34428,0.335352,1.3165,0.0909505,0.345145,0.171548,0.0543291,-0.0670651,0.0657473,0.504,0.256796,0.098626,-0.0480162,0.128017,-0.117133,-0.418753,-0.230311,0.0164498,0.0202128
-6.08717,1.45135,0.680091,1.2978,0.144067,0.352493,-0.0114274,0.0791053,-0.00278049,-0.115994,0.116349,0.668601,0.206126,0.0372382,0.137748,-0.0558221,-0.390021,-0.269175,0.0470636,0.00999436
-6.08233,1.44313,0.47658,1.20565,0.184191,0.0067304,-0.196794,0.06392,0.00697851,-0.084216,0.165652,0.502187,0.0758646,0.0369324,0.422427,-0.0257242,-0.0897135,-0.30371,-0.198119,-0.0191929
-6.24104,1.56428,0.266155,0.918894,0.10467,0.315926,-0.322394,-0.429525,0.0365411,0.325964,0.372405,0.178103,0.0233762,-0.120419,0.343317,0.249234,-0.058679,-0.477934,0.0920008,0.275281
-6.5214,1.3661,0.105616,0.797925,0.211125,0.372766,-0.226528,-0.278995,-0.0169002,0.404617,0.53839,0.210713,-0.169735,0.0390272,0.392181,0.0428257,-0.26582,-0.428798,0.275552,0.381623
-7.07626,1.15871,0.724083,0.993878,0.474675,0.0544342,-0.353711,0.0615925,0.0680168,0.666073,0.693872,0.340993,-0.17798,0.0298608,0.361802,0.119331,-0.477785,-0.475436,0.180355,0.36536
-6.12359,1.36687,0.588826,-0.0338728,0.31768,-0.148256,0.205889,0.229164,0.498351,0.615383,0.0727907,-0.02007,-0.0635506,0.0446525,0.173526,0.211315,-0.120861,-0.274268,0.459444,0.331114
-5.24105,0.671908,1.04158,-0.254445,0.18734,-0.0113673,-0.223503,0.532709,0.54671,0.382717,0.239207,0.189503,-0.157887,-0.110418,-0.156596,-0.170906,-0.342858,-0.140312,0.365247,0.418163
-5.23125,1.25689,1.01787,-0.398536,-0.288817,0.00930397,-0.122258,0.137069,0.311378,0.275948,0.045659,0.262988,-0.114645,-0.0806875,0.0747683,-0.230899,-0.622471,-0.197503,0.549182,0.544493
-5.55726,1.31648,0.747302,-0.209112,0.387735,0.332765,0.0168009,0.293592,-0.117079,0.250559,0.270521,0.165627,0.173175,0.0593609,-0.0405273,-0.363407,-0.756126,-0.638174,0.251075,0.714016
-5.82981,1.37521,0.753773,0.182831,0.241788,0.223597,0.0151834,0.295615,-0.00212984,-0.00330149,-0.0663649,0.13317,0.0412228,0.124405,0.333884,-0.172557,-0.681329,-0.649023,0.224171,0.357611
-6.36425,1.35567,0.498864,0.321427,0.278722,0.207769,-0.20125,0.224475,0.268897,0.109576,0.102116,0.154554,-0.224493,0.0626507,0.167306,-0.106174,-0.735381,-0.968544,-0.00777292,0.365645
-6.29397,1.58363,0.590808,0.145734,0.201398,0.35662,-0.0285613,0.0648999,0.0550441,-0.0543677,0.211552,0.348018,-0.229848,0.167575,0.074445,-0.340122,-0.596801,-0.408724,0.274436,0.0664769
-6.11919,1.48732,0.379141,-0.0571087,0.160806,0.0707238,-0.234555,-0.00145572,-0.0662814,0.215016,0.31921,0.373274,0.0339911,-0.102384,-0.0114019,-0.290822,-0.671767,-0.24737,0.669637,0.423231
-6.33126,1.60372,0.601525,0.0131315,0.139298,0.181115,-0.37128,0.285017,0.128726,-0.0730739,0.068559,0.186411,-0.173521,-0.394777,-0.100965,-0.0593511,-0.560083,0.0778042,0.935774,0.185748
-6.58883,1.40002,0.886233,-0.0231981,0.151645,0.161539,-0.12562,0.205279,-0.0829593,-0.0528437,0.210345,0.347936,-0.27037,-0.322547,-0.422177,-0.357774,-0.200199,0.59755,0.992121,0.133654
-6.37419,0.347013,1.28894,-0.411302,0.26708,0.592938,-0.154363,0.0337604,0.0960122,-0.026173,0.145407,0.186436,-0.292335,-0.659623,-0.503612,0.0128252,-0.158838,0.578045,0.805062,0.146402
-6.42398,0.707292,1.02675,-0.314958,0.165859,0.367707,-0.0950498,-0.0277214,0.0136229,-0.065865,0.394098,0.514968,-0.135063,-0.622496,-0.524209,-0.330258,0.0622691,0.711064,0.755719,0.165145
-5.30747,1.39939,0.211588,0.243009,-0.054525,0.0789935,0.211442,0.278075,0.0778964,-0.107883,-0.0396449,0.0678497,0.207174,-0.195027,-0.212686,0.044317,0.0519914,0.308668,0.600091,-0.189016
-5.39329,1.51007,0.162445,0.0225284,-0.375886,0.145983,-0.0961157,0.18069,-0.0205426,-0.26655,-0.0837937,0.426915,0.272031,-0.148,-0.306827,0.0195045,-0.101325,0.174567,0.436031,-0.00535555
-2.4086,1.85275,0.295937,0.260796,-0.178298,0.00591522,-0.165099,-0.119006,-0.11171,-0.386579,-0.194959,-0.0246991,0.00117515,-0.275319,-0.307783,-0.205984,-0.218925,-0.195541,0.0167486,-0.000669558
-1.57978,1.31495,0.833284,0.253396,-0.15996,0.174646,0.145017,-0.114147,-0.049922,-0.138626,-0.238979,-0.0567355,0.00614193,0.13256,-0.0261426,0.0212969,-0.305138,-0.419996,-0.394654,-0.0867197
-2.54828,0.668693,0.733407,0.384652,-0.0767711,0.0340211,0.0234131,0.341409,0.20706,-0.245151,0.103672,0.318703,-0.0402802,-0.200511,-0.202073,-0.0129792,-0.189749,-0.445884,-0.0122657,0.0616
-3.21848,0.722115,0.511134,0.0851785,0.114933,0.23119,0.0221486,-0.0563676,-0.0474193,-0.621806,-0.368201,-0.0739067,-0.286772,0.202663,0.210858,-0.229262,-0.440733,-0.34894,0.114897,0.338894
-4.22639,0.46327,-0.156501,0.166765,0.218644,0.0225487,0.170658,0.0513844,-0.00481105,-0.149804,-0.027099,0.182159,-0.0267161,0.235533,0.38149,-0.3172,-0.868557,-0.370431,0.458206,0.403168
-4.95778,0.710321,0.322251,0.443939,0.0442213,-0.295921,-0.062101,-0.0590629,-0.313886,-0.591341,-0.175146,0.462771,0.325753,-0.0534284,-0.183156,-0.431761,-0.870269,-0.280291,0.450777,0.531525
-5.09453,0.983232,-0.171071,0.552374,0.476271,0.305108,-0.0655884,-0.161685,-0.161525,-0.414174,0.0627974,0.0355312,-0.0958519,-0.0875985,0.258131,-0.0757189,-0.98588,-0.58632,0.500695,0.528238
-5.54433,1.04143,-0.3257,0.438089,0.36081,0.352909,-0.0630716,-0.108619,-0.0681309,-0.0991147,0.0883242,-0.120316,0.00015556,0.157514,0.372334,0.0791685,-0.89347,-0.874901,0.0957861,0.687469
-6.02028,0.919442,-0.48796,0.524247,0.0110642,0.454657,0.0200304,-0.11667,-0.0517486,0.196357,0.332717,-0.0761462,-0.17266,0.13277,0.346383,-0.104127,-0.892045,-0.433735,0.355413,0.680509
-5.87459,0.924393,-0.747662,0.345083,-0.148999,0.434945,0.135727,0.311953,-0.13985,0.320876,0.377728,-0.147201,-0.200935,-0.14228,0.126812,-0.0970207,-0.972401,-0.412735,0.343377,0.472514
-6.02704,0.975237,-0.659864,0.423022,-0.314628,0.208906,-0.176811,0.16513,-0.0798175,0.108076,0.213261,-0.0116709,-0.0317647,0.0798527,-0.0256265,-0.292222,-0.810375,-0.140735,0.575994,0.514951
-6.26227,0.996722,-0.806481,0.209304,0.027678,0.368603,-0.261397,0.0619405,0.0296523,0.0894504,0.294502,0.256138,0.0333083,0.0785649,0.228365,-0.394663,-0.703864,0.184965,0.734761,0.502489
-6.19946,1.02573,-0.766477,0.301541,-0.0122039,0.348925,-0.129881,0.324418,-0.0608705,0.013987,0.377467,0.200707,-0.258893,-0.0977038,0.0748858,-0.474324,-0.836576,-0.145618,0.630017,0.494634
-6.44564,1.22044,-0.55312,0.029464,-0.0816157,0.449034,0.372552,0.0852322,-0.367819,-0.0721552,0.286427,-0.147696,-0.464636,-0.0209755,0.178356,-0.456032,-1.00267,-0.383978,0.460696,0.432374
-4.21248,1.59799,-0.00453092,0.299371,0.801074,0.330466,0.334767,-0.112219,0.218116,0.266962,0.0830335,0.161904,0.0694147,0.0927799,0.20604,0.0574017,-0.382824,-0.0715006,0.210752,0.338992
-3.7943,1.54735,0.937403,0.551096,0.818663,0.392805,0.433624,0.383945,0.204939,0.350645,0.198729,0.348186,0.235217,0.41218,0.369649,0.178383,-0.363497,-0.134786,0.0389528,0.0996648
-4.49474,1.19551,0.784629,0.689055,0.669201,0.675665,0.499392,0.257136,0.0783699,0.175928,0.651122,0.355593,0.104882,0.143548,0.293072,-0.0146052,-0.538947,0.18012,0.479417,0.346879
-4.58083,1.49806,0.317926,0.714591,0.439399,0.345131,0.0467297,0.019085,0.164733,0.0459985,0.50137,0.538689,0.417466,0.351499,0.0990865,-0.0458727,-0.313406,0.120162,0.40971,0.231778
-5.17728,1.48571,0.21304,0.627756,0.354415,0.357159,-0.0905079,0.191295,-0.112149,0.0307063,0.497469,0.650356,0.455303,0.270079,0.275795,-0.114024,-0.476909,-0.0686945,0.177352,0.0688751
-5.70696,1.27845,0.186878,0.778391,0.272616,0.274745,-0.274252,0.192847,0.154865,-0.0142219,0.460208,0.756828,0.623137,0.300526,0.30081,-0.0922914,-0.36816,-0.039674,0.198783,0.0384032
-5.81391,1.52423,0.063244,0.871808,0.00421919,0.345637,0.0203439,0.174523,-0.115731,-0.141472,0.483426,0.493172,0.32705,0.0895012,0.295727,0.0575088,-0.4163,-0.200572,0.232445,0.207155
-6.14059,1.80001,0.304649,0.787666,0.235176,0.131648,-0.130577,0.167028,-0.262801,-0.242258,0.464854,0.875988,0.291466,-0.0595016,0.17185,0.236692,-0.412997,-0.0535443,0.108717,0.153619
-6.36687,1.84381,0.0216492,0.998017,0.285547,0.09432,-0.0863878,0.0697689,-0.206357,-0.121325,0.426057,0.932297,0.485958,0.239346,0.191926,0.115896,-0.322944,-0.158646,0.239319,0.259648
-6.72484,2.01141,-0.053083,0.786265,0.408494,0.19739,0.013055,-0.026131,-0.342349,-0.0120503,0.405249,0.69485,0.42256,0.1818,0.0599784,-0.0580444,-0.379122,-0.223299,0.261643,0.179197
-5.20953,1.2357,-0.0397398,0.803566,-0.185018,0.320845,-0.137605,0.0346559,-0.176288,0.185137,0.254838,0.440663,0.290453,0.128338,-0.0750246,0.122228,0.118646,0.199347,0.00503356,-0.146105
-5.84219,1.45845,-0.0211277,0.805246,-0.0736843,0.397043,-0.126343,0.0795863,-0.143038,0.257343,0.240185,0.22709,0.0894144,0.0410731,0.0468686,0.19776,-0.00849709,-0.0274539,-0.0567713,0.0525072
-6.82627,1.73159,-0.115896,0.336599,-0.0708714,0.397842,0.531854,0.45203,0.128912,0.242328,0.0964799,0.146256,-0.152857,0.114043,-0.0369826,-0.0398873,-0.202463,0.0356146,0.223478,0.45997
-6.34297,1.14995,-0.105086,0.367743,-0.0390965,0.519861,0.657068,0.595667,-0.21009,-0.23382,-0.208827,0.0457404,0.393739,0.378584,0.0969784,-0.126904,-0.348496,0.166425,0.13644,0.128786
-6.22607,0.840715,0.40115,-0.781739,0.125351,0.0840244,0.44166,0.601029,0.135507,-0.0273968,0.0790125,0.133524,0.655118,0.639338,0.00337059,-0.0496755,-0.309866,-0.00412498,0.404884,0.26398
-5.90961,0.534524,0.915619,-0.556947,0.0265153,0.138545,0.347292,0.719134,0.171975,-0.251017,-0.31904,-0.156192,0.231763,0.371148,0.341003,0.0918715,-0.376855,-0.237902,0.208825,0.228981
-6.10107,0.82364,0.990253,-0.168625,0.343412,-0.012121,0.0989462,0.628565,0.335945,-0.0866563,-0.290359,-0.289994,0.0396783,0.176395,0.348939,0.183915,-0.287937,-0.281193,0.0438379,0.111659
-6.29607,1.21188,0.436146,-0.284495,-0.164333,-0.32084,-0.241591,0.331541,0.497235,0.23682,0.168636,-0.274057,-0.256996,0.12893,0.302711,0.340842,-0.125157,0.151503,0.344515,0.146022
-6.59848,1.35319,0.793672,0.157056,0.221605,0.0225737,-0.54321,0.117719,0.421867,0.0959491,0.0902809,0.128337,-0.1412,0.0286185,0.0744801,0.0893367,-0.124004,0.236194,0.0518952,-0.0300948
-7.03613,1.35153,0.773233,0.37206,-0.305485,0.0704492,-0.490342,-0.0634864,-0.0549209,0.359835,0.695133,0.359759,-0.44608,-0.206205,-0.0779883,0.0885839,-0.0262406,0.0986881,0.451444,0.174956
-7.19893,1.52648,0.571145,0.160764,-0.242308,0.0879317,-0.696151,-0.0531212,0.138082,0.239922,0.482968,0.527965,-0.290396,-0.21603,-0.0765234,0.175293,0.144929,0.198234,0.371184,0.279669
-7.3921,1.96281,0.753751,0.276497,0.223262,-0.101754,-0.687008,0.0259397,0.414714,0.267228,0.467013,0.290383,-0.332337,-0.401293,-0.343076,0.18172,-0.00597088,0.2971,0.374692,-0.0171109
-7.61222,2.12305,0.538017,0.241001,0.0885583,-0.258381,-0.566319,0.0903282,0.105808,0.414168,0.359859,0.183762,-0.311447,-0.136306,-0.246757,0.238014,0.625736,0.383307,0.309675,-0.37444
-7.14135,2.5715,0.938743,0.611682,0.34665,0.471593,-0.0424492,0.239952,0.445377,0.559701,0.10743,0.0229367,-0.213058,-0.00726779,0.116017,0.425085,0.343409,0.0965135,-0.0143964,-0.438687
-7.75926,2.35302,0.891477,0.478531,0.262348,0.604958,0.106699,0.379575,0.435217,0.694508,0.405356,0.187817,-0.0500406,-0.0280617,0.121091,0.54088,0.469967,0.256725,0.0461706,-0.496183
-7.42861,1.98183,0.50081,0.155221,0.192117,0.50085,0.150444,0.493227,0.277048,0.225062,0.343624,-0.037574,-0.210903,0.2352,0.174786,0.291507,0.303781,0.114055,-0.200374,-0.21597
-7.52504,1.6186,0.200386,0.321732,-0.189464,0.031944,-0.192942,0.414918,0.135442,0.149793,-0.00158943,0.014755,-0.0986602,0.0716018,0.186856,0.154533,0.0275913,0.339117,-0.0679869,-0.461581
-6.85176,1.59685,0.493104,0.27327,-0.528507,0.0925652,0.0528155,0.106856,0.154172,0.142672,0.142786,0.0704502,-0.217686,-0.285739,0.12332,0.129148,0.295995,0.2211,-0.155729,-0.497268
-3.86602,1.86083,0.264917,0.317493,0.483426,-0.0325677,0.249857,0.465914,0.409391,0.36147,0.109348,0.0629081,-0.0926455,-0.101081,-0.0399195,0.257875,0.144908,0.251912,0.132247,-0.0234546
-3.97605,1.88419,1.17721,0.349005,0.342551,0.0973501,0.331377,0.817973,0.511268,0.517188,0.329724,0.378768,0.111388,0.0215139,0.0461407,0.188466,0.179794,0.147806,0.0844457,0.167782
-4.87413,1.51755,0.83097,0.367619,0.338006,0.270344,0.244366,0.73044,0.682111,0.173327,0.407658,0.479782,0.147861,0.0274738,0.129429,0.17899,-0.0878054,0.179807,0.293199,0.464157
-5.27953,1.3237,0.109314,0.623053,0.549223,0.270207,0.464963,0.853523,0.443226,0.00734247,0.244616,0.393071,0.0120875,-0.133855,0.128046,0.179115,-0.136335,0.189975,0.544748,0.661182
-5.74719,1.70292,-0.138667,0.408445,0.380188,0.197671,0.345696,1.21863,0.546169,-0.274831,0.0172745,0.48696,0.0446753,-0.0965008,0.0930314,-0.00980949,-0.11552,0.181615,0.545937,0.558041
-5.98898,1.7845,-0.333068,0.321272,0.328863,0.155569,0.324809,1.13288,0.584032,-0.231921,0.0939064,0.27194,-0.0303196,-0.0313317,0.00381558,0.0360112,-0.114231,-0.012522,0.524866,0.522996
-6.37228,1.869,-0.662074,0.348244,0.395582,0.51895,0.354001,0.931579,0.475096,-0.238213,0.154338,0.238314,-0.0902385,-0.0699364,-0.00162607,0.141511,-0.0142995,0.0752716,0.320216,0.390332
-6.36931,1.65295,-0.463342,0.398458,0.381986,0.186623,0.30981,0.736539,0.234632,-0.248872,0.112445,0.290917,-0.344086,-0.145737,0.147158,0.235204,0.118183,0.0750112,0.286111,0.386105
-6.39011,1.65138,-0.622184,0.401006,0.252785,0.495323,0.0657203,0.963876,0.117783,-0.481915,0.0734581,0.101313,-0.154817,-0.158763,0.0429631,0.188953,0.130888,-0.167441,0.113994,0.285505
-6.02772,1.60397,-0.704256,0.318977,0.213847,0.482145,-0.0722226,0.555499,-0.107346,-0.440877,0.032998,0.0563707,-0.102734,-0.155924,-0.111548,0.210504,0.0154739,-0.133574,0.143064,0.272439
-6.09435,1.51811,-0.933078,0.306818,-0.186648,0.489161,0.0828345,0.417497,-0.0297962,-0.545877,-0.136553,0.00228551,-0.0145585,-0.067876,-0.254344,0.0532578,-0.000132004,-0.100349,0.173303,0.293523
-6.3495,1.56758,-0.910452,0.0211793,-0.268847,0.375274,0.103485,0.596624,-0.0819835,-0.221386,0.107107,0.074366,-0.0630671,0.0761692,-0.00157349,0.216529,0.0505313,0.143829,0.320471,0.133797
-6.23686,1.57791,-0.614806,0.204614,-0.0715697,0.270141,-0.0418607,0.339904,-0.152352,-0.163771,0.0824375,0.173122,0.0650494,-0.105624,-0.0677043,0.11546,-0.109385,0.0865123,0.336648,0.332029
-5.3945,1.69751,-0.0440507,-0.0441596,0.0421292,0.0609916,-0.151009,0.0387749,-0.215943,-0.417128,-0.0702576,-0.00404495,-0.0323166,-0.269955,-0.13491,0.152936,-0.128641,-0.0380816,-0.0330507,-0.0728076
-1.70808,1.76363,0.375032,0.0243246,-0.129594,0.244853,0.098494,-0.0845665,-0.101484,0.0393081,0.0457107,-0.171522,-0.180257,-0.217301,-0.223651,-0.102846,-0.520733,-0.471956,-0.175188,-0.317452
-2.11654,0.801564,0.849686,0.495668,-0.0618391,0.073747,0.234855,-0.0431495,0.0553091,-0.247599,-0.0649968,0.0477183,0.0529068,0.100568,-0.190546,-0.111873,-0.046719,-0.177359,-0.322174,-0.347695
-2.79706,0.846275,0.781455,0.259943,-0.27319,0.0991314,0.118196,0.0353655,0.0231719,-0.0194581,-0.0144876,0.073072,-0.15054,-0.216196,-0.141193,-0.0156759,-0.0069797,-0.297549,-0.0979034,-0.119825
-4.01104,0.842692,0.604696,-0.0464799,-0.170316,0.157667,0.279262,-0.0636507,-0.1335,-0.226448,-0.148329,-0.0526182,-0.311593,-0.0541402,0.0173829,-0.182371,-0.141822,-0.133202,0.0333046,0.147178
-5.67685,0.576564,0.303415,-0.171763,0.393224,0.447974,0.24394,0.132755,-0.329528,-0.326469,0.146593,-0.0589569,-0.244655,-0.347848,-0.171172,-0.0944201,-0.0816534,-0.275759,0.0273947,0.23597
-5.72389,1.33851,0.312928,-0.644541,-0.106763,0.075669,0.196608,0.169706,-0.187684,-0.5712,-0.0229858,0.203902,0.0094416,-0.162296,0.0365999,0.0758073,-0.229109,-0.133972,-0.0896514,0.159467
-6.28437,1.48451,0.126939,-0.478736,-0.0626658,0.236685,0.200752,0.302298,-0.0516384,-0.262886,0.101315,0.442685,0.0797443,-0.184593,-0.0206102,0.0534928,-0.152062,-0.111069,-0.0643098,0.206953
-6.94641,1.61815,-0.0232041,-0.645832,-0.00111976,0.561084,0.161353,0.28355,0.0406013,-0.434303,0.065596,0.0674614,-0.0163448,-0.279927,-0.0679022,-0.0309097,-0.0530718,-0.131854,0.0068626,0.189617
-7.52874,1.50261,-0.349988,-0.444914,-0.164838,0.332451,0.237725,0.204089,-0.145543,-0.535065,-0.271957,0.0239655,-0.264202,-0.333004,-0.0735439,0.09228,-0.0632967,-0.0500856,0.0111974,0.412988
-7.78091,1.70499,-0.436179,-0.513915,-0.343491,0.191252,0.302331,0.54235,-0.127956,-0.437537,-0.210625,-0.0399492,-0.134438,-0.276334,-0.168004,0.139309,0.167458,-0.0844319,0.403612,0.485884
-7.75714,1.50834,-0.387534,-0.569971,-0.443203,0.398052,0.124259,0.466126,-0.176905,-0.294414,-0.0944139,0.169558,-0.203452,-0.137289,-0.299901,-0.0133998,0.225471,0.170218,0.326317,0.355896
-8.02646,1.63841,-0.187873,-0.779335,-0.527107,0.273588,0.108248,0.270714,-0.138931,-0.301652,-0.178346,0.0691792,-0.0585535,-0.233017,-0.235808,0.139274,0.562744,0.269421,0.214034,-0.0722204
-7.51492,1.57906,-0.0640946,-0.162974,-0.329285,0.149136,-0.103743,0.499775,0.389136,-0.0572284,-0.148701,0.0822176,-0.213677,-0.225658,-0.216755,0.150306,0.102439,0.244918,0.00745385,-0.247963
-6.63971,1.64518,0.247647,-0.706316,-0.490102,0.0691301,0.168228,0.46551,0.347716,-0.210151,-0.20591,-0.117243,-0.209029,-0.232232,-0.178806,0.0312568,0.180597,0.218851,0.091985,-0.124277
-6.21882,0.948255,0.730862,-0.934614,-0.175479,0.0172224,-0.253136,-0.0717917,0.0965144,0.0962472,0.159435,-0.0553531,-0.193038,0.149202,-0.262824,0.200321,0.144066,0.118922,0.0771462,-0.104823
-5.97273,0.410999,0.532009,0.0373457,-0.520852,0.0447903,0.140012,-0.0183754,0.428319,-0.00742189,-0.0434628,0.213002,-0.125625,0.0194475,0.181695,0.129837,0.253998,0.0536449,-0.183128,0.136234
-4.69054,0.889327,-0.235396,0.605668,-0.159584,-0.3327,0.306779,0.286256,-0.152376,-0.231519,-0.0490755,0.368085,0.268697,-0.211208,-0.198129,0.130147,0.305389,0.207505,-0.00608523,-0.0402181
-5.35843,1.25758,-0.536355,-0.0501951,0.189123,-0.165697,0.121782,0.460175,0.22152,-0.366884,0.177248,0.5339,0.156789,-0.261005,-0.377963,-0.0280166,0.115492,0.215126,-0.246908,-0.266599
-5.84098,1.46038,-0.573504,0.458768,0.317969,-0.0926086,-0.195681,0.262696,0.0175913,-0.422835,0.138688,0.551218,0.206729,-0.387704,-0.413492,-0.0606853,0.36191,0.295333,-0.286636,-0.131143
-6.54794,1.58067,-0.418925,0.376115,-0.0683493,-0.236894,0.037328,0.524693,0.112337,-0.731494,-0.0409132,0.270184,-0.0707564,-0.190273,-0.157722,0.0800272,0.230937,0.253358,-0.0250506,-0.022457
-7.02616,1.43609,-0.597535,0.350773,-0.0146211,-0.171142,-0.0813857,0.437437,0.082789,-0.321334,0.159524,0.215208,-0.211124,0.0416135,-0.0591939,0.0130103,0.187035,0.487834,-0.0149722,0.0668951
-7.30393,1.52862,-0.583767,0.108907,0.34347,-0.236372,-0.157489,0.534032,0.00257647,-0.400379,0.0644268,0.143531,-0.239458,-0.267163,-0.0262294,0.299613,0.0351877,0.155238,0.198292,-0.192451
-7.00118,1.66203,-0.409984,0.591139,0.295993,-0.167339,-0.127655,0.4433,0.334492,-0.341182,0.0872364,0.00208026,-0.0262952,-0.0394354,-0.0434132,0.238878,-0.304645,0.0284136,-0.0747953,-0.109012
-5.82745,1.66784,0.889886,0.52148,0.93757,0.102633,0.461238,0.67948,0.678947,0.102545,0.351246,-0.0504994,0.0658141,0.140243,-0.0892711,-0.0986816,-0.0399559,0.0701495,0.0551311,0.187208
-5.75851,1.38636,0.332468,0.0735221,0.471083,0.0147152,0.532584,0.569937,0.422498,0.51789,0.492379,0.0879952,0.094129,-0.0477244,0.236158,0.0038649,-0.0108495,0.354422,0.0258184,0.115185
-5.91074,1.42052,0.377033,0.151446,0.0298906,-0.0370311,0.457394,0.532352,0.462115,0.150469,0.260029,-0.0301706,0.0541559,0.0454931,-0.129886,-0.0304137,0.0774069,0.271897,0.150912,0.102587
-6.05888,1.35695,0.332108,0.25869,-0.0539539,0.52271,0.445441,0.476395,0.318222,0.0690115,0.122967,-0.122455,-0.157472,0.166978,-0.0422155,-0.0499755,0.240161,0.318712,0.110017,0.32788
-5.6352,1.2937,0.41846,0.0992418,0.0324021,0.319697,0.172965,0.200894,0.560114,-0.0613237,0.133551,0.16833,-0.078523,0.117204,-0.177962,-0.0578791,0.185372,0.401402,0.0927308,0.137025
-3.41234,1.49817,0.708578,0.500056,0.467942,0.316863,0.467873,0.533493,0.32766,0.123771,0.199095,0.330182,0.116965,0.0568273,-0.121889,0.0838366,0.0510834,0.173454,-0.0279627,0.0359493
-3.75148,1.46753,0.645963,0.720784,0.562199,0.38571,0.506653,0.396328,0.141767,0.571552,0.742497,0.29523,0.0244561,0.274048,0.308414,0.0148574,-0.125945,0.0533655,-0.0615127,0.217367
-4.23017,1.57071,0.160438,0.857286,0.576145,0.23009,0.37328,0.374665,0.410263,0.0279629,0.142821,0.466674,0.2302,0.0714327,0.306493,0.250769,-0.240049,-0.173448,0.0861782,0.232848
-4.48916,1.85792,-0.0906258,0.817425,0.430059,0.341456,0.400459,0.214881,0.269138,0.104092,0.25489,0.347558,0.0299196,0.29228,0.433522,0.334133,-0.410599,-0.411006,0.156965,0.125807
-4.88416,1.88377,-0.118226,0.548494,0.44854,0.399474,0.0317994,0.229599,-0.0051798,-0.0437391,0.262084,0.313577,0.147263,0.43603,0.602386,0.249917,-0.792896,-0.725633,-0.044671,0.12845
-4.95272,2.04181,-0.182923,0.719765,0.16775,0.371329,0.210281,0.356939,0.0847726,0.0151699,0.21423,0.406582,0.152755,0.407487,0.712185,0.28787,-0.747491,-0.484464,-0.0190386,0.178298
-5.31354,1.6868,-0.325515,0.659293,0.0537144,0.185275,0.00311245,0.402241,-0.0967704,-0.029456,0.27562,0.508032,0.221938,0.348522,0.479137,0.370376,-0.946569,-0.476764,-0.0335818,0.0746388
-5.25878,1.57353,-0.141862,0.917926,0.480951,0.355239,0.111441,0.551426,-0.00223547,-0.0557123,0.115621,0.421109,0.125709,0.239571,0.444281,0.342335,-0.562297,-0.48608,-0.18108,-0.021385
-5.60336,1.65824,-0.0929892,0.529483,0.111035,0.0679383,-0.00785568,0.544075,0.109108,-0.0582395,0.319947,0.740797,0.204304,0.0974591,0.069615,0.201693,-0.203426,-0.428404,-0.136955,0.151141
-4.80863,0.947245,0.542561,0.161166,0.291129,-0.0737038,-0.0225731,0.544111,-0.0713074,-0.0762597,0.26992,0.482195,0.0697173,0.0929874,0.118681,0.0777598,-0.366915,-0.197339,-0.0418214,-0.140092
-4.69694,0.976158,0.277546,0.0544055,0.299781,0.331385,0.14362,0.32016,0.23209,0.0947619,0.22514,0.24643,-0.0639601,0.0847288,0.22201,0.147481,-0.451712,-0.414024,-0.0898991,-0.0441597
-3.97423,0.524844,-0.147746,0.260056,0.063178,0.429261,-0.096764,0.00673182,0.157105,0.379591,0.194472,0.15782,0.10495,-0.0231341,-0.0740873,0.0833472,-0.280735,-0.190826,0.0307874,0.0161155
-5.56713,1.49057,0.268292,0.354311,-0.192993,0.155472,0.211982,0.220807,0.222922,0.256166,0.437735,0.167538,-0.255461,-0.0599523,0.253054,0.260415,-0.470287,-0.430003,-0.140088,0.254529
-5.33462,1.06464,0.177028,0.272828,0.0373369,0.232727,0.168986,0.186106,0.143854,0.000444304,0.32918,0.3712,0.0484594,-0.125632,0.140269,0.172477,-0.107124,-0.0894308,-0.0345653,0.222222
-5.20033,0.676288,0.716522,-0.163232,0.378705,0.204847,0.22697,0.415492,-0.0236388,-0.0763122,0.373818,0.44151,-0.0111951,-0.238059,-0.020413,0.342671,-0.240861,-0.0391857,0.091742,0.177698
-4.62854,0.66757,0.356501,0.150971,0.221588,0.578808,0.235936,0.00634458,0.153049,0.048898,0.347085,0.638539,-0.0138783,0.0416687,-0.0728479,-0.0231571,-0.0553367,-0.266961,0.0648362,0.217164
-4.5094,0.634219,0.0834533,0.86984,-0.310671,0.383459,0.613913,-0.494077,0.181431,0.291022,0.00370386,0.521523,0.131845,0.0271008,0.453771,0.246996,-0.361724,-0.270668,0.0977737,0.418533
-5.10288,1.22621,-0.302946,0.672921,0.66759,0.0293236,0.135188,0.446312,-0.0820388,0.249552,0.356389,0.187296,0.146113,0.178452,0.185812,-0.1207,-0.516028,-0.393004,0.00604716,0.19461
-5.9957,1.82712,0.156293,0.37809,0.344281,0.228283,-0.070117,0.175715,0.20922,0.119467,0.506633,0.374577,-0.0176495,0.0256097,0.208253,0.337374,-0.539189,-0.346017,0.160181,0.159224
-6.58712,2.00949,-0.318397,0.280063,0.205694,0.0424699,0.216268,0.338423,0.281039,0.364483,0.654684,0.401669,-0.101586,-0.152707,0.336122,0.103328,-0.392052,-0.224533,0.179543,0.20648
-6.72523,1.65373,0.00415361,0.166292,0.285227,0.117174,0.250218,0.256489,0.359752,0.333816,0.622815,0.377892,-0.186951,-0.128203,0.0927388,0.0311834,-0.316372,-0.06338,0.511966,0.186034
-7.00603,1.83041,0.0808387,0.283955,0.203152,0.11081,0.30242,0.424983,0.229122,0.0325479,0.620422,0.404328,-0.130999,-0.0450978,0.307356,0.238337,-0.371816,-0.04199,0.319574,0.00546404
-6.85031,1.80703,0.157502,0.774282,0.439966,0.160763,0.0743974,0.0231857,0.0425263,0.19557,0.185299,0.349262,0.0209073,0.046456,-0.0489813,-0.017995,-0.201004,-0.149502,0.309587,-0.0759712
-6.15598,1.55979,-0.0390826,0.645653,0.0899142,0.30147,-0.252263,-0.247284,0.310153,0.566217,0.558966,-0.00548058,0.556395,0.38644,-0.261401,-0.173778,-0.646499,-0.103406,-0.0283432,-0.506177
-6.19905,1.54011,-0.279736,0.256155,0.146266,0.00802506,-0.324345,0.292647,0.498462,0.323094,0.285471,0.00661532,0.435828,0.0382192,-0.0158519,0.0587673,-0.184284,-0.0791814,-0.129288,-0.13995
-5.43658,1.49537,-0.312045,0.573905,0.0562414,-0.111329,0.0489092,0.423257,0.398328,-0.171426,-0.304528,0.0649954,0.385862,0.182414,0.317914,0.263296,-0.148036,-0.179837,-0.348801,0.0678208
-5.67059,1.27297,-0.412461,1.08,-0.0354103,0.0208871,0.14962,0.0569116,-0.0346295,-0.303427,0.0481805,0.414682,0.503448,0.227027,0.259109,0.0950125,-0.00825888,0.396195,0.0305988,-0.0891854
-3.35306,1.69037,0.395118,0.382741,-0.0811456,-0.0982126,-0.0428624,0.0895306,0.0532043,-0.303358,-0.239782,-0.178074,-0.201141,-0.175384,-0.152057,0.0848484,-0.222762,-0.0741845,-0.0636243,-0.0347996
-1.38624,1.36044,0.788016,0.272514,-0.0780374,0.176506,0.124377,0.0278797,0.060342,0.122691,-0.14886,-0.121314,-0.101333,0.112199,-0.106359,-0.273396,-0.264762,-0.295056,-0.435889,-0.0232239
-2.62292,0.66408,0.85121,0.631679,0.0279234,-0.00864578,-0.0318878,-0.0367343,0.133956,0.00310624,0.258194,0.11049,-0.200177,-0.23618,-0.274837,-0.1642,0.0430326,0.0272041,-0.173357,-0.227986
-3.03677,0.945443,0.991398,0.546209,0.00753337,-0.105306,-0.00272149,0.303871,0.200782,-0.217353,-0.0622274,-0.04976,-0.402614,0.102478,0.0158704,-0.164944,-0.012772,0.107522,0.147701,-0.0383872
-4.13973,0.784772,0.17499,0.48416,0.180442,-0.290134,0.0212559,0.0741121,0.109263,-0.14319,0.102923,0.245493,-0.355216,-0.192721,0.316745,0.138882,-0.52577,-0.23004,0.468556,0.22196
-4.89513,0.518469,-0.17097,0.336119,0.28078,0.00726287,-0.0503832,0.192597,0.271043,-0.00689292,0.208275,0.239786,-0.157824,-0.12881,0.527392,0.156288,-0.662069,-0.396541,0.212392,0.179931
-5.16047,0.968441,-0.212271,0.454422,0.379285,-0.0158494,-0.0213459,-0.166984,0.178284,0.342995,0.410725,0.255873,-0.0647515,-0.0823295,0.121897,0.061599,-0.520799,-0.227174,0.264851,-0.00973243
-5.36125,1.27228,-0.452168,0.306037,0.378572,0.0467207,-0.00739037,0.303148,-0.1275,0.109803,0.555606,0.277348,-0.20712,-0.218269,0.315135,0.0854605,-0.600487,-0.211582,0.347412,0.350756
-5.81943,1.57664,-0.72663,0.265934,0.160751,0.173247,0.135257,0.446503,0.149728,0.143764,0.390317,0.355993,-0.125716,-0.305538,-0.00360601,0.144401,-0.700757,-0.329778,0.309447,0.274579
-5.92956,1.27607,-0.988194,0.383428,0.363005,0.157197,0.141773,0.405501,-0.0582985,0.0967336,0.157258,0.338025,-0.163221,-0.54398,-0.0692726,0.278618,-0.621224,-0.328425,0.259899,0.289976
-6.16927,1.42968,-0.453449,0.516477,0.0869727,0.0520836,0.24623,0.62595,-0.316479,-0.209116,-0.0384746,-0.0631617,-0.0427333,-0.139793,0.108686,0.400275,-0.467512,-0.203189,0.317448,0.31186
-6.27267,1.6161,-0.45124,0.102308,-0.204726,-0.134593,0.00166767,0.327429,0.00601947,-0.0506765,-0.0462482,0.262365,-0.0807021,0.0175353,0.124631,0.0840075,-0.346747,-0.151779,0.11129,0.0233625
-6.17351,1.79229,-0.224626,0.391351,-0.455774,-0.315833,0.0433024,0.237636,-0.117666,-0.12165,0.024874,0.384386,0.0215354,0.0092104,0.0116197,0.229466,-0.169358,-0.198562,0.0011645,-0.0332436
-5.9843,1.69067,-0.477581,0.572275,-0.25365,-0.0749721,-0.143326,0.260411,-0.0394814,0.0851582,0.0755343,0.26025,-0.244533,0.229879,0.274863,0.11398,-0.300327,-0.0713186,-0.03904,0.153819
-4.64197,1.73532,-0.164861,0.243472,0.546699,0.173915,0.454792,0.228943,0.174232,0.0440186,0.221589,0.11568,-0.056528,-0.0368349,0.106982,0.038294,-0.0998496,-0.0123123,0.256206,0.351251
-3.65791,1.9334,0.833052,0.122463,0.481841,0.570848,0.562264,0.419011,0.0947411,0.288342,0.406226,0.592762,0.161681,0.223422,0.0745412,-0.105325,-0.216935,0.0601839,0.104423,0.128524
-4.59854,1.48189,0.674133,0.462246,0.825087,0.457732,0.576942,0.480064,0.119797,0.147496,0.500941,0.563783,0.116855,-0.0197765,-0.245163,-0.029343,-0.122265,0.102102,0.135968,0.314265
-4.68139,1.54171,0.41178,0.67398,0.165061,0.414868,0.359891,0.0960413,0.11431,0.0196329,0.500776,0.926917,0.115269,0.085036,0.27143,0.173411,-0.0828597,0.0777645,0.0648886,0.135435
-5.02763,1.52106,0.0296634,0.826109,0.267348,0.28902,0.375163,0.523104,-0.0841998,-0.0423226,0.388929,0.565099,0.116338,0.0580643,0.284017,0.214693,0.000325339,0.00148894,0.00198834,0.160624
-5.26453,1.68446,0.119951,0.700864,0.327864,0.479597,0.389983,0.24922,0.179537,-0.161329,0.364344,0.610188,0.114055,-0.0620878,0.269203,0.308505,-0.345442,-0.115777,0.0374161,0.0938948
-5.62031,1.87558,-0.125943,0.777474,0.267479,0.249687,0.223168,0.323567,0.187978,-0.212652,0.152789,0.335334,-0.0328437,-0.212987,0.249698,-0.00179333,-0.28957,-0.129551,-0.154115,-0.118267
-5.5851,1.85484,-0.166625,0.640707,0.324416,0.360489,0.375874,0.453614,0.0129941,-0.195261,0.178061,0.65379,0.0447903,-0.154476,0.270865,-0.00487022,-0.38296,-0.11227,0.0671448,-0.155528
-5.95148,1.92136,-0.201345,0.594619,0.0681208,0.20672,0.411492,0.359763,0.0923412,-0.0334859,0.408714,0.611589,0.0913698,-0.0693245,0.445683,0.0763367,0.0339379,0.0258502,0.0717237,0.0430759
-6.37438,2.13018,0.185715,0.831405,0.124524,0.131294,0.0611042,-0.0112871,0.143029,0.123141,0.259421,0.449101,0.253383,-0.0782351,0.0109167,-0.102054,-0.0955429,-0.220311,-0.195082,0.0758499
-5.99253,2.02086,-0.229328,0.803142,0.286432,0.203167,-0.149174,0.136385,0.124425,-0.0542612,0.288466,0.343479,0.115229,-0.0696426,0.108995,0.103627,-0.135548,-0.267811,-0.0467824,-0.0174023
-6.03905,2.0624,-0.165958,0.766728,-0.0403271,0.184971,0.0786419,0.267876,0.0656307,0.117292,0.291476,0.391294,0.246979,0.0541547,0.137083,0.339942,-0.0782014,-0.0637285,-0.138424,-0.101003
-6.57689,1.81832,0.153744,0.36719,0.239369,0.622898,0.0971474,-0.0347891,0.104897,0.217967,0.305116,0.160001,0.0981634,-0.0136186,-0.0483573,0.283596,0.00610155,-0.155586,-0.0125505,-0.018845
-7.08762,1.59094,0.111336,0.210611,-0.015243,0.687561,0.163457,0.309839,0.29497,0.437766,0.500498,0.343928,0.00668949,0.0162872,0.0302149,0.192398,-0.10918,-0.244731,-0.00892045,0.0808679
-6.58777,1.14161,0.914941,-0.130905,0.314296,0.402139,0.333558,0.0284892,0.455808,0.417323,0.35059,0.154184,-0.0898157,-0.0878586,-0.171056,0.0737716,-0.131029,-0.218749,0.0201362,0.0861292
-6.36193,0.183369,1.2984,0.0797254,0.4887,0.291614,0.262133,0.329309,0.260387,0.303467,0.295413,0.0814741,-0.179605,-0.279466,-0.0888595,0.157186,-0.203438,-0.0604689,0.134154,0.0323495
-6.49684,0.520682,1.26691,0.135655,0.30971,0.52673,0.258572,-0.300553,0.0758051,0.384248,0.343533,0.58569,0.0979254,-0.126967,0.121404,0.163675,-0.342977,-0.131585,0.153053,-0.0960174
-6.42922,0.800479,0.69285,0.431479,0.312236,0.320231,0.384708,0.0886263,0.253138,0.172101,0.324211,0.226271,0.034599,0.072068,0.0723733,0.089273,-0.15753,-0.224829,-0.0687552,0.0279112
-6.64238,1.17275,0.515041,0.786648,0.497711,0.146558,-0.0677004,0.099148,0.0700451,-0.0509129,0.475721,0.509481,-0.12646,-0.36073,0.222014,0.0369209,-0.292048,-0.0418252,0.0397112,-0.139218
-6.88616,1.14794,0.34135,0.429196,0.51937,0.267971,0.200701,0.453025,0.210473,-0.0065707,0.540772,0.533466,-0.203569,-0.355999,0.0213498,0.192592,-0.150485,-0.0136449,0.095094,0.189645
-7.4143,1.53922,0.387933,0.771267,0.31782,0.110885,0.0483431,0.371604,0.249849,0.0206556,0.496336,0.449855,-0.148308,-0.149399,0.0451877,-0.0807835,-0.108874,-0.0792393,0.112702,0.0888832
-7.51237,1.5839,0.559481,0.896403,0.318867,0.0719177,0.130165,0.190896,-0.108058,-0.11677,0.494137,0.471607,-0.197595,-0.149571,0.0895151,-0.186891,-0.167729,-0.310931,-0.141971,0.178969
-8.00702,1.2566,0.52629,1.12963,0.514581,0.293511,-0.0284128,0.0907445,-0.0258821,-0.12048,0.568106,0.43727,-0.189507,0.0141975,0.32204,-0.0258754,-0.215985,-0.305916,-0.180523,0.0147587
-7.37562,1.87706,0.806282,1.19371,0.837095,0.322626,0.183844,0.551335,0.291155,-0.0842175,0.13149,0.284886,-0.171021,-0.00841763,0.20527,0.220443,-0.275394,-0.433423,-0.0933618,0.18542
-7.5693,1.86915,0.56274,1.35912,0.792961,0.430322,0.26921,0.439521,0.316842,-0.0431133,0.561357,0.45045,0.0959139,-0.100116,0.305359,0.26383,0.172257,-0.206585,-0.237493,0.244857
-7.22727,1.42916,0.357,1.48957,0.81461,0.0305628,0.373008,0.129502,-0.0108325,-0.0208052,0.374324,0.541084,0.158056,0.126588,0.00964823,0.174978,-0.085616,-0.0954614,-0.128556,0.0169708
-7.89205,1.02063,0.0536843,1.2406,0.246558,0.333145,0.339303,0.242232,0.0598539,0.175034,0.500866,0.255656,0.0484347,-0.00432013,0.347948,0.269343,0.0466148,-0.211482,-0.419102,0.176111
-8.07351,1.0762,0.122121,1.31423,0.294943,0.212422,0.154873,-0.0598899,0.156519,0.486377,0.718107,0.0895987,-0.0935647,-0.0844632,0.168508,0.221412,-0.107701,-0.293188,-0.231708,0.0686956
-4.48711,1.39773,0.282037,0.674037,0.674881,0.113968,0.317303,0.161076,0.274547,0.204561,0.175185,0.260906,0.1721,0.0170904,-0.0297073,0.138238,-0.0925369,0.10961,0.0798136,0.0896639
-4.33434,1.5141,1.18329,0.550515,0.521432,0.389179,0.438829,0.560372,0.260381,0.428803,0.342779,0.410794,0.295746,0.256484,0.120165,0.184182,-0.0238755,-0.0773145,-0.105551,0.159856
-5.76288,0.874595,1.36264,0.964756,1.10609,0.373212,0.0840281,0.499476,0.363937,0.472584,0.667856,0.335255,0.144513,-0.0589517,-0.0188842,0.0744608,-0.0773996,0.213104,0.100278,0.0950758
-5.96203,0.644492,0.584829,1.24548,0.985758,0.174749,0.256017,0.492476,0.258581,-0.351523,0.24694,0.466994,-0.0950871,0.149221,0.45453,0.347072,-0.106381,0.1403,0.257697,0.195751
-6.72679,0.955917,0.272674,1.1475,1.00243,0.210746,0.16809,0.602688,0.207928,0.111728,0.464266,0.41182,-0.240537,-0.0840995,0.497747,0.219006,-0.277579,0.125437,0.120639,0.265816
-6.6948,1.15391,-0.0156019,1.118,1.08345,0.129865,0.222111,0.317075,0.00261501,-0.43827,0.141557,0.475146,0.17777,0.14407,0.257015,0.0972332,-0.0745994,0.00843331,-0.0125406,0.0839831
-7.04579,1.44901,-0.0636554,1.17057,0.842572,0.0619503,0.113586,0.676271,0.147223,-0.282845,0.174633,-0.00176113,-0.337103,-0.0278456,0.25308,0.390212,0.122699,0.0249972,0.176126,0.25355
-7.21112,1.24444,0.150139,0.976835,0.597908,0.0719512,-0.272107,0.516055,0.136145,-0.0883123,0.326622,0.230964,-0.389477,-0.278318,0.011182,0.414337,0.281067,0.0653416,-0.0938156,0.0743387
-7.71536,1.3239,0.0672707,1.43147,0.935018,0.0401546,-0.121723,0.155507,0.0457707,-0.504637,0.143006,0.568907,-0.26154,-0.445431,-0.0719926,0.274775,0.121147,0.121876,-0.0839094,0.168786
-7.71216,1.32644,0.378553,1.66568,0.918565,0.154783,0.0876464,0.459895,-0.12543,-0.462874,0.209274,0.575534,0.218943,-0.16275,0.0829288,0.102188,-0.0665832,-0.0453629,0.00679706,0.396119
-7.32833,1.69489,0.396051,1.15816,0.406332,0.344775,0.331234,0.242672,-0.138792,0.417728,0.459605,0.284266,0.0195422,0.0112877,-0.103927,0.157804,-0.0321698,-0.0636358,0.131455,0.0665635
-7.04747,1.50729,-0.00940473,1.09133,0.300833,0.113504,0.0672403,0.367001,0.350992,0.272635,0.217033,0.37383,0.17066,0.036154,-0.151971,-0.0578355,0.0241962,0.105502,0.0821738,-0.0743375
-10.6033,1.41865,-0.520274,0.688903,0.177654,0.364646,0.0391131,0.159454,0.187663,-0.153212,-0.000610779,0.412584,0.381223,0.0338151,-0.0705217,0.232973,-0.236639,0.189931,-0.146345,0.0313538