-37.5004,-0.0839936,-0.175264,-0.211379,0.665654,-0.340343,0.470296,-0.396688,0.223619,-0.24282,-0.134089,-0.221617,0.000244302,0.141788,0.10926,0.128133,0.13855,-0.0695731,0.0809236,0.0537845
-36.7234,-0.251114,-0.120401,-0.188852,0.517205,-0.710059,0.584264,-0.171827,0.32982,0.0662705,0.0316595,-0.00662991,-0.0812661,0.0309424,0.0334361,-0.0473266,0.253628,0.170725,-0.141361,-0.206811
-36.4797,0.13513,0.429311,0.0582234,0.257228,-0.741847,0.318889,-0.421981,0.425698,-0.0838807,-0.299028,-0.186275,-0.0552754,0.192582,0.0569752,-0.0483343,-0.0967895,-0.167819,-0.133626,0.11833
-36.4656,0.133878,0.0366218,-0.276135,0.456456,-0.579807,0.25514,-0.588385,0.0808461,0.0226834,0.0406721,-0.049522,0.140508,0.247545,0.158434,0.173045,-0.0156821,-0.0907841,-0.0013988,-0.0376729
-36.2982,0.222746,-0.086149,-0.358004,0.392631,-0.408941,0.417351,-0.354264,0.26478,0.114866,0.212324,0.114274,0.0869291,-0.0098741,-0.477795,-0.0982566,0.125065,0.0901973,0.147872,-0.0242859
-36.2721,0.189853,0.10155,-0.11997,0.437413,-0.541101,0.582965,-0.449902,0.359311,-0.0160788,0.0466293,-0.0522531,0.059883,0.0535986,-0.0513602,0.139951,-0.106646,-0.239198,0.103238,0.270982
-36.4025,0.197812,-0.0722574,-0.354364,0.256494,-0.701114,0.371725,-0.30622,0.418519,-0.118843,0.149838,0.291141,-0.119653,0.29862,-0.0999711,0.11836,0.061372,-0.137809,-0.051364,-0.274283
-36.3635,0.111035,0.086148,-0.404501,0.379255,-0.840957,0.536079,-0.259829,0.355827,-0.133746,0.0615381,0.0651365,-0.0333195,0.0811716,-0.144801,-0.179362,-0.0849353,0.12704,0.0679462,-0.0635611
-36.3312,0.0915241,0.0760544,-0.144752,0.10055,-0.732936,0.440941,-0.301492,0.320838,-0.0190877,0.107372,-0.0102407,-0.241163,0.146465,0.0408666,0.186955,0.0513079,-0.186246,0.0424708,0.0394101
-36.4308,0.28034,-0.0165053,-0.135034,0.439179,-0.580992,0.513471,-0.480088,0.110174,0.0955649,-0.0247818,0.121564,-0.0356404,0.114421,-0.0892979,0.0406389,-0.0203712,0.0332244,-0.00812941,-0.309216
-36.2824,0.117928,-0.0800326,-0.270571,0.487879,-0.630081,0.448648,-0.191112,0.392071,0.0403219,0.0710095,-0.00248012,-0.281876,-0.0134267,0.0606332,0.235471,0.0467474,-0.092739,-0.0817355,-0.182166
-36.2918,0.10166,-0.170978,-0.154891,0.174325,-0.783878,0.4317,-0.252026,0.390632,-0.109567,-0.034315,-0.0207824,-0.00776697,0.109945,-0.00489496,0.0176018,0.15062,-0.0169413,-0.0887101,-0.155673
-36.3717,0.113207,-0.0210074,-0.0399982,0.375388,-0.362646,0.657402,-0.483152,0.17656,-0.203591,-0.178439,-0.164913,-0.176224,-0.194443,-0.377712,0.190587,0.351498,0.10363,0.0465322,-0.0918072
-36.3074,0.415059,0.146355,-0.0590414,0.455714,-0.488573,0.558955,-0.295155,0.327747,-0.127595,-0.0299848,0.0493599,-0.00902694,0.12783,-0.0713759,0.0531798,-0.0261421,-0.169643,-0.161473,-0.0465504
-36.4724,-0.0487552,-0.234645,-0.553985,0.251947,-0.705556,0.345804,-0.406872,0.324278,-0.0262054,0.0142331,0.01633,-0.227724,0.0298768,-0.0598055,0.116939,0.0107217,-0.0955228,0.139043,0.104462
-36.3996,0.0616451,-0.236618,-0.32659,0.568159,-0.555515,0.177348,-0.447832,0.336501,-0.112333,-0.129418,-0.290648,-0.158279,0.167008,-0.148183,0.031983,0.111047,-0.000926671,0.0812834,-0.132175
-36.2996,0.327577,0.0826349,-0.402349,0.468946,-0.593548,0.484695,-0.422039,0.09788,-0.226921,-0.0820393,-0.0788816,-0.0342447,0.225752,-0.0260219,-0.189951,-0.110831,0.187094,0.189164,0.0121689
-36.2589,0.147612,-0.237452,-0.240364,0.478167,-0.384516,0.958321,-0.107704,0.309902,-0.149806,-0.163056,-0.099192,-0.0991014,0.243384,-0.119054,-0.00499687,-0.0246235,-0.254462,-0.000242478,0.034632
-36.3945,0.189442,-0.0135573,-0.150628,0.353162,-0.53305,0.460211,-0.554377,0.238915,-0.0872205,0.192831,0.189776,-0.0782981,-0.0359835,-0.0916512,0.177464,0.0598286,-0.0396561,0.0573376,-0.0714404
-36.1752,0.12486,-0.147988,-0.365544,0.425745,-0.564673,0.540616,-0.533624,0.133646,-0.061967,0.325503,0.0783151,-0.207054,0.25392,0.0720233,0.0999261,0.102766,0.321199,0.133352,-0.133276
-36.4609,0.00339585,-0.0201816,-0.0930578,0.462889,-0.532653,0.380394,-0.512748,0.301726,0.0498186,0.0815204,0.157102,0.0709621,0.199584,0.091302,0.195237,-0.0070686,0.123737,0.171763,0.0976197
-36.4825,0.134847,-0.183468,-0.236662,0.110228,-0.806349,0.628322,-0.0863058,0.271348,-0.0273482,0.0536649,0.382297,0.181718,0.0775904,0.0258789,-0.0825757,0.230328,0.172144,-0.101688,-0.0805122
-36.5008,0.188821,-0.210782,-0.211649,0.458186,-0.460139,0.655526,-0.315881,0.12239,-0.425782,0.0380208,0.0668555,-0.138132,-0.145906,-0.203309,0.238598,0.209524,-0.100435,0.0108893,-0.0123046
-36.1932,0.13225,-0.158163,-0.257664,0.523114,-0.494303,0.578933,-0.440998,0.120582,-0.0225242,0.100267,0.065188,-0.127808,-0.30771,-0.237027,-0.15075,0.00847866,-0.164618,-0.125718,-0.198288
-36.4212,0.248559,0.0139598,-0.264737,0.352309,-0.605304,0.355158,-0.252105,0.294545,0.0580354,0.0550364,0.067531,-0.0935647,-0.00122931,-0.0772673,-0.190574,-0.0693886,-0.201805,0.0932905,-0.0862069
-36.4113,0.0570652,-0.350356,-0.433526,0.154344,-0.590959,0.246355,-0.413055,0.457985,-0.070173,0.155838,0.131996,-0.0879673,-0.00993495,-0.0847187,0.24375,0.195065,0.0826085,0.185997,0.148733
-36.5616,0.107213,-0.267445,-0.388473,0.735401,-0.297048,0.48168,-0.239014,0.334424,-0.356537,-0.195961,-0.131912,-0.0945551,0.0857194,0.0352057,0.064067,-0.00414934,0.221299,0.10368,-0.0708008
-36.4075,0.261015,-0.0527563,-0.545424,0.223613,-0.484152,0.447745,-0.450456,0.175971,0.0101613,0.356451,0.227494,-0.0234189,0.129247,-0.145801,0.0868829,0.10113,-0.0738752,0.161598,0.0878482
-36.4927,0.244938,0.0720246,-0.156546,0.411678,-0.527206,0.488168,-0.265301,0.376545,-0.399326,0.0466387,-0.0811515,-0.186513,0.0701474,-0.341697,0.00762913,-0.0626756,0.0791351,-0.0297796,-0.040006
-36.3441,0.133909,-0.00679456,-0.164424,0.368921,-0.815267,0.112279,-0.342559,0.318239,-0.0952513,0.264714,0.141658,-0.143124,-0.0745985,0.0477861,0.331876,0.156894,-0.179451,-0.148784,-0.0551285
-36.4068,0.200821,0.0752009,-0.192973,0.426938,-0.510133,0.537086,-0.418139,0.283247,-0.042997,0.0846886,0.0952037,-0.170373,-0.129422,-0.0242951,0.100971,0.0432457,-0.0707426,-0.0436674,-0.152736
-36.3391,0.170757,-0.0229379,-0.369758,0.473698,-0.597152,0.243833,-0.177886,0.214082,-0.300802,-0.167391,0.10914,-0.0613785,0.197307,-0.100873,-0.213185,0.247592,-0.00405494,-0.137447,-0.118228
-36.1794,0.12337,-0.110887,-0.0154385,0.521325,-0.515907,0.55773,-0.335971,0.413654,-0.149443,0.000575909,0.144848,-0.113984,0.0472117,-0.0209295,-0.0114025,-0.0152047,-0.113222,0.0494613,-0.00616168
-36.1201,0.278006,-0.288374,-0.15893,0.415057,-0.65531,0.722822,-0.247076,0.286596,0.00225612,0.0213865,0.0811383,-0.217852,-0.100844,-0.13229,-0.153762,0.171899,0.176803,0.0197324,-0.108026
-36.4205,0.0974936,-0.255664,-0.395415,0.436466,-0.693017,0.366751,-0.268481,0.390614,0.228256,0.15207,-0.109377,-0.0810095,-0.0374237,-0.212295,0.226715,-0.0577331,-0.173092,-0.0279082,-0.124089
-36.6139,0.305349,0.0343833,-0.253885,0.629232,-0.409589,0.464395,-0.56986,-0.0528616,-0.252974,0.184305,0.223222,-0.221928,0.098188,-0.0473327,0.109661,0.111999,0.125539,0.083696,0.0432855
-36.5104,0.131498,-0.0419934,-0.322916,0.628147,-0.414179,0.412841,-0.356875,0.112268,-0.0600821,0.0677906,-0.270605,-0.236771,0.260451,-0.197471,0.0827826,0.101831,0.0216189,0.280017,0.154931
-36.3758,0.260387,0.127034,-0.00530758,0.462294,-0.507558,0.506298,-0.421683,0.227525,-0.0389119,-0.118327,-0.0449899,-0.0990397,0.149342,-0.195488,0.00163562,0.0663102,-0.00607115,0.0563104,-0.0241973
-36.2298,0.0135418,-0.309166,-0.264276,0.46594,-0.68001,0.181874,-0.325379,0.451667,-0.254359,0.0943173,-0.0273572,-0.137707,-0.0149847,-0.267357,-0.0685181,0.223408,0.20478,0.174506,-0.0482895
-36.288,0.132698,-0.185346,-0.2471,0.45967,-0.614637,0.590023,-0.292315,0.394604,-0.207328,-0.117515,-0.169188,-0.111189,-0.0729792,-0.156549,0.0739496,0.0256156,-0.011982,0.115942,0.0229939
-36.7384,-0.101967,0.054675,-0.0836336,0.292435,-0.534285,0.448902,-0.417851,0.131158,-0.0834979,0.0582714,0.169936,0.0296122,0.0738616,-0.232131,-0.0285178,0.0385136,0.000467925,0.0470728,-0.201879
-36.0222,0.776085,0.565731,0.145459,0.723359,-0.147858,0.62006,-0.45312,0.135284,-0.210815,0.0548241,0.218619,-0.023366,-0.109959,-0.382355,-0.082396,-0.114286,-0.190672,-0.123294,-0.14766
-32.6418,1.38469,1.81889,0.867725,0.954224,0.601678,0.94191,0.51912,0.861586,-0.119212,0.383951,0.0302362,-0.231352,0.445876,-0.564048,0.0470907,0.167203,-0.206459,-0.194766,0.139692
-20.175,1.60327,-1.48794,-0.757457,-0.69248,-0.0337035,0.0625825,-0.601348,0.290136,0.115661,0.184076,0.553611,0.144266,-0.445926,0.0203011,-0.274446,0.329498,0.403505,-0.0846555,-0.193942
-13.2206,2.72952,-0.899083,-0.218158,-0.971827,-0.125012,0.044287,-0.384762,0.248277,-0.0173097,-0.0445084,0.176901,-0.201798,-0.543009,0.167607,-0.0729668,0.54033,0.469111,-0.238114,-0.596538
-13.6751,2.78749,-0.461623,-0.244655,-0.182371,-0.0696028,0.539172,-0.326581,0.525754,0.0833925,0.125781,0.232595,-0.0334022,-0.490689,0.308308,0.185431,0.740081,0.669571,-0.269588,-0.612741
-13.6497,2.30889,-0.199475,-0.691322,-0.357101,-0.177779,0.619682,-0.332895,0.491907,-0.0127526,0.211576,0.334757,-0.0472856,-0.312712,0.478665,0.274202,0.651512,0.682399,-0.0176681,-0.586771
-13.458,1.96582,-0.327177,-0.577325,-0.309884,-0.310428,0.4479,-0.0898964,0.455607,-0.235496,0.366038,0.440007,-0.165645,-0.245854,0.566487,0.481605,0.629303,0.465681,0.0309334,-0.44082
-13.9163,2.37289,-0.21654,-0.736358,-0.260535,-0.444813,0.540613,-0.268016,0.422348,-0.047647,0.275938,0.41163,0.0814447,-0.559363,0.482892,0.578682,0.659365,0.493343,-0.072633,-0.375684
-13.9218,2.5982,-0.333277,-0.640786,-0.238367,-0.329136,0.478461,-0.166573,0.322599,0.0141391,0.179739,0.286051,-0.0522104,-0.254706,0.384217,0.450369,0.709124,0.672858,-0.182446,-0.543098
-14.2011,2.73928,-0.621586,-0.548743,-0.409766,-0.274268,0.2782,-0.10632,0.352431,0.192199,0.215918,0.38817,0.0528387,-0.111671,0.298106,0.597859,0.687794,0.757658,-0.272563,-0.306627
-13.8674,2.46225,-0.566003,-0.592267,-0.48456,-0.0647923,0.0436482,0.116671,0.379816,0.107792,0.138134,0.32723,0.00622241,-0.0739875,0.341724,0.396077,0.68255,0.646827,-0.21034,-0.303839
-12.2734,1.37728,-0.391119,-0.261991,-0.852506,-0.135642,-0.318311,0.423571,0.134044,0.438534,0.552037,0.487099,-0.251387,-0.221154,0.554084,0.0529576,0.418459,0.495584,-0.228501,-0.37627
-12.4369,1.21634,0.10448,-0.197207,-0.599252,-0.0396605,0.0550657,0.668317,-0.0992385,0.237899,0.496006,0.0830115,-0.474607,0.0961609,0.126813,0.132306,0.60911,0.448379,-0.430771,-0.321077
-10.7572,1.45075,-0.154817,0.0936148,-1.30407,0.0281974,0.506649,-0.0935911,-0.0102086,0.649234,0.395367,0.218358,-0.463201,0.134579,0.0740509,-0.374097,-0.173685,-0.286764,-0.11162,-0.0895016
-11.1618,1.67061,-0.0552809,0.0463185,-0.915665,0.220003,0.673126,-0.101455,0.087272,0.875446,0.613552,0.286375,-0.355801,-0.016797,-0.205289,-0.483069,-0.335041,-0.309398,-0.0329214,0.0243569
-11.7216,1.70788,-0.383151,-0.147182,-0.962833,-0.133554,0.434094,-0.16161,-0.204481,0.793096,0.509683,0.300773,-0.36414,-0.225586,0.0363374,-0.200049,-0.441235,-0.247629,0.100788,0.262473
-11.9363,1.635,-0.53944,-0.535361,-0.931589,-0.0729455,0.380281,-0.0945997,0.0362194,0.835573,0.358535,0.391582,-0.287858,-0.172506,-0.0219801,-0.0778224,-0.522452,-0.359028,0.215128,0.128756
-12.1563,1.86241,-0.223984,-0.359413,-0.667276,-0.265623,0.304741,-0.0201816,0.200558,0.613922,0.172618,0.378427,-0.119031,-0.237767,-0.150919,-0.215136,-0.478983,-0.201344,0.240927,-0.00166445
-12.0302,2.1007,-0.108872,-0.30102,-0.685386,-0.433162,0.295537,-0.448595,-0.275736,0.45236,0.24385,0.644017,0.00544937,-0.253,-0.0828232,-0.0421268,-0.299786,-0.0781308,-0.137069,0.0276834
-11.9811,2.46393,-0.540721,-0.657848,-0.560372,0.000337528,0.137474,-0.641801,-0.319516,0.321453,0.373962,0.420677,-0.112208,-0.587176,-0.167429,-0.0628432,-0.498233,-0.0516218,-0.149518,0.17672
-12.4188,2.7551,-0.67554,-0.693597,-0.787104,-0.133056,-0.146275,-0.687705,-0.228314,0.159144,0.238575,0.404212,-0.134258,-0.523467,-0.0925245,-0.162724,-0.279359,-0.0599974,0.111354,0.141588
-12.2097,2.68491,-0.693231,-0.34615,-0.543133,-0.233712,-0.107737,-0.315214,-0.236584,0.450909,0.296764,0.51792,0.0222392,-0.403275,-0.172808,0.328087,-0.136635,-0.301066,0.182957,0.365206
-12.0568,2.38294,-0.944117,-0.0678016,-0.749841,-0.396328,-0.365437,-0.270132,-0.330983,0.194697,0.295635,0.524355,-0.230879,-0.173853,-0.0907902,-0.0305431,-0.0940515,0.00418665,-0.0959161,0.2762
-11.3912,2.03167,-0.962274,0.07112,-0.500159,-0.238743,-0.716661,-0.0588117,0.00359917,-0.41937,0.358956,0.496084,-0.251809,-0.380935,-0.0646885,-0.102803,-0.259493,-0.261492,-0.399686,0.0880774
-10.7662,1.38375,-0.485612,0.31783,-0.692851,-0.0950519,-0.441375,-0.229108,-0.0322506,0.0273718,0.255235,0.313471,-0.127053,-0.337273,0.116098,-0.391807,-0.0830672,-0.369263,-0.371537,0.147831
-11.0461,1.9313,-0.387881,0.436395,-0.154338,-0.210306,-0.141098,0.0296266,0.328367,-0.124503,0.0740666,0.375552,-0.332656,-0.112322,-0.0532696,-0.541654,-0.0607857,-0.585638,-0.3839,0.100542
-11.3282,1.76129,-0.178314,0.284659,-0.206468,-0.513126,-0.163199,0.0795431,0.283119,-0.207775,-0.0556109,0.372494,-0.368062,-0.215709,-0.0664257,-0.240492,-0.305953,-0.701181,-0.146199,0.0457087
-11.5313,2.19657,-0.464768,0.072969,-0.30428,-0.318717,0.229063,-0.147494,0.50384,-0.330392,0.141773,0.545099,-0.352241,-0.245236,0.00116167,-0.0155932,-0.0685697,-0.778283,-0.19873,-0.0880712
-11.8589,2.58402,-0.418863,0.0534602,-0.387731,-0.511342,0.179528,0.00487959,0.472732,-0.43254,0.0379661,0.52081,-0.0534153,-0.668757,-0.036491,-0.247811,-0.10469,-0.555387,-0.438177,-0.0360958
-10.9143,2.30537,-0.966661,-0.083489,-0.727877,-0.634987,0.412879,-0.39,0.497679,-0.041763,0.366016,0.623055,0.0709858,-0.194522,0.183271,-0.318951,-0.322978,-0.830003,-0.243877,0.0770085
-11.1777,2.70452,-0.903458,0.203958,-0.393842,-0.476949,0.328925,-0.24171,0.747029,-0.204816,0.373476,0.599993,0.0446042,-0.544282,-0.214885,-0.129441,-0.275794,-0.937336,-0.215743,0.268402
-11.8116,2.81216,-0.904792,0.120248,-0.605638,-0.260059,0.265927,-0.265639,0.47223,-0.104422,0.395493,0.575963,-0.0294434,-0.355155,-0.210698,-0.156282,-0.430299,-0.689493,-0.215715,0.250694
-11.911,2.74479,-1.17778,0.288847,-0.606084,-0.354323,-0.246848,-0.178666,0.352517,0.192122,0.0712082,0.729336,0.0929248,-0.304261,-0.0822788,-0.201723,-0.330512,-0.876594,-0.0865321,0.49192
-11.9201,2.77953,-0.922722,0.126342,-0.496082,-0.297979,-0.081585,-0.261055,0.0392165,0.158224,0.161533,0.48927,0.148455,-0.152841,-0.125653,-0.186067,-0.504664,-0.692852,-0.0247547,0.264431
-11.4644,2.50831,-0.780257,0.203179,-0.114605,-0.237253,-0.48882,-0.394423,-0.0928537,0.241586,0.322088,0.621104,0.321091,-0.241479,-0.119568,-0.149343,-0.411116,-0.459419,-0.147491,0.127109
-11.1338,2.56157,-0.591272,-0.229883,-0.564868,-0.404683,-0.365381,-0.303439,0.0602622,0.204643,0.218826,0.624028,0.18081,-0.757022,-0.198916,0.0149143,-0.0459117,-0.406808,-0.174068,-0.164565
-11.0752,2.63888,-0.294623,-0.194078,-0.448385,-0.315691,-0.283179,0.0195893,0.0754809,0.327502,0.22281,0.446806,0.334168,-0.616741,-0.340166,0.164341,0.109199,-0.427805,-0.107441,-0.0794479
-11.1094,2.183,-0.348782,-0.152816,-0.64084,-0.36324,-0.460096,0.0536636,0.277573,0.240975,0.151745,0.524734,0.183588,-0.430184,-0.301702,0.0362159,-0.0466884,-0.370144,-0.3132,-0.119156
-11.0288,2.23221,-0.621131,-0.028921,-0.508819,-0.309238,-0.302824,-0.0683764,0.264225,0.105063,0.25558,0.409877,0.0459161,-0.387352,-0.0192801,-0.014561,-0.201167,-0.437687,-0.0997061,-0.138041
-11.2852,2.25624,-0.564165,0.0311904,-0.433623,-0.303525,-0.529246,-0.0456333,0.443487,-0.0588182,0.123326,0.284861,0.167953,-0.439722,-0.0313231,-0.268039,0.008125,-0.233155,-0.23141,-0.0722615
-11.2379,2.11799,-0.470357,0.52578,-0.313802,-0.202244,-0.354586,-0.108879,0.585172,-0.191752,0.128095,0.382498,0.169699,-0.142454,-0.150209,-0.447642,-0.0277639,-0.325817,-0.493738,-0.0373149
-11.5974,2.53839,-0.317784,0.380343,-0.268326,-0.15104,-0.106095,-0.165403,0.588773,-0.0136301,0.178633,0.325405,-0.10592,-0.334027,-0.186748,-0.435054,-0.110826,-0.388899,-0.473659,-0.252409
-11.9364,2.5834,-0.297825,0.163691,-0.270134,-0.0624954,-0.361946,0.0788468,0.390126,0.0662002,0.262759,0.384936,0.022536,-0.377766,0.117179,-0.288192,-0.362981,-0.342169,-0.424382,-0.0194711
-12.1164,2.62203,-0.44174,0.423348,-0.349645,-0.161118,-0.465198,0.0532017,0.388257,-0.0228644,0.00041451,0.22143,0.0161922,-0.286271,0.186817,-0.373406,-0.44253,-0.31846,-0.596752,0.0269164
-11.9124,2.54542,-0.579299,0.406721,-0.423135,-0.0492627,-0.325082,-0.035836,0.170774,0.0669515,0.266888,0.477744,-0.0391814,-0.426824,-0.0279208,-0.277927,-0.402592,-0.27413,-0.636075,0.0610721
-9.91954,2.35413,-0.839099,0.153241,-0.859153,0.0782839,-0.0593137,-0.349832,0.262443,0.274526,-0.00349177,0.11991,-0.342191,-0.0639134,0.664688,-0.320342,-0.0928101,-0.543729,-0.34671,0.421682
-10.835,2.47528,-0.898935,0.268359,-0.779447,-0.0909828,0.178733,-0.202509,0.541316,0.237212,0.0588346,0.0190988,-0.211525,-0.381858,0.507171,-0.411346,0.148985,-0.53744,-0.501991,0.448243
-11.0096,2.27068,-0.901737,-0.0838645,-0.734158,-0.0214748,0.169813,-0.324879,0.557618,0.0630371,0.120461,-0.181536,0.0201488,-0.537651,0.279694,-0.472288,0.157181,-0.338888,-0.584047,0.544147
-11.2345,2.40388,-1.10092,-0.169703,-0.483792,-0.0648808,0.309346,-0.516162,0.573897,0.0374177,0.229855,-0.0980935,-0.0244943,-0.55152,0.502297,-0.460489,-0.119394,-0.420738,-0.406096,0.564734
-11.2713,2.51731,-0.998017,-0.155106,-0.385265,-0.389683,0.10071,-0.349435,0.629785,0.116045,0.226759,-0.103462,0.0416247,-0.353506,0.485858,-0.223433,-0.0524148,-0.522542,-0.270496,0.552758
-11.5109,2.76961,-1.12649,-0.253531,-0.476378,-0.4452,-0.0677249,-0.495381,0.547476,0.408152,0.0446512,-0.0219541,-0.198591,-0.337454,0.577523,-0.206394,0.0917328,-0.501444,-0.405637,0.241963
-11.4851,2.98403,-1.22431,-0.12531,-0.452273,-0.223424,-0.0110814,-0.256883,0.365281,0.397089,0.104877,0.298864,-0.325645,-0.460874,0.337626,-0.0142582,-0.0075529,-0.275693,-0.289144,0.521306
-11.5966,3.00356,-1.21033,-0.418869,-0.454982,-0.201947,-0.188664,-0.249216,0.664856,0.44813,0.00301021,0.180155,-0.498097,-0.366661,0.203911,-0.148362,0.0900107,-0.0918118,-0.38307,0.439782
-11.297,2.81557,-1.27326,-0.0496732,-0.757915,-0.130276,0.0128078,-0.310364,0.66323,0.494197,-0.138563,0.0550409,-0.301835,-0.260738,0.267083,-0.0384443,0.0686071,-0.0539564,-0.267823,0.387812
-11.5782,2.80753,-1.23086,-0.402877,-0.185002,-0.474628,-0.111794,0.000714881,0.524595,0.265123,-0.0472042,0.260443,-0.477497,-0.561527,0.500648,-0.21995,-0.308365,-0.0937715,-0.343524,0.422257
-10.505,2.13668,-1.12407,0.15311,-0.57168,-0.107538,-0.0857167,-0.431581,0.605437,0.236871,0.0121101,0.161435,-0.1987,-0.322557,0.101803,-0.100834,-0.358424,-0.285704,-0.0395863,0.432684
-10.5647,2.42336,-0.819389,0.548107,-0.69184,-0.293577,0.0173227,-0.547808,0.583458,0.396602,0.0911501,0.110489,-0.10236,0.064398,0.0863323,-0.38444,-0.376566,-0.682525,-0.17893,0.558581
-11.1841,2.70955,-0.764794,0.342592,-0.546351,-0.395526,-0.221329,-0.478357,0.623159,0.265494,-0.212034,0.0228285,-0.17149,-0.0841637,0.187774,-0.533854,-0.532095,-0.587892,-0.339334,0.581641
-11.6255,2.99892,-1.01105,-0.182686,-0.52103,-0.203715,-0.254952,-0.384995,0.636525,0.324753,-0.0806948,0.00614334,-0.319071,-0.0971077,0.22975,-0.417617,-0.440117,-0.519566,-0.364333,0.449473
-11.6778,3.02689,-0.853488,-0.00722847,-0.450297,-0.368929,-0.0314982,-0.290177,0.467964,0.208105,-0.0224174,0.151954,-0.502735,-0.181058,0.032987,-0.224626,-0.31614,-0.82033,-0.504001,0.621993
-11.4441,2.43111,-0.831872,-0.18799,-0.414972,-0.360121,-0.376018,-0.196643,0.305598,0.532679,-0.276316,0.307151,-0.571783,-0.114408,-0.1145,-0.267744,-0.257414,-0.572038,-0.417454,0.272128
-10.6345,2.79366,-0.802138,0.381235,-1.01368,-0.0564424,-0.600246,-0.222977,0.563028,0.3072,-0.0162163,-0.0378068,-0.371782,-0.123114,0.0701916,0.0174345,-0.185646,-0.263913,-0.379062,0.161075
-11.3207,3.00236,-1.16564,0.404532,-0.955168,0.0279052,-0.562319,0.155267,0.383373,0.43227,-0.33961,0.126011,-0.468827,-0.323071,-0.204992,0.200827,-0.155286,-0.226475,-0.812096,0.432128
-11.4887,2.97284,-0.996525,-0.215038,-0.903923,-0.142969,-0.493798,-0.392289,0.492408,0.227042,-0.162053,-0.0492638,-0.389066,-0.0209499,-0.0812439,0.0215674,0.0559874,-0.342216,-0.585418,0.494328
-11.5943,2.94409,-1.05599,-0.0712142,-0.467994,-0.120717,-0.31873,-0.241731,0.401691,0.379851,-0.221035,-0.0221923,-0.259986,-0.0272823,0.0587685,-0.101161,-0.182605,-0.361475,-0.489123,0.440183
-11.5088,2.84576,-1.10861,-0.0710444,-0.655866,-0.376892,-0.144493,-0.0874561,0.228635,0.339766,-0.241099,0.0699581,-0.310265,-0.0853872,0.254047,4.27403e-05,-0.233957,-0.248485,-0.322928,0.187629
-11.2735,2.46566,-0.937234,-0.322203,-0.266868,-0.338144,-0.42636,0.128805,0.408484,0.204244,-0.168256,-0.193499,-0.487121,-0.178146,0.426202,-0.08407,-0.256465,-0.0890554,-0.199845,0.308473
-10.413,1.62398,-0.984766,0.164374,-0.785752,-0.120266,-0.55891,0.177617,0.0807597,-0.0434329,-0.0108188,-0.0276596,-0.413086,-0.332375,0.562147,0.0535823,-0.276173,-0.096008,0.022866,0.117035
-9.94237,2.12211,-0.574572,-0.0617092,-0.576358,0.273073,-0.307148,-0.336944,0.427356,-0.0194706,-0.384002,0.0654958,-0.215087,-0.122761,0.24197,-0.129548,0.015999,-0.0470085,-0.357995,-0.234168
-10.2454,2.13739,-0.292591,0.104981,-0.707192,-0.0833291,-0.480786,-0.206278,0.741819,-0.00874555,-0.106393,-0.245278,-0.0724046,0.134287,0.217321,0.221894,-0.4302,-0.258197,-0.118341,-0.209091
-10.2773,2.11905,-0.562105,0.0949378,-0.378315,0.00517668,-0.693151,-0.216557,0.778365,-0.138587,0.132983,-0.0746932,-0.213805,-0.00586399,0.107511,0.410808,-0.114315,-0.237756,-0.152926,-0.35985
-10.3108,2.09896,-0.580748,0.118639,-0.717531,-0.0613349,-0.527856,-0.566103,0.32105,0.0199813,-0.0347046,-0.0169127,0.0589457,-0.318279,0.15996,-0.308544,-0.00768201,-0.41094,-0.13893,-0.221693
-10.7698,2.51103,-0.515307,0.0922087,-0.686347,-0.241419,-0.456649,-0.601351,0.423304,-0.10267,0.320848,-0.0385479,0.253687,-0.36905,0.180842,-0.15814,-0.192367,-0.378579,-0.101775,-0.196599
-11.0146,2.72593,-0.766563,0.0176705,-0.984671,-0.148222,-0.737844,-0.473028,0.345846,0.025225,0.200171,-0.00908765,0.11779,-0.0858059,0.136089,-0.272019,-0.35514,-0.145798,-0.0838779,0.00454193
-11.4312,3.01003,-0.889597,-0.0896075,-0.900445,-0.171391,-0.640546,-0.327139,0.35729,0.112713,0.245406,0.218203,0.145544,-0.0910927,0.356245,-0.0158388,-0.270984,-0.126214,0.103413,0.0903353
-11.4601,2.99224,-0.95514,-0.368452,-0.886671,-0.0562,-0.608157,-0.447988,0.281409,0.213502,0.0706956,0.0819243,0.116368,-0.138826,-0.0421679,-0.289126,-0.141367,-0.298803,-0.0771321,-0.0212995
-11.0382,2.91505,-0.863153,-0.00957665,-0.852259,-0.227836,-0.409215,-0.321388,0.280822,0.21089,0.0934149,0.233713,0.0404288,0.0852573,0.0319203,-0.17992,-0.137041,-0.103676,-0.255679,-0.0685505
-10.6298,2.70734,-0.406087,0.291817,-0.938293,-0.341513,-0.166436,-0.270457,0.67389,0.364774,-0.0908374,0.195912,-0.109922,-0.0825652,0.0270512,-0.128641,0.0134001,-0.151232,-0.288812,-0.188685
-10.8267,2.5706,-0.738978,-0.0445413,-1.23233,-0.437218,-0.280421,-0.381502,0.387841,0.28126,-0.313896,0.0316601,-0.0727967,0.103507,0.121199,0.0379038,0.0946045,-0.300599,-0.14852,0.0898525
-10.8946,2.40978,-0.669077,-0.0440231,-1.0093,-0.340327,-0.00576363,-0.284587,0.486782,0.175841,-0.121491,0.321291,0.0570975,0.129099,0.309629,0.154287,-0.0598858,-0.179663,-0.059532,0.153505
-11.0215,2.49417,-0.782823,-0.112044,-0.647985,-0.433941,-0.0434369,-0.451174,0.688779,0.124772,-0.12732,0.10743,0.144985,0.112343,0.436595,-0.0299024,-0.0515975,-0.197721,0.0685172,0.373204
-11.3775,2.55058,-0.673676,-0.250246,-0.540059,-0.433681,0.110028,-0.236776,0.610213,-0.00779072,0.155918,0.300503,0.0150368,0.12331,0.488982,0.17787,0.137439,-0.0241604,0.0614204,0.217828
-11.0968,2.86916,-0.686918,-0.414248,-0.448525,-0.448976,0.122692,-0.132653,0.370043,-0.107711,0.0449864,0.116002,-0.0933417,-0.0117073,0.605997,-0.006109,-0.0612651,0.0365752,0.0295908,0.156433
-10.4094,2.41933,-0.967173,-0.167311,-0.777961,-0.372761,-0.394557,-0.0814604,0.333539,0.0436671,0.393024,0.0976116,-0.0523929,0.118844,0.603034,0.173381,0.198175,-0.0460465,-0.0714151,0.206981
-10.5182,3.23007,-0.569068,0.289155,-0.737793,-0.32471,-0.0778308,-0.3985,0.529444,0.388921,0.236421,0.141214,-0.122009,-0.0672953,0.288915,0.112193,0.253967,-0.402852,-0.418185,0.0606452
-10.7924,3.28506,-0.826518,0.0201437,-0.6539,-0.257347,-0.00471776,-0.382916,0.580267,0.271237,0.0434601,0.356548,0.107504,0.121124,0.147416,0.201861,0.278783,-0.409508,-0.301776,0.0130921
-10.9824,3.22622,-0.709375,-0.00861316,-0.486194,-0.301308,-0.173269,-0.264905,0.450022,0.0755268,0.0488174,0.328021,-0.0812763,-0.0885912,0.231767,0.353698,-0.0180617,-0.431646,-0.296093,-0.0571355
-10.5578,2.99158,-0.898188,-0.0130223,-0.575655,-0.29133,-0.467864,-0.36535,0.562705,-0.0348314,-0.174391,0.5416,0.226502,-0.433213,0.25398,0.130315,0.0370343,-0.608159,-0.286406,0.0514479
-9.76103,2.74298,-0.556168,0.198294,-0.553024,-0.154666,-0.262163,-0.117217,-0.261161,0.125353,-0.0582589,0.340134,0.26574,-0.432995,0.177807,0.0232459,0.0476075,-0.213885,0.24557,-0.0931548
-10.5141,2.66061,-0.416218,0.0642045,-0.252271,-0.143731,-0.241338,-0.108612,-0.0924882,0.168931,0.225895,0.579361,0.418318,-0.496908,0.188331,0.240454,-0.279276,-0.6965,0.127414,-0.212825
-10.2422,2.48361,-0.882283,-0.4131,-0.237934,-0.42729,-0.297445,-0.151277,-0.172038,0.10025,0.128399,0.331148,0.583561,-0.222666,0.0856384,0.298419,-0.174754,-0.50783,-0.0100273,0.00871553
-10.313,2.28931,-0.582828,-0.31296,-0.125538,-0.473031,-0.523707,-0.0423157,0.0827528,0.0748499,0.0381595,0.292935,0.762675,-0.371915,-0.0739123,0.420055,-0.0846685,-0.437606,-0.167914,-0.106142
-10.2122,2.44945,-0.791865,-0.33286,-0.275623,-0.217198,-0.521071,-0.231816,0.212038,0.085808,-0.157129,0.485511,0.850479,-0.0269235,-0.0331763,0.167412,0.204783,-0.440026,-0.314569,-0.00493832
-10.3079,2.59217,-0.799421,0.0923871,-0.308484,-0.431338,-0.715265,-0.157665,0.073846,0.234131,-0.190729,0.526883,0.505467,-0.0504973,-0.0718291,0.151615,0.311828,-0.608852,-0.354443,-0.0422221
-10.491,2.68976,-0.762501,-0.224657,-0.566233,-0.203012,-0.619098,-0.211688,0.0398581,0.112893,-0.570044,0.565587,0.631494,0.0409911,-0.00252922,0.428382,0.246871,-0.332418,-0.389851,-0.0157932
-10.8471,2.37635,-0.977006,-0.396651,-0.543351,-0.379533,-0.70144,-0.566822,-0.324246,0.253186,-0.249235,0.617131,0.455116,0.165176,0.126688,0.432172,0.398951,-0.197842,-0.407701,-0.0451324
-10.7349,2.51316,-0.944697,-0.544202,-0.464082,-0.46215,-0.693223,-0.561336,-0.190708,-0.165506,-0.242332,0.414112,0.223232,0.0724229,0.0523571,0.074066,0.165208,-0.226696,-0.282582,0.105465
-10.5608,2.26923,-0.946381,-0.610183,-0.474886,-0.20348,-0.633164,-0.538492,0.0897858,-0.0423675,-0.329787,0.333672,0.434443,0.265786,0.320238,0.277871,0.281035,-0.00880847,-0.125411,-0.370969
-10.6863,2.38975,-0.67567,-0.156318,-0.150709,-0.410789,-0.405572,-0.388914,-0.0437857,-0.0811389,-0.180308,0.32381,0.256793,0.0835689,0.253246,0.376433,0.25239,0.0368059,0.0240583,-0.347845
-10.2564,2.57921,-0.996589,-0.257739,-0.539851,-0.599886,-0.546551,-0.422211,-0.0510918,0.17761,0.054513,0.171287,0.297182,0.328067,0.120154,0.206328,0.129586,0.0572857,0.0690041,-0.293886
-10.5501,3.0658,-0.583558,0.109297,-0.448124,-0.362892,-0.642771,-0.743858,0.265925,0.287257,-0.317883,0.23349,0.0622669,0.0936215,0.301544,-0.17546,0.0730458,0.0266497,-0.277263,-0.270518
-11.1698,3.03814,-0.561851,-0.278569,-0.591046,-0.617552,-0.461464,-0.691436,0.481462,0.113805,-0.270774,0.266246,0.299469,0.173832,0.567351,-0.040138,0.155599,-0.125413,-0.17992,-0.0276819
-11.4274,3.09648,-0.838819,-0.605676,-0.609175,-0.619618,-0.470098,-0.719782,0.550514,-0.281455,-0.400963,0.394386,0.282831,0.227437,0.452141,-0.0887676,0.203873,-0.14955,-0.237033,-0.159678
-11.1698,3.02829,-0.85705,-0.01487,-0.763266,-0.47111,-0.476379,-0.684728,0.497605,0.055525,-0.431954,0.171239,0.322082,0.497554,0.464678,-0.25901,-0.142897,-0.216068,-0.362012,0.0269325
-10.9146,3.09211,-0.447672,0.066028,-0.76649,-0.281458,-0.164788,-0.662533,-0.0667645,0.316047,-0.351514,0.0783579,0.198153,0.438351,0.591457,-0.241015,-0.175538,-0.400004,-0.0335395,-0.186471
-11.0636,2.99064,-0.819666,-0.154414,-0.69244,-0.151164,-0.378052,-0.579707,-0.0207636,0.194,-0.178845,0.195592,0.470436,0.353641,0.531435,0.0808226,-0.20671,-0.37088,-0.206725,-0.434248
-11.479,3.10035,-0.778042,-0.26998,-0.690577,-0.382833,-0.775988,-0.503509,0.118977,0.417841,-0.261071,0.0712004,0.497813,0.406301,0.71108,-0.0203068,-0.00474023,-0.265263,-0.192053,-0.332604
-11.3994,3.21247,-0.714939,-0.311588,-0.905328,-0.190382,-0.626816,-0.578463,0.0434355,0.54177,-0.413885,-0.0146995,0.490517,0.284653,0.725092,0.329446,-0.0116716,-0.353771,-0.0714044,-0.214757
-10.9033,2.95003,-0.854407,-0.18319,-0.906779,-0.0807019,-0.42732,-0.645213,0.129035,0.418276,-0.0967923,0.153539,0.329065,0.444593,0.840903,0.355272,0.0871077,-0.410619,-0.304829,-0.00290014
-10.532,2.50435,-0.844257,-0.00834198,-0.768708,-0.442951,-0.787735,-0.496403,0.0562365,-0.0633751,-0.150349,0.106419,0.407854,0.105742,0.762152,0.182849,-0.147432,-0.238955,-0.224933,0.165192
-10.1248,2.82153,-0.764085,0.25738,-0.849153,-0.468907,-0.723052,-0.316801,0.195819,-0.125382,0.126834,0.299758,0.365677,-0.129275,0.346956,0.125382,-0.664918,-0.556041,-0.200928,0.0161565
-10.3685,2.58787,-0.564851,0.0329193,-0.555339,-0.259152,-0.939289,-0.245563,0.243316,-0.288467,0.238242,0.2351,0.583711,0.17991,0.422019,0.160651,-0.493722,-0.538695,-0.126711,0.313056
-10.9329,2.39333,-0.0624027,-0.133395,-0.398849,-0.501688,-1.18302,0.00525528,0.421315,-0.131698,0.00844689,0.196156,0.746417,-0.0917632,0.549306,0.107199,-0.515553,-0.362027,-0.251971,0.328147
-11.1968,1.88253,0.243498,-0.603915,-0.0742872,-0.769832,-1.04401,-0.0832137,0.395254,0.135871,-0.297174,0.566048,0.319594,0.38493,0.482942,0.339081,-0.614072,-0.385987,0.00483198,0.259845
-11.2659,1.99653,-0.347399,-0.66413,0.307661,-0.60777,-1.0056,-0.48607,0.05543,0.0689428,-0.0407165,0.551684,0.172003,0.3332,0.180372,0.322388,-0.350807,-0.352432,-0.173551,0.276213
-11.1214,2.27591,-0.376598,-0.623358,0.0633721,-0.406273,-0.801017,-0.694544,0.264644,0.404797,-0.214006,0.577578,0.195495,0.0232605,0.09867,0.205025,-0.281715,-0.178701,-0.387659,0.118333
-11.092,2.64348,-0.128127,-0.556896,0.164564,-0.153627,-0.774755,-0.714217,0.28214,0.400762,-0.108722,0.243589,-0.0287143,0.0998873,0.382927,-0.00343348,-0.148047,-0.151817,-0.452297,0.0313699
-11.3198,2.36694,-0.285492,-0.634007,-0.0633331,-0.526051,-0.898461,-0.71539,0.376644,0.215129,0.0472126,0.279916,0.146911,0.067668,0.155666,0.264419,0.193246,-0.160108,-0.246619,-0.13891
-10.978,2.22749,-0.22863,-0.898166,-0.150964,-0.457162,-0.523956,-0.721916,0.513227,0.144271,0.150498,0.428033,0.262572,-0.0777221,0.214298,0.224137,0.0802697,-0.0388248,-0.474418,-0.0835061
-10.5755,2.03966,-0.497608,-0.303282,-0.29585,-0.390354,-0.403816,-0.786194,0.572717,0.220965,0.151145,0.394925,0.228444,-0.0769816,0.149569,0.0878307,-0.114949,-0.0913618,-0.523944,-0.157918
-10.5283,2.28693,-0.535206,-0.371167,-0.197829,-0.483279,-0.319972,-0.608315,0.348956,0.442658,-0.0318522,0.448793,0.282997,0.303115,-0.177795,0.185975,-0.12462,0.140867,-0.238871,-0.222098
-10.8322,2.14868,-0.581354,-0.574298,-0.150803,-0.512889,-0.386963,-0.650671,0.253416,0.199222,-0.0122029,0.651268,0.443715,0.13706,-0.175539,0.0749329,-0.182545,0.0484386,-0.0422424,-0.133466
-11.0853,2.25954,-0.712256,-0.565805,-0.172398,-0.300791,-0.329153,-0.7427,0.354877,0.286858,0.101283,0.584705,0.592171,0.115499,0.292314,0.140904,-0.112267,0.230933,-0.120364,-0.0111875
-11.3224,2.3564,-0.624902,-0.626416,-0.186957,-0.353674,-0.170369,-0.884615,0.435438,0.169129,-0.06037,0.482786,0.544049,0.00333654,0.256247,0.329194,-0.123335,-0.0855757,-0.121484,-0.0540007
-11.4528,2.0976,-0.439667,-0.258866,-0.0270482,-0.660045,-0.282116,-0.92566,0.375113,0.2983,-0.0621716,0.451299,0.0889408,0.194548,0.238536,0.349124,0.0603751,-0.146693,-0.409968,-0.0907605
-11.177,2.20127,-0.764849,-0.293218,-0.0898427,-0.525119,-0.195724,-0.66916,0.0990168,-0.130761,0.0189195,0.637144,0.339352,0.342285,0.125509,-0.0320146,-0.00603143,0.0995806,-0.219108,-0.0506751
-10.6464,2.4527,-0.621639,-0.24889,-0.147964,-0.356749,-0.0206505,-0.525924,0.100368,0.231081,0.273515,0.781827,0.347369,0.373971,0.166962,-0.148898,-0.382892,-0.255268,-0.124035,0.0477598
-11.1916,2.5627,-0.797109,-0.684759,-0.40136,-0.377717,-0.354964,-0.608753,0.0993889,0.3349,0.119133,0.813252,0.142511,0.465949,0.106211,-0.0945018,-0.0948008,-0.0142993,-0.111271,0.116244
-11.3648,2.73743,-0.943927,-0.744593,-0.412023,-0.497633,-0.227838,-0.238315,-0.254526,0.477674,0.0883344,0.928823,0.311256,0.533772,0.1367,-0.157184,-0.273906,0.0830109,-0.0923229,0.212984
-11.346,2.74735,-0.811619,-0.726465,-0.29207,-0.424873,-0.30601,-0.424589,-0.336747,0.46603,0.0111115,0.715375,0.289575,0.331152,0.164984,-0.055192,-0.379283,0.182438,0.222125,0.261059
-10.9704,2.53122,-0.50953,-0.567465,-0.764827,0.0427917,-0.52193,-0.142011,-0.105494,0.489783,0.111794,0.97246,0.273235,0.433245,0.294799,-0.026356,-0.467249,0.0823551,-0.0162779,0.192318
-10.592,2.968,-0.295228,-0.491434,-0.6506,0.274865,-0.625264,-0.384237,-0.316651,0.660394,0.160668,0.868815,0.163072,0.0687454,-0.234001,-0.204173,-0.413197,-0.381588,-0.569194,-0.117398
-11.4093,2.85777,-0.42217,-0.64608,-0.7385,0.0697234,-0.57489,-0.145502,-0.546519,0.413833,0.172392,0.993273,0.152233,0.255437,-0.058646,0.0702585,-0.325338,-0.135383,-0.490595,0.0654402
-11.4769,2.93154,-0.614133,-0.560017,-0.939616,-0.0663434,-0.771751,-0.119809,-0.730401,0.365931,0.36461,1.00869,0.188401,0.228734,0.0412199,0.123946,-0.126828,-0.170092,-0.438406,0.163925
-11.7417,3.07305,-0.797655,-0.511224,-0.831649,-0.324641,-0.672775,-0.299959,-0.590454,0.395521,0.286506,0.823973,0.00209155,0.226563,-0.0025722,-0.0738432,-0.244557,-0.18844,-0.628623,0.0456217
-11.689,2.74779,-0.744856,-0.44472,-0.926022,-0.36349,-0.374044,-0.310344,-0.297425,0.415853,0.286996,1.03273,0.250516,0.0928229,0.226023,-0.051735,-0.363421,-0.306632,-0.355292,0.0535514
-12.1211,3.13349,-0.856062,-0.225688,-0.902198,-0.307976,-0.479535,-0.33283,-0.479356,0.428508,0.0982401,0.872517,0.463242,-0.0969553,0.235638,0.0599481,-0.317714,-0.296811,-0.560699,0.171922
-11.851,2.89766,-1.03932,-0.310744,-0.546274,-0.282301,-0.306112,-0.356292,-0.469846,0.39757,0.304503,0.764682,0.37643,0.396038,0.14037,0.0523694,-0.326343,-0.31732,-0.553861,-0.0177628
-11.9652,2.91558,-1.01867,-0.175792,-0.730324,-0.183669,-0.470924,-0.589914,-0.46591,0.319114,0.00887815,0.666165,0.379977,0.317284,0.0742825,0.010119,-0.337639,-0.336682,-0.518776,0.0160351
-11.7521,2.72556,-0.785055,-0.490972,-0.874683,-0.12993,-0.152749,-0.36794,-0.466306,0.329157,-0.0474754,0.704381,0.523977,0.202742,0.209119,0.0149574,-0.302508,-0.465982,-0.68344,-0.133273
-11.565,2.30885,-0.717262,-0.00664833,-0.764543,0.0127087,-0.381666,-0.345901,-0.395848,0.203886,0.133689,0.586354,0.489363,0.38497,0.109492,0.019723,-0.222403,-0.478396,-0.852153,-0.194491
-10.9276,2.30412,-0.905254,-0.111915,-0.900751,-0.181626,-0.426595,-0.548354,-0.204243,0.205212,0.379648,0.537813,0.0864952,-0.198377,0.0989631,-0.139102,-0.0681831,-0.059511,-0.468898,-0.356777
-11.1194,2.80487,-1.12038,-0.269614,-0.932835,-0.28145,-0.233025,-0.417468,-0.190766,0.290544,0.443055,0.772902,0.248406,-0.0233831,0.0703236,-0.0707124,-0.110552,0.00694989,-0.443543,-0.220882
-11.4852,3.21953,-1.42783,-0.545279,-1.1855,-0.441871,-0.243269,-0.394178,-0.0592749,0.0843611,0.164192,0.859575,0.254897,0.24786,0.100779,-0.167646,-0.172747,0.0610331,-0.376453,-0.128031
-11.6984,3.4425,-1.65444,-0.205993,-1.39388,-0.414578,-0.186991,-0.45734,-0.0160311,0.189644,0.182261,0.622321,0.174773,0.299098,0.116587,-0.154248,-0.348869,-0.102032,-0.190878,-0.0722861
-12.0247,3.32523,-1.45351,-0.388287,-1.2395,-0.189185,-0.199872,-0.477477,-0.149985,0.717762,0.505185,0.576071,0.19052,0.0527261,0.213146,0.0542959,-0.0554984,-0.253227,-0.31915,-0.202435
-11.8419,3.21357,-1.37806,-0.483678,-1.28291,0.0376754,-0.518617,-0.306869,-0.321165,0.528392,0.343917,0.621513,0.206228,-0.0926772,0.0684268,0.00020581,-0.368755,-0.41162,-0.0231959,-0.00933115
-11.3033,3.23635,-1.2914,-0.00113958,-0.706613,-0.099599,-0.6423,0.11698,-0.0370443,0.382329,0.48758,0.640349,0.0165069,-0.153286,0.536593,-0.377433,-0.570651,-0.187202,-0.0576911,-0.311647
-11.7627,3.03927,-1.41343,-0.27643,-1.06104,-0.324723,-0.602677,-0.135469,-0.344588,0.225109,0.821163,0.967627,0.230684,-0.137969,0.400671,-0.000192381,-0.165103,-0.0524566,-0.0701122,-0.145897
-11.7076,3.22119,-1.2032,-0.265071,-1.12198,-0.211488,-0.534896,-0.198754,-0.327411,0.000520512,0.230209,1.10818,0.177896,-0.267373,0.361682,0.0366253,-0.256358,-0.395212,-0.151519,-0.100033
-11.3902,3.03578,-1.46568,-0.251901,-0.948178,-0.321579,-0.617675,-0.222861,-0.349883,-0.139185,0.339009,1.32339,0.303758,-0.0265558,0.212297,0.116003,-0.294471,-0.284913,0.141876,-0.0946676
-11.459,3.01438,-1.64314,-0.155803,-0.98335,-0.247408,-0.531206,-0.180586,-0.101266,-0.142801,0.0107592,1.27674,0.56787,0.062823,0.192161,0.122183,-0.416354,-0.56632,-0.0144549,-0.0598052
-11.3509,2.79861,-1.53816,-0.089208,-0.885853,-0.4327,-0.859468,-0.124642,0.0519781,-0.0700116,0.00340721,1.03211,0.846714,0.0170864,-0.0722351,-0.0267177,-0.378831,-0.646216,-0.207485,0.0951974
-11.6419,2.92923,-1.3048,-0.0495853,-0.526833,-0.365056,-0.857143,-0.264619,0.112826,0.105097,0.0817056,0.965778,0.859771,0.126886,0.0400983,-0.102103,-0.355872,-0.483993,-0.206641,0.151241
-11.6907,2.99231,-1.43986,-0.317071,-0.535612,-0.305733,-0.824516,-0.247571,-0.107525,-0.0354714,-0.114015,0.932072,0.959046,0.297819,-0.0930363,-0.0882752,-0.436046,-0.343418,-0.155013,0.0958274
-11.6331,3.02283,-1.25919,-0.510026,-0.530848,-0.370132,-0.664445,-0.345724,-0.00935582,0.127624,-0.181516,0.790111,0.732925,0.350771,-0.125018,-0.0647008,-0.333193,-0.313677,-0.195578,-0.0928505
-11.8125,2.73266,-1.49862,-0.452035,-0.633878,-0.399979,-0.483472,-0.331605,0.0595817,0.202362,0.0298974,0.920283,0.742842,0.333621,-0.352764,0.0088742,-0.199367,-0.265396,-0.380967,-0.271085
-10.211,2.40951,-1.81471,-0.0968447,-0.971328,-0.409153,-0.714081,-0.217279,-0.136601,0.369034,-0.219422,0.512613,0.106846,0.0630949,-0.21657,-0.152362,-0.210973,-0.175602,-0.127656,-0.271499
-10.5233,2.74128,-1.69498,-0.018201,-1.48384,0.286403,-0.682428,-0.189861,0.155408,0.898566,-0.224595,0.672645,0.112131,0.414411,-0.0952147,-0.0299691,-0.204348,-0.25735,-0.37445,-0.0651253
-11.1659,3.17766,-1.30014,-0.218625,-1.48912,0.0327629,-0.600245,-0.0511867,0.500856,0.784429,0.137933,0.707059,0.0457434,0.116064,-0.0411473,-0.595373,-0.141206,-0.296263,-0.0808672,0.0576792
-11.1111,3.19051,-1.80912,-0.684348,-1.86783,-0.00515373,-0.409662,-0.24775,0.203859,0.689903,0.189206,0.599609,0.0874507,-0.0377464,-0.119442,0.0438063,0.166884,-0.272399,-0.14817,-0.325205
-11.5084,2.15256,-1.99708,-0.351684,-1.39716,0.199767,-0.144815,-0.475698,-0.47623,0.823495,0.306321,0.10244,0.0922991,0.122086,0.214183,0.590688,-0.00826159,-0.67039,0.0236111,-0.175951
-11.7578,2.05004,-1.92516,-0.0629929,-1.19135,0.0777289,-0.324887,-0.466152,-0.408395,0.811891,0.26392,0.167446,0.122103,-0.076205,0.445749,-0.0975536,-0.158657,-0.324878,-0.0171152,-0.0524598
-11.781,2.25263,-1.53291,0.00705882,-1.1708,0.0269745,-0.449269,-0.452407,-0.120191,0.857642,0.309471,0.763401,0.227526,0.0600733,0.148514,-0.245552,-0.128546,-0.410406,-0.277898,-0.377909
-12.217,2.98953,-1.1141,-0.133977,-1.27058,-0.21495,-0.465267,-0.299661,0.0163583,0.613314,0.632303,0.691083,0.343788,0.156401,0.221763,-0.0444199,-0.226703,-0.469327,-0.244604,-0.325837
-12.6123,2.81919,-1.2329,-0.465546,-0.89748,-0.189964,-0.56846,-0.494714,0.0909538,0.439979,0.555259,0.570663,0.343295,-0.0154453,0.175729,-0.0328168,-0.0994234,-0.537287,-0.191318,-0.21382
-12.1512,2.87976,-1.44842,-0.351632,-1.19465,-0.112885,-0.510947,-0.616028,0.25952,0.415062,0.254908,0.798026,0.247009,0.0974719,0.394031,-0.0638629,-0.250176,-0.573768,-0.0870173,-0.105292
-11.7994,2.67973,-1.59575,-0.303009,-0.714638,-0.141408,-0.4203,-0.436444,0.20762,0.755729,0.279847,0.736653,0.375834,0.137347,0.220596,0.107553,-0.214948,-0.320166,-0.222034,0.0874321
-12.3164,2.94964,-1.39948,-0.082888,-0.643534,-0.145733,-0.977093,-0.599537,0.162594,0.884436,0.525861,0.556172,0.395691,0.0656884,0.19163,0.164183,-0.340771,-0.30832,-0.100626,-0.0123759
-11.9803,2.49831,-1.70232,0.0736109,-0.876745,-0.458689,-0.82107,-0.541199,0.219412,0.73098,0.115977,0.746248,0.288656,0.207561,0.196974,-0.14401,-0.290848,-0.249463,-0.253054,-0.192045
-11.5688,2.65896,-1.66238,0.327948,-0.787618,0.174232,-0.392112,-0.505529,0.0734259,0.44307,-0.0518614,0.614901,0.349594,0.339599,0.410324,-0.0625548,-0.167127,-0.244224,-0.188602,-0.372215
-11.6753,2.74242,-1.50375,-0.173892,-0.356292,-0.0640542,-0.391169,-0.62477,0.0841362,0.3261,0.365958,0.410638,0.0250189,0.0443472,0.27302,-0.189187,-0.132748,-0.0649006,-0.428185,-0.144633
-11.6235,2.48292,-1.19448,-0.262951,-0.0988678,-0.323179,-0.266677,-0.756022,0.520403,0.489999,0.34067,0.492368,0.131773,-0.0428921,0.324737,0.138327,-0.0305437,-0.491561,-0.366747,-0.225151
-10.0854,2.49977,-1.52842,-0.180252,-0.656122,-0.390973,-0.0748259,-0.337493,0.229225,0.253342,0.285609,0.402448,0.246674,-0.119547,0.0692819,-0.427905,-0.215392,-0.435917,-0.286926,-0.203106
-10.3586,2.75286,-1.44059,-0.879399,-0.794734,-0.237415,-0.146712,-0.449296,0.644473,0.50482,0.353747,0.598943,0.467829,-0.108292,0.553844,0.0334204,0.212145,-0.456727,-0.111804,0.194377
-10.4785,3.05172,-1.03697,-0.558465,-0.581048,-0.326942,-0.0794445,-0.698692,0.871728,0.670821,0.160652,0.601555,0.391065,-0.39141,0.170975,-0.371141,-0.0388154,-0.357414,-0.238344,0.332892
-10.7513,2.70304,-1.46823,-1.09259,-0.727343,-0.298941,0.114016,-0.702132,0.481445,0.519138,0.316831,0.343136,0.337859,-0.352621,-0.0153767,0.153916,0.341054,-0.259011,-0.267109,0.125603
-11.1875,2.24873,-1.62564,-0.567895,-0.557984,-0.168643,0.133618,-0.709742,0.125653,0.534948,0.144356,-0.00389901,0.301826,-0.256936,0.192764,0.426203,0.237782,-0.639959,-0.424652,-0.0346171
-11.5499,1.91826,-1.56776,-0.255388,-0.559126,0.0295098,-0.251273,-0.60153,0.0682842,0.84163,-0.0671275,0.233885,0.116772,-0.0792825,0.283583,0.121029,0.228905,-0.122186,-0.38107,0.167098
-11.0883,2.4051,-1.3426,-0.412233,-0.68338,0.00848035,-0.377279,-0.685201,0.127735,0.674351,0.129433,0.469504,0.358329,0.118683,0.243392,-0.259672,-0.299116,-0.28633,-0.282098,0.053052
-11.746,2.73487,-1.21807,-0.712867,-0.809472,-0.101669,-0.398897,-0.490113,0.504764,0.793029,0.0742181,0.376543,0.386857,0.216254,0.180913,-0.0248102,0.0297532,-0.0876287,-0.382765,0.0839874
-11.9384,2.78245,-1.03885,-0.700706,-0.546255,-0.0549729,-0.157733,-0.758161,0.380187,0.704133,0.339346,0.561346,0.209541,-0.116783,0.257406,-0.0200024,0.0440556,-0.217259,-0.272866,0.0146063
-11.7388,2.60024,-1.11638,-0.663151,-0.476937,0.00988628,-0.0585353,-0.855012,0.652237,0.629353,0.114562,0.217692,0.193807,-0.0552581,0.32576,-0.0602044,0.0705619,-0.339721,-0.112704,0.32319
-11.3649,2.40716,-1.05781,-0.560181,-0.687353,0.0499373,0.0127191,-0.769537,0.225927,0.49454,0.239698,0.299842,0.0611516,-0.0207674,0.465311,0.179307,-0.27381,-0.540136,-0.105484,0.0481356
-11.5619,2.44723,-0.96203,-0.434201,-0.757898,-0.109193,-0.27163,-0.92304,0.37918,0.348038,0.357638,0.258996,-0.152428,0.0794983,0.377868,0.108884,-0.137421,-0.391885,-0.188655,0.16238
-10.5941,2.70214,-0.973522,0.0545418,-1.06766,0.019542,-0.0720725,-0.571768,0.326178,0.502839,0.151421,0.284692,-0.108071,-0.0562025,0.065333,-0.500243,-0.18498,-0.277992,-0.138492,-0.00594857
-11.3032,2.94719,-1.05344,-0.0168327,-0.960309,0.155439,0.239537,-0.496757,0.09517,0.591248,0.181026,0.339883,0.129991,0.171783,0.152404,-0.24196,-0.117831,-0.131451,-0.134437,0.0277841
-11.4479,3.06167,-0.963325,-0.379707,-1.01638,-0.0981928,0.166904,-0.754192,0.142767,0.571372,0.265427,0.10988,-0.100143,0.0896795,-0.0163706,-0.296656,-0.0953221,-0.0788397,-0.234315,0.0305913
-11.6748,3.05152,-1.01195,-0.32072,-0.937994,0.0799424,0.0362641,-0.459085,-0.0151439,0.508645,0.187633,0.506583,-0.173228,-0.0121582,0.121379,-0.211636,-0.152064,0.00031818,-0.070526,0.0336485
-10.169,2.75571,-1.54075,-0.333779,-1.25688,0.19183,-0.268504,-0.290811,0.130822,0.504017,0.133725,0.153069,0.237328,0.116617,-0.0718574,-0.163645,-0.204068,-0.0119602,-0.0533354,0.198107
-11.0543,3.37233,-1.2337,-0.407833,-0.995983,0.0414054,-0.16365,-0.720777,0.363387,0.516525,0.142075,0.372054,-0.520532,-0.113306,0.175894,0.14868,-0.240732,-0.0954226,0.0384375,-0.00176561
-11.4096,2.88821,-0.952364,-0.441165,-1.17815,0.00395051,-0.00232877,-0.602069,0.149255,0.534123,0.105021,0.608413,-0.32187,-0.36637,-0.124022,-0.201606,-0.0186141,-0.233479,-0.282229,0.145054
-11.4985,3.19725,-1.13322,-0.551022,-1.08123,-0.287151,0.324583,-0.444685,-0.105607,0.628156,0.229233,0.387406,-0.142199,-0.349215,-0.118089,0.228753,0.100516,-0.139953,0.00830698,0.112259
-11.5076,2.7664,-1.29284,-0.480075,-0.968852,0.0424607,0.167513,-0.364573,-0.101257,0.537996,0.338746,0.0742702,-0.0766073,-0.408105,-0.0695881,0.216,-0.0364018,-0.375915,-0.123644,0.0384937
-11.4729,1.96716,-1.14446,-0.364755,-0.985734,0.0711693,0.204058,-0.369395,0.0304106,0.539631,0.217465,0.0358086,0.133533,-0.171778,0.198108,0.0267839,-0.101749,-0.128936,0.187501,0.336156
-11.0378,1.73852,-0.767455,-0.300419,-1.10796,0.125107,-0.694922,-0.528062,0.061956,0.173669,0.613128,0.299811,0.345582,-0.36277,0.436356,-0.00322203,-0.313456,-0.0622522,-0.219442,-0.0697403
-11.1437,2.29545,-0.712163,-0.257254,-0.772197,-0.183116,-0.0538932,-0.478702,0.235566,0.359468,0.579427,0.443919,0.197194,-0.272699,0.408388,0.0847053,-0.113568,-0.00973018,-0.14095,-0.184099
-11.116,2.73369,-0.841401,-0.47047,-0.493327,-0.287953,0.177031,-0.560071,0.149605,0.056943,0.237032,0.506723,0.106299,-0.464538,0.20103,-0.0690856,-0.146601,-0.396776,-0.235114,0.1486
-11.2253,2.85777,-1.0843,-0.598739,-0.348681,-0.365258,0.240321,-0.737911,0.320948,-0.100244,0.41939,0.488496,0.175343,-0.320834,0.324443,0.0607615,0.150617,-0.0770051,-0.328503,0.0950469
-11.477,3.12314,-0.739335,-0.632224,-0.746472,-0.413426,0.144222,-0.626794,0.418285,-0.0808854,0.455937,0.459184,0.340356,-0.439536,0.170841,-0.0820375,0.0679375,-0.0926781,-0.188093,-0.179822
-11.1708,3.15257,-0.906729,-0.367859,-0.770818,-0.0246214,-0.062846,-0.509169,0.194756,0.0921372,0.36212,0.459926,0.0200122,-0.268574,0.0723754,-0.0251193,-0.105569,-0.18698,-0.262529,0.00203439
-10.774,3.24586,-1.28692,-0.0506167,-0.943301,0.130962,0.125529,-0.358227,0.041126,0.185836,0.16472,0.451114,0.167974,0.000296218,-0.063066,-0.349975,-0.0118408,-0.139785,-0.192352,0.0383521
-11.4345,3.40984,-1.33245,-0.37492,-1.28578,-0.0926152,0.321838,-0.582907,-0.157132,0.148787,0.0531937,0.450588,0.0174605,0.0162076,0.222678,-0.153954,-0.286802,-0.0296258,-0.164756,0.0402916
-11.3603,3.298,-1.1014,-0.542854,-1.11855,-0.055774,0.165524,-0.472926,0.134189,0.120893,0.0158564,0.59494,0.084085,0.0461542,-0.00177594,-0.121222,-0.141711,-0.146681,-0.187396,0.00301806
-11.3733,3.05084,-0.888836,-0.718304,-0.893195,-0.38344,0.365153,-0.435154,0.275834,0.098055,0.191652,0.53026,0.0788261,-0.162662,0.123948,-0.255598,-0.0471218,0.042992,-0.205954,0.0578657
-10.0863,2.75488,-1.87404,-0.739233,-1.12051,0.0552699,0.387725,-0.466708,0.482477,0.173747,0.124379,0.106015,0.261678,-0.0658786,-0.132638,-0.267886,-0.298263,-0.0040405,0.145181,-0.00865774
-10.5777,3.33314,-1.18875,-0.631003,-1.20535,-0.385244,0.352987,-0.414937,0.412801,0.111845,0.0810764,0.341473,0.0325092,-0.275428,0.306962,-0.15326,-0.0878028,-0.155207,-0.0461248,0.144592
-10.6452,3.16119,-1.2257,-0.768978,-1.34824,-0.496578,0.462221,-0.72127,0.213896,0.0554678,0.0998259,0.525478,0.149909,-0.168041,0.214904,-0.26131,-0.107337,-0.097944,-0.00705548,0.262511
-10.9257,3.2543,-0.946622,-0.802221,-1.15386,-0.18759,0.816276,-0.773355,0.196656,0.378749,0.283272,0.175417,0.273196,-0.0758212,0.331181,0.191526,-0.0840879,-0.369181,0.0490264,-0.000778961
-11.315,2.82803,-0.89821,-0.83539,-1.26489,-0.322191,0.727166,-0.571132,0.0246654,0.196865,0.0736763,0.105354,0.2184,-0.291019,0.217106,0.0353393,-0.154446,-0.543442,-0.135886,0.161382
-11.3019,2.49969,-1.12761,-0.734292,-1.25069,-0.219871,0.45228,-0.313369,0.152367,0.0805623,0.0198605,0.206873,0.0812542,0.149733,0.518354,-0.00264836,-0.307758,-0.221582,0.0799817,-0.0360644
-11.034,2.37452,-0.793869,-0.679843,-1.34356,-0.120546,0.0456076,-0.0141463,0.414476,0.21959,0.419348,0.199336,0.440558,-0.171538,0.450381,-0.0839793,-0.585498,-0.152173,-0.0630715,0.095251
-11.3027,3.34581,-0.84379,-0.558781,-1.06039,-0.0554717,0.361861,-0.318688,0.23287,0.48475,-0.0592649,0.285067,0.235362,-0.027421,0.509399,-0.0825147,-0.346578,0.0678671,-0.199049,-0.10876
-11.4646,3.33139,-0.949343,-0.874518,-1.08675,-0.155931,0.352772,-0.537644,0.00726742,0.218614,0.0114963,0.550275,0.120662,-0.291045,0.4352,0.113312,-0.384446,-0.254803,-0.099082,-0.0155401
-11.4043,3.32184,-0.873801,-0.857298,-0.934195,-0.341963,0.432029,-0.449757,0.266426,-0.121432,0.187397,0.343985,0.185804,-0.0370228,0.487525,0.334216,-0.374532,-0.0576944,-0.103191,-0.224089
-11.3035,3.31916,-0.728433,-0.902566,-0.990373,-0.685381,0.351579,-0.44002,0.230524,-0.0432849,0.0974183,0.493261,0.187942,-0.271075,0.618822,0.0923643,-0.322293,-0.140756,-0.0553312,-0.1784
-10.7014,2.79065,-0.630962,-0.646998,-1.2847,-0.488534,0.450864,-0.244764,0.0709033,-0.0612756,-0.0738142,0.533009,0.199992,-0.0712882,0.48738,-0.133069,-0.0392245,-0.317757,0.0214355,-0.328074
-10.1309,2.89095,-0.304778,-0.43865,-1.15185,-0.64487,0.123599,0.102152,0.155319,0.00726534,0.259658,0.771575,0.0160114,-0.167212,0.396115,-0.700369,-0.398313,-0.590101,0.252756,-0.178975
-11.0585,2.85448,-0.459644,-0.927785,-1.11299,-0.960691,0.0585718,-0.112722,0.226392,0.0286084,0.324351,0.793648,0.084328,-0.131481,0.555865,-0.236764,-0.392519,-0.418993,0.366333,-0.0577644
-11.0594,2.93918,-0.619279,-0.843207,-1.12926,-0.850793,0.0781036,-0.117783,0.210607,0.148815,0.247425,0.731495,0.151517,-0.268793,0.574776,-0.0559297,-0.229322,-0.36997,0.217044,0.0822789
-11.3892,3.32264,-0.801052,-0.579701,-1.14244,-0.768287,-0.0717626,0.0485904,0.431893,0.359536,0.165227,0.579536,0.337219,-0.129647,0.24038,-0.0425537,-0.190266,-0.217761,0.0348481,0.0526048
-11.0229,3.25917,-1.58183,-0.445831,-1.14773,-0.507987,-0.163864,-0.248129,0.513578,0.707715,0.125985,0.472436,0.194433,-0.0241273,0.196452,-0.101335,-0.0958696,-0.183765,-0.0514946,0.222301
-11.7575,3.591,-0.786875,-0.611336,-1.19106,-0.902884,-0.143694,-0.407267,0.361978,0.414284,0.0435251,0.759605,-0.0787059,-0.069523,0.192172,-0.235904,-0.256916,-0.112239,0.0825857,-0.00474054
-11.7843,3.19595,-0.730739,-0.646516,-1.31127,-1.06884,0.0879778,-0.550715,0.269177,0.0657376,0.286638,0.685331,0.171607,-0.0402594,0.0322304,-0.221089,-0.14822,-0.0370504,0.0449907,0.0692553
-11.5173,3.2071,-0.775252,-0.730131,-1.17542,-0.920224,0.23964,-0.548345,0.145794,0.562349,0.551923,0.247987,0.327139,-0.0373764,0.175498,0.318113,-0.328023,-0.314265,-0.127242,0.211797
-11.8792,2.84262,-0.803581,-0.691198,-1.23304,-0.961494,0.115215,-0.276215,0.210882,0.555078,0.682774,0.212974,0.191235,-0.0592284,0.436203,-0.00670011,-0.347857,-0.419945,0.0801157,0.522367
-11.9887,2.33669,-0.899644,-0.616846,-1.20452,-0.823964,0.137403,-0.440794,0.402678,0.32319,0.483194,0.0372459,0.217342,-0.112766,0.246243,-0.115947,-0.395016,-0.492422,-0.0865287,0.32065
-11.9078,2.67313,-0.754464,-0.773777,-1.43717,-0.585634,-0.182869,-0.212532,0.27321,0.475968,0.572903,0.281652,0.0558946,-0.257475,0.261954,0.209894,-0.545998,-0.19418,-0.0602834,0.164655
-11.433,3.11855,-0.85115,-0.228479,-1.2444,-0.373232,0.0414018,-0.230626,0.383208,0.869137,0.0154796,0.296083,0.0304907,-0.430575,0.622855,0.303289,-0.655941,-0.360648,-0.313629,0.0677995
-11.6719,2.90483,-0.909444,-0.210977,-1.16695,-0.716679,-0.104212,-0.442976,0.297629,0.491509,0.0803689,0.614487,0.11108,-0.541535,0.661671,0.240247,-0.652132,-0.0719922,-0.00852534,0.149011
-11.6745,3.1012,-0.854351,-0.302599,-1.47456,-0.909184,-0.149841,-0.238423,0.138488,0.635085,0.115647,0.497701,-0.123791,-0.358224,0.611855,0.45494,-0.596847,-0.395625,-0.138422,0.041659
-11.72,3.1335,-0.806818,-0.0971057,-1.38342,-0.965363,-0.219812,-0.0572573,0.101425,0.410501,0.254886,0.391698,-0.0257722,-0.323954,0.497126,0.469859,-0.34628,-0.195508,-0.0101057,0.0045415
-11.4029,2.76571,-0.755238,0.101513,-1.31878,-0.6818,-0.238513,-0.170143,-0.012479,0.527356,0.271531,0.667712,-0.298405,-0.14335,0.393328,0.161204,-0.204622,-0.198745,0.0569334,-0.0995708
-11.5848,2.85638,-0.64003,0.304319,-1.0519,-0.740597,-0.225132,-0.0988336,0.0290309,0.721309,0.0488043,0.319451,-0.145776,-0.314662,0.403889,-0.150022,-0.431843,-0.349513,0.0487337,0.0313363
-11.87,2.93337,-0.82673,0.24558,-1.23635,-0.837872,-0.323866,-0.104066,0.0429928,0.45299,0.394364,0.47941,-0.159498,-0.501716,0.347795,0.340611,-0.553644,-0.206896,0.089615,-0.122403
-11.8491,3.07023,-0.748402,-0.385586,-1.31807,-0.610018,0.0199251,-0.349273,-0.0522074,0.362126,0.493715,0.628625,-0.24423,-0.368793,0.50025,0.36306,-0.347026,-0.208321,0.151479,-0.0390858
-11.1512,2.68242,-1.21009,-0.419617,-0.815614,-0.818408,-0.00835671,-0.348372,0.372614,0.344375,0.443315,0.542346,0.0282726,-0.0953612,0.334474,0.291997,-0.154819,-0.132658,0.018234,0.126061
-10.9323,2.65385,-1.27206,-0.515017,-0.877713,-0.854705,0.0410253,-0.288631,0.37135,0.237097,0.334715,0.592229,-0.0954694,-0.130888,0.119769,0.0354814,-0.0290382,0.0436301,0.23974,-0.0782065
-11.1881,2.63474,-0.821198,-0.0291254,-0.88259,-1.1877,-0.00986277,-0.278291,0.750838,-0.0123733,0.33455,0.485039,-0.277281,-0.0887022,0.349927,-0.117493,-0.0952058,-0.0844221,0.249421,-0.0670704
-11.3405,2.71177,-0.969073,-0.244534,-0.912229,-0.970902,0.165686,-0.221938,0.339599,-0.0456711,0.519618,0.539004,-0.146685,-0.451251,0.283193,0.0809871,-0.163321,-0.234529,0.158315,-0.0087021
-11.5106,2.64445,-0.878584,-0.242006,-0.855418,-1.16698,0.266857,-0.506056,0.141944,0.0731795,0.7389,0.467644,-0.311863,-0.624679,0.379951,0.402099,-0.367756,-0.468659,0.236075,0.174561
-11.8365,2.58587,-0.988411,-0.401535,-0.78979,-1.27805,0.425841,-0.186578,0.101599,0.00962437,0.557561,0.490355,-0.0578929,-0.494451,0.392148,0.205342,-0.247557,-0.386042,0.301436,0.271382
-11.6895,2.46611,-1.14361,-0.452828,-0.594348,-0.918277,-0.0730191,-0.357123,0.216248,0.00420839,0.752353,0.488913,-0.152222,-0.636705,0.187674,0.10332,-0.364682,-0.285476,0.256755,0.13063
-11.6568,2.82613,-1.25604,-0.51247,-0.896258,-0.615265,-0.274404,-0.157862,0.102945,0.274099,0.437863,0.323234,-0.0882056,-0.841408,0.215828,0.434046,-0.398169,-0.437107,0.0776977,0.261031
-11.5805,2.99329,-1.32948,0.0774316,-0.71685,-0.779184,-0.36741,-0.00318912,0.618078,0.360593,-0.0502623,0.582516,0.00969252,-0.450614,0.303461,0.248957,-0.561168,-0.289957,0.0808118,0.0133495
-11.7796,3.03372,-1.08344,0.0357578,-1.02671,-1.00011,-0.370852,-0.0345775,0.507294,0.268062,0.130859,0.607485,-0.0551898,-0.641229,0.245435,0.524724,-0.556166,-0.255322,0.141932,0.12661
-11.6893,3.01631,-0.807534,0.0283428,-0.920063,-1.30455,-0.193437,0.0285801,0.492241,0.201039,0.205586,0.484115,0.0248371,-0.611593,0.414152,0.377941,-0.422966,-0.378157,0.155924,0.09279
-11.6106,2.85299,-0.802562,-0.0347272,-1.09565,-1.45334,-0.0458995,0.0922563,0.328374,0.187361,0.346749,0.386093,-0.0544497,-0.492323,0.446108,0.446754,-0.212319,-0.555154,0.310204,0.307868
-11.0882,2.6267,-0.851272,0.00137647,-0.958135,-1.28899,-0.132931,-0.0964905,0.119703,0.148861,0.183899,0.731692,-0.376128,-0.39271,0.513268,0.160855,-0.223536,-0.565417,0.255826,0.156309
-11.3409,2.79838,-0.902443,-0.155441,-0.753898,-0.856179,0.29348,-0.076924,0.11949,0.159612,0.355927,0.76541,-0.145626,-0.360588,0.514272,0.313108,-0.170302,-0.71905,0.226988,0.209971
-11.7234,2.80134,-0.995362,-0.241881,-0.642416,-1.13196,0.157527,-0.437735,0.304308,-0.207626,0.535254,0.599932,-0.276321,-0.568533,0.70626,0.598165,-0.292434,-0.677637,0.294527,0.181921
-11.767,2.56542,-0.884399,-0.236181,-0.453978,-1.00131,-0.155751,-0.304836,0.417189,0.00778297,0.307557,0.497173,-0.0225968,-0.467722,0.497355,0.163403,-0.355989,-0.43173,0.181016,0.109326
-11.2065,2.55563,-1.31364,-0.259036,-0.389824,-0.814115,-0.103678,-0.334374,0.627178,0.0861682,0.239313,0.509626,0.0948474,-0.189188,0.329723,0.0590842,-0.157142,-0.124553,0.324235,0.131592
-11.5637,2.51717,-1.12567,-0.383473,-0.369431,-1.01978,-0.298524,-0.275696,0.361961,0.0209415,0.165481,0.741693,0.0257845,-0.433645,0.195385,0.0315277,0.0689297,0.0497666,0.16393,0.295097
-11.8228,2.79495,-0.774725,-0.0818096,-0.631159,-1.0046,-0.356022,-0.224701,0.457199,0.146603,0.221858,0.79054,-0.252297,-0.25919,-0.0288309,-0.0580683,0.23255,-0.21979,0.016332,0.564513
-11.9464,2.78039,-1.08593,-0.112721,-0.731244,-0.970124,-0.157897,-0.40143,0.294047,-0.14913,0.423149,0.836388,0.0302482,-0.523594,0.0778119,0.374965,-0.131956,-0.334345,0.0798504,0.403736
-11.903,2.69185,-1.25439,-0.0638186,-0.505954,-0.997222,-0.53094,-0.274647,0.169094,0.0956374,0.431553,0.710757,-0.126203,-0.728725,0.24536,0.524376,-0.576835,-0.546225,0.188006,0.398503
-11.7985,2.4717,-1.33188,-0.217472,-0.12331,-1.14141,-0.288186,-0.182907,0.522864,0.153254,0.253623,0.791835,0.014644,-0.561339,0.35735,0.336962,-0.158675,-0.432723,0.210042,0.316374
-10.6406,1.61823,-1.635,0.0659238,-0.795787,-0.310899,-0.384157,-0.246162,0.422999,0.279615,0.22596,0.735559,0.214686,-0.788884,0.370915,0.397943,-0.365845,-0.357447,0.132151,0.322299
-10.3255,1.98587,-0.977548,0.262095,-0.33262,-0.400337,-0.458161,-0.231827,0.508351,0.537207,0.460683,0.636427,0.207362,-1.18466,0.292408,0.166684,-0.595609,-0.91411,0.163405,0.0853653
-11.3673,2.30009,-1.20559,-0.233077,-0.207938,-0.810524,-0.425542,-0.417986,1.00459,0.409204,0.0754196,0.640455,0.442438,-0.794417,0.306668,0.557095,-0.393124,-0.791946,0.35802,0.245188
-11.424,2.34174,-1.40158,-0.48559,-0.373671,-1.11821,-0.456214,-0.277627,1.03237,0.142906,0.219993,0.498724,0.614124,-0.449054,0.188879,0.774028,-0.458827,-0.748747,0.299216,0.408022
-11.4227,2.59686,-1.42228,-0.312551,-0.365564,-1.16796,-0.424199,-0.114548,0.861014,0.526014,0.204337,0.809582,0.491092,-0.429048,0.223162,0.636938,-0.235795,-0.792595,0.251867,0.432437
-11.6048,2.67303,-1.5045,-0.00152891,-0.385625,-1.12218,-0.595127,-0.00087501,0.583826,0.450819,0.238278,0.804946,0.409001,-0.492206,0.132239,0.646118,-0.307058,-0.594109,0.235225,0.47889
-11.1339,2.47725,-1.31996,0.104405,-0.334203,-0.92285,-0.789487,-0.228625,0.424592,0.28518,0.0911849,1.02024,-0.00867799,-0.455606,0.157699,0.671412,-0.185844,-0.889919,0.216999,0.427634
-11.408,2.27419,-1.69719,-0.350759,-0.273395,-0.959216,-0.711937,0.0338236,0.549926,0.0584085,0.169261,0.984842,0.119315,-0.609206,0.393835,0.789805,0.102843,-0.542978,0.0684604,0.314375
-11.6852,2.45437,-1.83822,-0.301913,-0.268213,-1.09645,-0.794802,-0.263841,0.683244,0.0131632,-0.137868,0.973656,0.395599,-0.656451,-0.0605504,0.662533,-0.217869,-0.452741,0.255466,0.185449
-11.5477,2.62065,-1.86186,-0.383588,-0.153778,-1.10879,-0.714417,-0.137455,0.915155,0.103578,-0.0686976,0.708489,0.352376,-0.622137,0.0228354,0.618601,-0.0398365,-0.421513,0.0531334,0.101197
-11.1213,2.31474,-2.04867,-0.447227,-0.320162,-0.865937,-0.465655,-0.29438,1.12827,0.0190935,-0.315579,0.47076,0.307274,-0.330852,-0.258223,0.199986,0.0487063,-0.289292,0.130198,0.271483
-11.3331,2.12966,-1.94342,0.225252,-0.335017,-1.04588,-0.715059,0.0243914,0.631259,0.246138,-0.370052,0.608641,0.632626,-0.162353,-0.414665,0.53054,-0.134062,-0.295843,0.0201707,0.0693567
-10.9704,2.3854,-1.86962,0.0384227,-0.513678,-0.905552,-0.489283,0.163598,1.09959,0.48942,-0.0190496,0.772422,0.48224,-0.344724,-0.159712,0.605379,-0.301654,-0.582594,-0.304163,-0.0306948
-11.1705,2.366,-2.20058,-0.320205,-0.465321,-0.998587,-0.291266,0.239294,0.847958,0.348727,-0.0963379,0.762244,0.449579,-0.405965,-0.352687,0.430032,-0.159475,-0.591654,-0.380335,0.149251
-11.4421,2.11258,-2.09408,-0.130604,-0.23764,-0.895257,-0.562259,0.0384623,0.78857,0.564552,0.173178,0.744863,0.391173,-0.316889,-0.352142,0.658808,-0.451779,-0.87482,-0.345121,0.353069
-11.5353,2.36723,-2.10592,-0.29321,-0.228528,-0.501507,-0.908856,0.0927011,0.970367,0.433344,-0.0953953,0.75027,0.460241,-0.535694,-0.116247,0.355213,-0.449609,-0.677471,-0.151599,0.362877
-10.6374,2.19965,-2.47974,0.1727,-0.699717,0.0021804,-0.982629,-0.257854,0.696153,0.414099,-0.110165,0.589449,0.390817,-0.759383,0.00415136,-0.029609,-0.22454,-0.536768,-0.244155,0.158637
-11.0236,2.79523,-1.62771,0.142217,-0.0411353,-0.137273,-1.18888,-0.0789341,1.27371,0.786359,-0.269222,0.510267,0.420317,-0.677934,-0.104938,0.108642,-0.669327,-0.89443,0.0501517,0.083968
-11.9687,2.49729,-1.83835,-0.0683895,-0.0215836,-0.435042,-1.33114,-0.608629,1.2933,0.868149,-0.304523,0.598776,0.413315,-0.40804,-0.116249,0.461263,-0.617198,-0.679268,0.0914547,0.318303
-11.9217,2.49907,-1.80058,-0.33997,0.0615963,-0.542783,-1.39351,-0.349827,1.16004,0.631485,-0.486209,0.566283,0.305272,-0.36814,-0.122552,0.310547,-0.616773,-0.709799,0.283921,0.377728
-11.9058,2.45848,-1.67658,-0.469333,0.0725412,-1.07086,-1.21955,-0.646483,1.16003,0.623174,-0.311387,0.372629,0.398679,-0.487952,0.198198,0.381223,-0.496512,-0.433351,0.0565419,0.289395
-11.6287,2.29158,-1.71144,-0.102258,0.184178,-0.802364,-0.980541,-0.552751,0.99919,0.572751,-0.030185,0.647209,0.23049,-0.425544,-0.0132829,0.164969,-0.170959,-0.469447,0.0423119,0.316198
-11.143,1.93388,-1.42593,0.0577404,-0.0371563,-1.05543,-0.982123,-0.578528,0.917701,0.334136,0.0705005,0.329562,0.0879766,0.151279,-0.135012,-0.0359462,0.126745,-0.626545,-0.154081,0.103892
-11.7079,1.90147,-1.1643,0.148729,0.314021,-0.831532,-0.724094,-0.184409,0.982019,0.259671,0.0990487,0.260267,0.163455,-0.187383,-0.127008,0.0773559,0.204135,-0.484425,0.103385,-0.144048
-12.1725,1.92635,-1.31275,-0.0356953,0.438965,-0.959361,-0.713939,-0.637369,0.837579,0.422128,-0.0114544,0.564417,0.0894868,-0.472615,-0.0300157,0.00249488,0.103521,-0.482223,0.211698,0.059986
-12.2767,1.97923,-1.3456,-0.152531,0.531129,-0.906221,-0.672685,-0.753584,0.885435,0.309802,0.246039,0.355884,0.247605,-0.567638,-0.411661,-0.268029,-0.19746,-0.571817,0.201226,0.0370854
-11.7081,2.16006,-1.9868,-0.305341,0.0724296,-0.556996,-0.146929,-0.632458,1.19343,0.00420491,-0.0476226,0.146897,0.382919,-0.632669,-0.186927,-0.371359,-0.280759,-0.366353,0.140957,0.117866
-11.7955,2.37099,-1.7083,0.265176,-0.0818533,-0.911883,-0.532019,-0.456768,0.889886,0.549953,-0.263966,0.0961378,0.219538,-0.258618,-0.244053,-0.150175,-0.157175,-0.351598,-0.32605,-0.109437
-11.8646,2.91593,-1.66707,0.244817,0.0473689,-0.564124,-0.859967,-0.396178,0.909765,0.671727,-0.062789,0.490285,0.240307,-0.347166,-0.494912,-0.180803,-0.201319,-0.352682,-0.050718,0.0487362
-11.7927,2.41636,-1.81956,0.144247,0.0670829,-0.434254,-0.78909,-0.495349,0.807934,0.720991,-0.0804339,0.223985,0.148491,-0.391653,-0.330525,-0.00769078,-0.181047,-0.442874,-0.159201,0.176174
-11.7361,2.56093,-1.97094,-0.198663,0.152128,-0.692951,-1.13662,-0.704024,0.966534,1.02879,-0.0665162,0.103374,0.140548,-0.512701,-0.0979473,0.24285,-0.281825,-0.507744,0.0180813,0.285072
-11.5561,2.25377,-1.98546,-0.442294,0.219794,-0.627861,-1.09099,-0.625209,0.961768,0.698483,-0.111615,-0.0175401,0.324776,-0.414292,-0.221013,-0.234177,-0.284219,-0.323323,0.353461,0.389061
-10.699,2.15045,-2.06917,-0.0857884,-0.203573,-0.416826,-0.904032,-0.922858,0.638982,0.781992,0.0974678,-0.0334064,0.255503,-0.894178,-0.158735,-0.177763,-0.25041,-0.257283,-0.178253,0.104842
-11.0154,2.51527,-1.79075,0.00656632,0.128376,-0.397807,-0.585786,-0.581825,0.858964,0.883766,0.159464,0.218624,0.245551,-0.308986,-0.109907,-0.204309,-0.223748,-0.553679,0.120657,0.233404
-11.5955,2.16769,-1.89669,-0.195987,0.0677015,-0.656207,-0.767834,-0.806785,0.803663,0.627517,0.0774801,0.283958,0.438904,-0.21319,-0.133178,-0.0953492,0.161034,-0.262538,-0.00433527,0.415293
-11.7554,2.1749,-1.81084,-0.195491,0.37606,-0.63611,-0.650868,-0.914676,0.923178,0.465302,0.0848992,0.143918,0.583161,-0.207386,0.00881713,-0.042991,-0.180648,-0.551862,0.105461,0.389351
-11.6813,2.33007,-1.9408,-0.442459,0.389371,-0.521552,-0.595366,-0.881635,0.81563,0.386245,0.00793789,0.264665,0.527648,-0.263706,-0.0221122,0.242819,-0.142271,-0.355901,0.306194,0.282977
-11.3896,2.21301,-1.82743,-0.327228,0.363867,-0.67594,-0.508081,-0.877641,0.758811,0.520155,-0.127361,0.183309,0.326607,-0.355315,0.202548,0.00558386,-0.120423,-0.305042,0.0810768,0.47598
-11.3604,2.0175,-1.96047,0.0682616,0.357439,-0.508606,-0.920934,-0.382256,0.567416,0.175147,-0.0694172,0.264038,0.355939,0.059539,-0.00693438,-0.013185,-0.0452131,-0.34074,-0.0658866,0.335026
-11.6549,2.15963,-1.97142,0.0568684,0.597772,-0.405185,-0.935805,-0.266404,0.61437,0.666704,0.0463642,0.195006,0.166806,0.00923753,0.250603,0.318235,-0.0781112,-0.234914,-0.143786,0.109858
-11.6212,2.38053,-2.10114,-0.105166,0.279526,-0.0620959,-0.840028,-0.534073,0.534781,0.781284,-0.015069,0.363185,0.182947,-0.0196512,0.0160259,0.258335,-0.151645,-0.171335,-0.185276,0.254882
-12.0206,2.60669,-2.14274,-0.0944761,0.327115,0.00289696,-0.867269,-0.528235,0.439046,0.86282,0.10494,0.380861,-0.0489678,-0.0507584,0.0174996,0.321527,-0.0612679,-0.307595,-0.329731,0.129946
-11.7738,2.8467,-2.64685,-0.226595,-0.13699,0.182382,-0.694229,-0.205102,0.728525,0.583863,-0.146022,0.457679,-0.00422343,-0.0626877,0.0269782,0.161366,-0.165241,-0.283453,-0.0284759,0.114037
-11.5796,2.66024,-2.42605,0.0810701,-0.344606,-0.159966,-0.873145,-0.352862,0.503822,0.821406,-4.29231e-06,0.173676,0.0148675,-0.33437,0.250667,0.43726,0.0491,-0.583719,-0.353765,-0.135384
-7.37178,4.11897,-1.05992,1.0085,-0.424335,0.507479,-0.291153,-0.0605592,0.111692,0.514997,-0.0795635,0.136457,-0.222389,-0.281936,-0.177896,-0.00262047,0.0253233,-0.166819,-0.168744,-0.166195
-9.84078,3.12242,-1.19256,0.77371,0.663792,1.02429,-0.779,-0.245974,0.328786,1.29662,0.77788,0.654331,0.238913,-0.231782,0.166054,0.322408,-0.120355,-0.41546,0.204599,-0.196675
-11.6921,2.66687,-2.39707,0.229068,0.410391,0.465263,-0.819202,-0.0891367,0.375608,1.40929,0.48455,0.763917,0.0403428,-0.17205,-0.212368,0.137377,-0.132673,-0.658326,0.196093,0.149244
-11.8226,2.00415,-2.7751,-0.433954,0.323092,0.521094,-0.808479,-0.0205627,0.19082,1.20259,0.412173,0.967393,0.416691,-0.162474,-0.385927,0.112868,-0.383533,-0.60849,0.113134,-0.0605942
-11.3918,1.95131,-2.20439,-0.299065,-0.209946,0.30731,-1.13167,-0.320233,0.177407,1.11416,0.300838,0.761287,0.134671,-0.264089,-0.302464,0.294224,-0.220662,-0.410989,0.106723,-0.0287688
-11.4105,1.94452,-2.24648,-0.215637,-0.0301169,0.41343,-0.833892,-0.344879,0.0203421,0.645631,0.421,0.687758,0.283369,-0.239141,-0.37608,0.0554773,-0.419415,-0.328286,0.112311,-0.117305
-11.4865,1.88756,-2.2176,-0.362461,0.0983148,0.471068,-1.01875,-0.457561,-0.0915006,0.694684,-0.01424,0.720799,0.231468,-0.373309,-0.467021,0.0859384,-0.434039,-0.264712,0.0253093,-0.231474
-11.6943,1.993,-2.00647,-0.467886,0.36511,0.613551,-1.04597,-0.316716,0.0796787,0.338532,0.478041,0.696113,-0.30188,-0.389978,-0.341457,-0.00206089,-0.271882,-0.213857,-0.110033,-0.210306
-11.5136,2.06432,-2.14306,-0.547766,0.173948,0.425962,-1.08085,-0.211822,0.0452153,0.279497,0.343892,0.554957,-0.329416,-0.202913,-0.484319,-0.102645,-0.0537708,-0.16418,0.0665289,-0.24505
-11.4668,1.69981,-1.98581,-0.294693,0.0579568,0.3363,-0.730011,-0.238004,0.0171839,0.655239,0.469394,0.691433,-0.309991,0.146556,-0.358119,-0.140405,-0.265888,0.0906498,0.184344,-0.0224355
-11.5294,1.99419,-2.13473,-0.241179,0.16995,-0.102623,-0.557047,-0.336899,-0.322222,0.546224,0.379268,0.560732,0.0628709,0.193264,-0.613742,-0.158095,-0.241195,0.0704386,0.171841,0.328507
-10.8724,2.01978,-2.22849,-0.0480811,-0.360386,-0.00705485,-0.330287,-0.371998,0.0159802,0.8054,0.211061,0.580904,-0.134163,0.265637,-0.420976,-0.0476275,0.0461121,0.0423757,-0.105948,0.493782
-11.1321,2.49565,-2.20494,0.183661,-0.217525,0.144282,-0.319202,-0.124714,-0.128358,0.588736,0.0393756,0.525769,-0.110472,0.100349,-0.61163,-0.157653,-0.0989616,-0.0709491,-0.357378,0.441044
-10.9748,2.13634,-2.21139,-0.225914,-0.439694,0.173357,-0.307279,-0.354591,-0.191533,0.552066,0.0621952,0.438365,-0.109309,0.0111034,-0.311153,0.0612404,-0.116102,0.0921623,-0.190189,0.290663
-10.9238,1.90216,-1.85784,-0.441768,-0.381817,0.283067,-0.321727,-0.235633,-0.100821,0.448885,0.0240281,0.637718,-0.279192,-0.134624,-0.191122,-0.00500368,-0.11599,0.0589417,-0.0919683,0.355187
-10.5697,2.33456,-1.52064,-0.668798,-0.433232,0.116926,-0.419155,0.118807,0.115318,0.218239,-0.189891,0.720279,0.126651,0.0433812,-0.0943134,-0.0336225,-0.0714764,0.0241958,-0.206315,0.429129
-9.95642,2.50668,-1.76912,-0.536258,-0.535641,0.394006,-0.426673,-0.150554,-0.482068,0.349321,-0.345415,0.795548,0.176611,-0.0329538,0.0395477,-0.248268,-0.472462,-0.0845055,-0.183009,0.201659
-10.1115,2.7074,-1.715,-0.548069,-0.193895,0.707513,-0.454904,0.0401016,-0.173278,0.335159,0.28938,0.713209,0.424933,0.191725,-0.0326385,-0.447554,-0.706645,-0.6941,-0.108344,0.404324
-10.9424,2.30118,-2.33348,-1.26639,-0.563496,0.507493,-0.562769,0.103389,0.190771,0.353659,0.152801,0.660611,0.280208,0.179844,0.279151,-0.248074,-0.611382,-0.407583,0.154325,0.524607
-11.0293,2.33941,-2.57885,-0.92449,-0.727006,0.481916,0.137105,0.0510943,0.226368,0.576269,-0.159562,0.733182,0.354874,-0.140798,-0.0796771,-0.233263,-0.635691,-0.38424,0.0713281,0.46556
-10.8777,2.61946,-2.63809,-0.689566,-0.744986,0.539862,-0.104683,-0.189991,0.257678,0.628924,-0.0883854,0.380676,0.409261,-0.273044,0.0496588,-0.0781901,-0.558008,-0.435496,-0.032934,0.428969
-10.4526,2.76207,-2.25264,-0.310428,-0.959906,0.310417,-0.0243791,-0.185394,0.166907,0.335778,-0.225505,0.486108,0.0785006,-0.335156,-0.113609,-0.325742,-0.308109,-0.568918,-0.102678,0.2967
-10.8422,2.92341,-2.41869,-0.459969,-0.792661,0.206142,-0.237118,-0.13184,0.230539,0.431752,-0.227301,0.197325,0.0352101,-0.216571,-0.0619306,-0.248738,-0.216729,-0.76399,-0.323322,0.289614
-10.9604,2.4951,-2.51048,-0.48912,-0.834053,0.295991,-0.0319077,0.0587354,0.144349,0.714106,-0.176868,0.0991624,-0.109868,-0.452684,-0.346272,0.146975,0.0865245,-0.625734,-0.115507,0.340601
-10.9802,2.77275,-2.32772,-0.623683,-0.751466,0.260891,0.0790504,0.198907,0.34894,0.729363,-0.246066,0.142229,0.0628266,-0.322609,-0.360624,0.0199226,0.0260678,-0.569951,-0.0265779,0.281404
-10.8271,2.8967,-2.26667,-0.795155,-1.23173,-0.0589857,0.0910449,0.125416,0.178038,0.450091,-0.218614,0.228277,-0.139138,-0.35833,-0.123572,0.0393742,-0.0137249,-0.368989,-0.102977,0.128222
-11.0288,2.93552,-1.98869,-0.480958,-1.21924,-0.213482,0.218189,0.0393249,0.221744,0.399882,-0.449778,0.462543,0.0468581,-0.33074,-0.0222504,-0.130268,-0.0460345,-0.326558,-0.253402,-0.0402567
-9.93676,2.61976,-2.08411,-0.185989,-1.15553,-0.123858,-0.214042,-0.00801072,0.0939857,0.676857,-0.336453,0.33563,-0.150683,0.29,-0.14523,-0.116612,0.366499,-0.463099,-0.422944,-0.172226
-11.1203,3.36683,-1.85898,-0.380034,-1.05015,-0.0753364,0.0777765,0.0433748,0.115329,0.450798,-0.501654,0.208154,0.10198,0.0114219,0.0806023,0.184294,0.276163,-0.311555,-0.375404,-0.239701
-11.3039,3.13622,-1.93275,-0.540919,-0.919879,0.12591,-0.113828,0.00100845,0.284175,0.488868,-0.378575,0.268859,0.168133,-0.156354,0.0511477,0.0878222,0.232942,-0.391753,-0.296203,-0.104626
-11.4704,2.79812,-2.17253,-0.64337,-1.30098,0.320257,-0.156282,0.382301,0.113923,0.121871,-0.389923,0.0373854,0.43309,-0.340205,-0.00495241,0.16803,0.0606145,-0.17102,-0.137057,-0.0782662
-10.6028,3.40688,-1.43006,-0.374961,-1.53437,-0.0933086,-0.569516,-0.0847823,-0.100467,0.277223,-0.0919592,0.323497,0.521173,0.137416,0.0296029,-0.0955594,0.128367,-0.264906,-0.0872592,-0.246659
-10.4342,3.03727,-1.65352,-0.656183,-1.53831,-0.268309,-0.539865,-0.140612,-0.214361,0.415917,-0.075602,0.340209,0.31154,-0.182435,-0.149642,-0.0423263,0.172034,-0.34043,-0.150899,-0.117881
-10.4401,2.59253,-1.95659,-0.472165,-1.12384,0.224003,0.132666,0.13934,-0.118128,0.959553,0.356169,0.309912,-0.116231,-0.263814,0.0825293,-0.292105,0.508906,-0.424182,-0.264695,0.11134
-10.4573,2.74583,-2.40011,-0.416934,-1.30385,0.23989,-0.0326747,-0.0613142,-0.0614874,0.515402,0.626313,0.54513,-0.164604,-0.370955,0.119449,-0.399656,0.39463,-0.472058,-0.294636,0.100538
-10.5897,3.00668,-2.52882,-0.22893,-0.838065,-0.28662,-0.38983,-0.12164,-0.298157,0.128525,0.35128,0.70054,-0.106653,-0.021776,0.193693,-0.530732,-0.389341,-0.525361,-0.311646,-0.00759597
-10.618,1.95283,-2.19547,0.107454,-1.39369,0.105856,-0.300149,0.422908,-0.0190891,0.292672,0.132189,0.533225,-0.194751,-0.118688,0.260399,-0.349675,-0.293793,-0.244894,0.012676,-0.225632
-10.6931,2.60102,-1.94222,0.222847,-1.09777,-0.124751,-0.258299,0.418645,-0.00617792,0.295978,0.326828,0.435452,-0.404018,-0.188654,0.103241,-0.612843,-0.395132,-0.353467,0.199525,-0.188438
-11.2393,2.62756,-1.93795,0.0726584,-1.02168,-0.403034,-0.423564,0.108555,0.0962846,0.0177231,0.26746,0.226079,-0.281776,-0.160378,0.135326,-0.40985,-0.584439,-0.227471,0.131684,0.068187
-11.5633,2.4896,-1.81309,-0.417712,-0.968687,-0.410569,0.0748061,-0.115472,0.228603,-0.049382,-0.0132437,0.324391,-0.102846,-0.329313,-0.0388713,-0.416367,-0.630202,-0.416679,0.0511825,0.302595
-11.7135,2.85175,-1.39862,-0.594125,-0.774131,-0.715456,0.192324,-0.131637,0.151072,-0.150266,0.137923,0.274079,0.0864665,-0.0427918,0.0952085,-0.594804,-0.557779,-0.283519,0.00728524,-0.0357664
-10.9268,2.07864,-1.4362,-0.232374,-0.766502,-0.710767,0.00902945,-0.049207,0.462852,0.15762,0.162017,0.270735,0.0337064,-0.342381,0.249443,-0.264221,-0.308031,-0.258472,-0.0317652,0.0266758
-10.3174,2.34954,-1.09938,-0.138334,-0.560122,-0.198299,0.561049,0.00493215,0.634927,0.375931,0.160398,0.201387,-0.0958475,-0.703602,0.234484,-0.239734,-0.142723,-0.0906881,-0.0670818,-0.0492762
-10.0368,2.39413,-1.63103,-0.310997,-0.266418,-0.395247,0.625611,0.044408,0.42096,0.156063,0.0820097,0.308746,-0.150695,-0.486139,0.595774,-0.27717,-0.0707591,-0.156929,-0.0730778,0.00923077
-10.9057,2.40546,-1.32525,-0.24794,-0.250147,-0.627006,0.115652,0.0863873,0.667367,0.0080179,-0.00229257,0.318318,0.0235906,-0.650293,0.492908,0.325898,0.134454,0.046064,0.0683363,-0.113058
-11.096,2.65834,-1.56256,-0.284503,-0.544458,-0.597277,0.111599,0.324571,0.883219,0.0678149,-0.0090485,0.620552,-0.0584482,-0.672624,0.408324,0.271806,-0.449715,-0.224115,0.15822,-0.0362643
-11.2296,2.92594,-1.80324,-0.237163,-0.667125,-0.591004,0.268219,0.523339,0.75233,0.0860452,0.143206,0.59706,-0.0440403,-0.930813,0.0541426,0.553725,-0.155864,0.130287,0.0323149,0.029685
-10.8879,3.29647,-1.43243,-0.240736,-0.458325,-0.82989,-0.782466,0.103414,0.547219,0.22072,0.197886,0.771578,0.27054,-0.507993,0.0849159,0.445289,-0.17843,-0.474203,-0.259862,0.00730859
-10.9501,3.1043,-1.80157,-0.459854,-0.299075,-0.748416,-0.236481,-0.0216654,0.49963,0.455862,-0.17535,0.482599,0.0394592,-0.384726,0.156928,0.380864,-0.0965114,-0.411996,0.115556,0.218726
-10.7658,2.70655,-2.06867,-0.505581,-0.0822866,-0.119227,0.171026,0.158633,0.515086,0.462985,0.167313,0.388486,-0.17637,-0.751748,-0.185304,0.233053,0.401628,-0.326923,-0.340309,0.342272
-10.5795,2.94464,-1.65831,-0.431935,-0.370851,-0.290108,-0.345318,-0.0449941,0.672492,0.440533,0.357889,0.217366,0.142333,-0.543311,-0.0517051,0.0268495,0.347479,-0.341147,-0.322658,0.189573
-10.6863,2.70647,-1.56615,-0.196008,-0.434594,-0.201158,-0.509459,0.0191486,0.905736,0.317133,0.172533,0.491602,0.24274,-0.301498,0.124526,0.365559,0.0669762,-0.0393334,-0.18853,-0.161076
-10.4538,2.55024,-1.83397,0.0164031,-0.647354,-0.115954,-0.484577,-0.12901,0.886907,0.280931,-0.191704,0.381926,-0.172467,-0.295707,0.00870025,-0.0823426,0.0766956,-0.00355164,-0.250005,-0.220787
-10.5535,2.80747,-1.91444,-0.222742,-0.480369,-0.112885,-0.209225,0.389799,1.18746,0.427768,0.0252451,0.420203,-0.142601,-0.340126,-0.150189,-0.320554,-0.00985845,0.0736825,-0.018963,-0.0806619
-10.9922,3.1153,-2.11526,-0.564288,-0.231068,-0.489974,-0.237832,-0.0994322,0.809456,0.595412,-0.0819205,0.274739,-0.0323782,-0.456132,-0.0108764,0.00949134,-0.199599,0.146958,0.145574,0.19214
-11.2818,3.24473,-2.23707,-0.428551,-0.22541,-0.448351,-0.107988,0.217207,0.689398,0.615906,-0.0911755,0.133418,-0.149796,-0.393501,-0.000739651,0.0011308,-0.520596,0.087062,0.391903,0.162813
-11.5849,3.02748,-2.20692,-0.553511,-0.153728,-0.217322,-0.195426,-0.171183,0.341895,0.84335,0.39902,0.168408,-0.130461,-0.29316,0.194153,0.318333,-0.283952,-0.0212613,0.280408,0.21369
-11.0931,2.80159,-1.89974,-0.101538,-0.335012,0.199266,-0.0865842,-0.370956,0.376024,0.573589,0.0893365,0.218246,-0.404151,-0.354493,0.212731,-0.026052,-0.0786642,-0.00861705,0.053438,0.183773
-10.6108,2.59965,-2.04635,0.10435,-0.406393,0.0731666,0.0593515,0.245019,0.487476,0.369746,0.149459,0.442681,-0.438466,-0.352914,-0.0284747,-0.116488,-0.110447,0.0251703,-0.126343,-0.359774
-10.6982,2.41606,-2.4291,-0.0220882,-0.576913,0.0186462,0.146661,0.221439,0.4219,0.469814,0.319929,0.478124,-0.328943,-0.471948,0.0309385,-0.131201,0.0117115,-0.0609734,-0.17226,-0.177161
-11.0069,2.85663,-1.9065,-0.337664,-0.463673,-0.108074,-0.0197007,0.0196676,0.24785,0.229528,0.294337,0.426465,-0.603072,-0.656957,0.149249,0.261321,0.015693,-0.0137645,0.172508,-0.271086
-11.1495,2.47081,-1.96611,-0.465176,-0.24585,-0.385003,0.216153,0.19496,0.490622,0.188647,0.439728,0.492424,-0.196626,-0.735098,-0.0815456,0.0825102,0.0271677,0.152089,0.114937,-0.041514
-10.8633,2.46682,-1.99052,-0.603795,-0.365101,-0.069807,0.152258,0.12419,0.461948,0.169767,0.36828,0.597475,-0.0952936,-0.761737,0.14874,-0.145988,-0.0963861,0.286818,0.291622,0.049247
-10.0137,2.56862,-1.1897,-0.655674,-0.840255,-0.6802,-0.381139,0.255858,0.283559,0.0530532,0.493322,0.90145,0.17621,-0.243761,0.118839,-0.431617,-0.232209,-0.108241,0.163109,-0.170889
-9.83223,1.98605,-1.37606,-0.408541,-0.638723,-0.0348975,-0.25066,0.12753,0.36429,0.042026,0.534549,0.733409,-0.019947,-0.548858,0.381997,-0.232863,-0.147929,0.198851,0.176815,0.212496
-9.93004,2.80069,-1.38211,-0.471833,-0.267172,-0.179497,0.267805,-0.113694,0.39893,-0.00122284,0.254021,0.515951,0.0855373,-0.788954,0.439766,-0.305864,0.108415,-0.341684,-0.276141,0.0731759
-10.3513,2.64654,-1.46514,-0.586374,-0.312129,-0.407108,0.0298126,-0.335156,0.432971,-0.158986,0.341123,0.999435,0.0480776,-0.532491,0.345651,-0.439917,-0.15716,-0.118944,-0.0473115,0.0769534
-10.9242,2.47669,-1.62286,-0.406762,-0.190568,-0.184247,0.240402,-0.131764,0.530946,-0.282743,0.0158481,0.812908,0.0672463,-0.421315,0.575368,-0.228036,-0.255082,-0.171806,0.225667,0.146497
-10.877,2.70758,-1.5037,-0.0820797,-0.654751,-0.220697,0.212999,-0.195956,0.572807,0.182486,0.124285,0.750392,-0.112263,-0.594287,0.00635319,-0.343626,-0.344303,-0.37814,-0.0491377,0.0426902
-11.2048,2.98689,-1.3196,-0.231884,-0.747182,-0.56403,0.103018,0.0394691,0.935353,0.254239,-0.236251,0.88331,-0.128652,-0.363683,0.31217,-0.288808,-0.102793,-0.478408,-0.0582816,0.315673
-11.3813,2.97215,-1.62105,-0.463184,-0.607839,-0.454803,-0.199179,-0.0917697,0.998008,0.439492,-0.29972,0.765707,-0.0486455,-0.532684,0.118713,-0.111787,-0.0707983,-0.400828,-0.107908,0.279257
-11.4408,3.13662,-1.48178,-0.755834,-0.568759,-0.61971,-0.369766,0.0298965,0.798165,0.383049,-0.171263,0.562551,0.208905,-0.407988,0.330598,0.0182213,-0.30301,-0.410017,-0.0577033,0.344601
-11.5221,2.62516,-1.37933,-0.643407,-0.438266,-0.483853,-0.252507,-0.122461,0.775169,0.25559,0.0690672,0.297124,0.235907,-0.427982,0.284085,0.206332,-0.30708,-0.493545,-0.372484,-0.0511139
-10.6011,2.68955,-1.3258,-0.14169,-0.777213,-0.509616,0.0654371,-0.161467,0.732006,0.0236259,-0.206243,0.406376,0.181484,-0.47087,0.0414803,0.117179,0.0476746,-0.261244,-0.320318,-0.260109
-10.2449,2.71434,-1.6503,-0.133353,-0.197824,-0.365142,0.37219,-0.492295,0.866061,0.495163,-0.0995664,0.275212,0.148606,-0.396148,-0.00986518,0.151918,0.445006,-0.257886,-0.265708,-0.257823
-9.78342,1.88001,-1.23021,-1.04592,0.233851,-0.301223,0.103834,-0.197927,0.521816,0.818757,-0.421583,0.533604,-0.101576,0.0790388,-0.0689156,0.093439,0.403715,-0.288538,-0.177651,-0.376544
-10.0033,1.7842,-0.829211,-0.721161,-0.0726539,-0.48158,-0.363641,0.429708,0.44114,0.771605,-0.741705,0.422461,0.29963,-0.497885,0.250004,-0.0866231,0.653126,-0.232236,-0.199176,-0.327925
-10.2393,1.53652,-0.950322,-0.848368,-0.12855,0.167447,-0.918049,0.406804,0.437087,0.660073,-0.254073,-0.0448622,0.466333,-0.511664,0.229699,-0.0268178,0.361856,0.109656,-0.0694014,-0.396427
-10.2931,1.91761,-1.28827,-0.872675,-0.488669,0.513622,-1.17609,0.29607,0.250393,0.487702,0.224029,-0.294208,0.63412,-0.334054,0.343096,-0.139813,0.207388,0.222319,0.186771,-0.394854
-9.71433,1.89334,-1.50869,-0.598188,-0.893968,0.248478,-1.35261,0.171191,0.464774,0.612854,0.658126,0.255728,0.188775,-0.096174,0.0261867,-0.025384,-0.266073,-0.328298,-0.00600541,-0.431786
-9.70785,1.97111,-1.64316,-0.410973,-0.674145,0.529178,-0.919863,-0.030008,0.17835,0.607497,0.35061,0.498931,-0.148703,0.0628172,0.110951,-0.137571,-0.371082,0.143415,0.0776921,-0.243675
-9.45212,2.50091,-1.60834,-0.552794,-0.362933,0.453559,-0.575958,0.163319,0.349324,0.454422,0.130229,0.246588,-0.0692348,-0.178896,0.473885,-0.229007,-0.383958,-0.186903,-0.197558,-0.361405
-9.51799,2.54678,-1.68837,-0.697009,-0.418172,0.291537,-0.578401,-0.110429,0.295034,0.486153,0.350041,0.329998,0.216524,-0.0477854,0.204023,-0.210909,-0.286705,-0.12562,-0.0804306,-0.350373
-9.85494,2.41849,-1.79356,-0.490591,-0.232112,0.611551,-0.307867,-0.302537,0.146264,0.313212,0.0718175,0.145394,0.144175,-0.206113,0.237132,-0.279624,-0.277558,0.14461,0.166359,-0.347407
-9.89926,2.42513,-1.65786,-0.432019,-0.470345,0.493701,0.0233776,-0.0583174,0.380614,0.228017,0.331902,0.363014,0.122967,-0.196331,0.179812,-0.640662,-0.375164,-0.162418,0.00544273,-0.221246
-10.0507,2.5142,-1.91421,-0.881181,-0.187746,0.118906,-0.0922573,-0.0554076,0.500968,0.120131,0.17691,0.365353,0.149112,-0.199823,0.335073,-0.361188,-0.31601,-0.227624,0.236718,-0.1802
-9.21564,2.67939,-1.23558,-0.500071,-0.799253,0.179618,-0.06824,-0.0742261,0.311563,-0.034903,-0.136999,0.0236554,-0.146836,-0.442796,0.622167,-0.420529,-0.140612,-0.131444,0.0110363,0.129511
-9.80639,2.43771,-1.91635,-0.402509,-0.4876,0.498147,0.174398,-0.0696654,0.474889,-0.275673,-0.00062644,-0.0641244,0.0358826,-0.304647,0.59498,-0.215034,0.0538532,0.0432488,-0.111254,-0.0160475
-10.4977,2.54166,-1.99241,-0.4259,-0.809237,0.29852,0.0302158,0.274444,0.0787527,-0.433218,-0.474949,0.216136,0.125389,-0.179958,0.566763,-0.343752,0.322909,0.222802,-0.101402,0.0128539
-10.2066,2.91446,-2.10985,-0.607128,-0.653092,0.237446,0.204345,0.037625,0.209694,-0.299399,-0.463458,0.147241,-0.0677185,-0.0460244,0.455599,-0.179193,0.0654096,0.198221,0.00421564,0.154511
-10.1019,2.88423,-2.01272,-0.568149,-0.982528,0.186879,0.272789,-0.0040082,0.186963,-0.287917,-0.443269,0.225205,-0.185182,-0.0367128,0.477801,0.048196,-0.0867243,0.0213511,0.145029,0.0837483
-10.5267,2.70916,-1.95866,-0.684272,-0.724177,0.0888757,0.139818,0.119646,0.438711,-0.258965,-0.666771,0.253841,-0.0591913,-0.126794,0.728806,0.189035,0.163376,0.0744141,-0.00838464,0.0731732
-10.9167,2.63276,-1.70723,-0.911376,-0.735085,-0.281992,0.0734266,-0.218155,0.373017,-0.233235,-0.898847,-0.0201393,-0.0689334,-0.333886,0.729828,0.0696175,0.0215086,-0.101414,0.0559619,0.0351417
-10.934,2.48403,-1.95847,-0.56072,-0.429848,0.0414548,0.0816467,-0.354546,0.619941,-0.281412,-0.342814,0.0508942,-0.0225733,-0.149343,0.591637,0.192858,0.308902,0.0593682,-0.21165,0.247437
-10.9001,2.63602,-1.98329,-0.446387,-0.778486,0.0966584,-0.00901246,-0.438042,0.472887,-0.353616,-0.173354,-0.0887778,0.00425709,-0.123225,0.318095,0.288227,0.212524,0.0781519,-0.570932,0.111201
-10.9176,2.83849,-1.64672,-0.443882,-0.922432,-0.0652102,-0.288782,-0.0938132,0.553537,-0.0371203,-0.0658743,0.475262,-0.0727018,-0.174354,0.348906,0.417328,0.247051,-0.0356091,-0.700084,-0.156915
-11.0406,2.91734,-1.69369,-0.371084,-1.39939,0.114026,-0.214495,-0.467491,0.378911,0.0820466,-0.595737,0.299301,-0.166433,-0.10368,0.184817,0.0148853,0.193926,0.181001,-0.431796,-0.0681581
-10.9007,2.8584,-1.39243,-0.122208,-0.852191,0.221196,-0.0111584,-0.635733,0.378959,0.640766,-0.144492,0.294901,-0.101031,-0.0506129,0.010488,-0.219504,-0.0850171,-0.0689985,-0.475769,0.472924
-11.3263,2.87717,-1.49951,-0.0721215,-0.369851,-0.310482,-0.478624,-0.780283,0.282391,0.65768,-0.0475128,0.344035,-0.228528,-0.275179,-0.0122934,0.0198459,0.226768,0.0147129,-0.522719,0.265624
-11.5453,3.02054,-1.59142,-0.523361,-0.700846,0.0349349,-0.186624,-0.707926,0.453314,0.584891,-0.230459,0.224836,0.0172303,-0.0513903,-0.0724885,-0.0378713,0.160271,0.030757,-0.497699,0.22747
-11.6016,2.8539,-1.67012,-0.492897,-0.832278,0.317641,-0.213925,-0.588099,0.50482,0.490782,-0.0900053,0.256524,-0.249444,-0.0742939,-0.131155,-0.0719191,-0.0658418,0.0118817,0.0419599,0.106925
-11.6317,2.8527,-1.32504,-0.508148,-0.725023,-0.0997038,-0.350071,-0.575817,0.298634,0.349402,-0.00438388,0.215679,-0.333339,-0.187286,0.127325,-0.182021,-0.106798,0.0839384,-0.200825,0.0612907
-11.091,3.14842,-0.994943,-0.243766,-0.787527,0.177144,-0.458118,-0.524455,0.560695,0.552036,-0.408272,0.178175,-0.622977,-0.411929,0.302264,0.0397734,-0.0240708,0.0177962,-0.19225,0.0207858
-11.319,2.77625,-1.16222,-0.661213,-0.408513,0.0364104,-0.167559,-0.651105,0.402222,0.101546,-0.31057,0.0761539,-0.493856,-0.132314,0.592226,0.0450945,0.0798691,-0.0458905,-0.308337,0.0121727
-11.8669,3.12551,-1.50654,-0.957984,-0.143522,-0.390878,-0.11163,-0.599249,0.350323,0.425695,-0.464159,0.0426046,-0.450849,-0.104851,0.937425,-0.185948,0.0447622,0.356964,-0.325387,0.108532
-11.2076,2.68704,-1.27033,-0.840082,-0.426256,-0.252008,0.243522,-0.85557,0.245252,0.432787,-0.196893,-0.0344314,-0.444442,-0.223889,0.465424,0.134985,-0.0873161,0.13624,-0.0479922,0.011415
-10.8507,2.12045,-1.21773,-0.710897,-0.53372,-0.324411,0.0929027,-0.813196,0.524287,0.217552,0.109115,-0.245585,-0.485999,-0.087225,0.530244,0.0849346,0.178322,-0.0477382,-0.048609,0.0379061
-10.627,1.59086,-0.996781,-0.681876,-0.312896,-0.526606,-0.00572794,-0.577246,0.16091,-0.0608093,-0.201094,0.0321181,-0.531321,0.0774594,0.454248,0.132281,-0.233191,0.225992,0.0381936,0.125489
-10.9041,2.3226,-0.528862,-0.748079,0.294773,-0.308369,0.0239758,-0.618993,0.348956,0.454463,-0.482326,0.338225,-0.571921,0.0905524,0.493904,-0.0961334,-0.250073,0.196262,-0.166535,0.0912565
-11.1995,2.3055,-0.803948,-0.75295,0.361321,-0.208977,-0.121205,-0.765612,0.270247,0.253509,-0.32299,0.365436,-0.624483,0.121774,0.355232,0.0202253,-0.120617,0.273501,-0.196061,-0.175419
-10.6912,1.96731,-0.63186,-1.05306,-0.00134976,-0.0667574,-0.420283,0.0427585,-0.484572,0.812899,-0.919689,1.05595,-0.553735,0.156423,0.41822,-0.402731,0.135579,-0.0310258,0.0398739,-0.280225
-10.9296,2.44415,-1.04629,-0.635258,-0.248969,-0.294409,-0.591014,0.382533,-0.744021,0.989256,-0.891519,0.845756,-0.27197,-0.325579,0.712381,-0.407376,0.00401592,0.164061,-0.349625,0.0886589
-10.7128,2.74472,-1.63125,-0.547355,-0.479788,-0.0729527,-0.512432,0.0743255,-0.438029,1.16959,-1.12628,0.961932,-0.510295,0.247389,0.423677,-0.397004,-0.123409,-0.0319925,-0.212197,0.313569
-10.423,2.59695,-0.975208,-0.52466,-0.460073,-0.00301296,-0.478904,0.178472,-0.0276651,0.645643,-0.647322,0.534712,0.128011,0.12868,-0.0211117,-0.412302,-0.145843,0.15335,-0.249043,-0.155707
-10.4401,2.18383,-0.905805,-0.862907,-0.355168,-0.0492235,-0.723641,0.0880413,0.271415,0.512304,-0.590282,0.313608,0.378777,0.0957452,0.158898,-0.297268,-0.214026,0.172733,-0.244237,0.0164896
-10.6862,2.27875,-1.02782,-0.780807,0.000221718,-0.132141,-0.557995,-0.0491022,0.408576,0.501208,-0.680072,0.418027,0.360527,0.102373,0.00883265,-0.360089,-0.255079,-0.0257471,-0.243112,0.101272
-10.8934,2.38402,-1.03595,-0.670965,-0.131047,-0.0109516,-0.772666,-0.274215,0.342916,0.623089,-0.531231,0.321792,0.109721,-0.207077,-0.0351538,-0.181732,0.188028,-0.318379,-0.338069,0.0307645
-10.9413,2.21542,-0.96567,-0.568878,0.104231,-0.622125,-0.19634,-0.298976,0.257691,0.598292,-0.42506,0.318688,0.216003,-0.527889,-0.0444958,0.120999,0.027584,-0.298847,-0.273565,0.242882
-10.6418,2.11461,-0.365807,-1.08517,0.174334,-0.506037,-0.482295,-0.243758,0.483737,0.74356,-1.16593,0.713563,-0.289707,-0.522429,0.387329,-0.0484814,0.131325,-0.362605,-0.244081,0.332181
-10.9735,1.92864,-0.607584,-0.546862,-0.0306917,-0.352694,-0.636684,0.121157,0.408069,0.283772,-0.586687,0.385974,-0.101523,-0.541297,0.670815,0.15383,0.459109,-0.336106,-0.18219,0.135933
-10.9084,2.14452,-0.920353,-1.06835,0.164265,-0.151544,-0.533163,0.253944,0.302475,0.198586,-0.50952,0.212689,0.0480767,-0.429152,0.494246,0.211244,0.0689938,0.0288197,-0.15233,0.0575121
-10.7336,1.93132,-0.912936,-0.581603,-0.163448,-0.108492,-0.843714,0.198996,0.217572,0.537629,-0.346945,0.0525462,-0.196873,-0.513308,0.526942,0.237826,-0.138391,0.0860188,-0.177661,0.168446
-11.0396,1.8553,-0.84909,-0.260179,-0.526491,0.306412,-1.23979,0.346834,0.11354,0.252305,0.00979314,-0.0700538,-0.0373598,-0.670986,0.455503,0.412179,0.0444874,0.361673,-0.524947,0.137551
-11.0221,1.92254,-1.04271,-0.394349,-0.336577,0.105004,-1.07628,0.196099,0.121911,0.174064,0.169704,-0.136926,-0.247232,-0.169926,0.693394,0.307403,-0.0244103,0.279898,-0.332404,0.0706097
-11.1895,2.08803,-0.545697,-0.259196,0.21845,-0.195516,-0.878074,0.172828,0.266603,0.044348,-0.215483,0.254187,-0.139624,-0.473436,0.418868,0.208621,-0.073746,0.190265,-0.518918,0.109372
-10.7026,1.30193,-0.321863,-0.645132,0.226965,-0.4421,-0.525601,0.135594,-0.0944945,0.482074,-0.179483,0.386,-0.387549,-0.218269,0.509393,0.287786,-0.197702,0.0180542,-0.227592,-0.0411377
-10.9359,1.51956,-0.453314,-0.215468,-0.214824,-0.22579,-0.93566,0.219152,-0.0477394,0.221934,0.287839,0.118279,-0.198505,-0.244159,0.601783,0.22259,-0.206582,-0.134763,0.0169035,0.0173295
-11.0971,1.74553,-0.597116,-0.123813,-0.154258,-0.550695,-0.855476,-0.124521,0.345705,0.26749,0.0973418,-0.0838429,-0.157633,-0.255695,0.512347,0.353802,-0.0967126,-0.31309,-0.191854,0.175147
-10.137,1.62328,-0.399089,-0.228999,-0.9097,-0.153475,-0.824539,0.0276197,0.226519,-0.148932,0.105489,0.126578,0.451164,-0.256025,0.17802,-0.000474448,-0.0112937,-0.0623781,-0.0238588,0.12492
-10.023,1.90788,-0.043295,0.429586,-0.588386,0.448124,-0.891299,-0.132082,0.179988,-0.0825782,0.100669,0.118815,0.935885,-0.00129139,0.208768,-0.106812,-0.103451,-0.0909065,-0.377997,-0.113105
-11.1138,2.28678,-0.410422,0.00399962,-0.443141,0.315102,-1.05199,-0.0834349,-0.0798569,0.102614,-0.0644468,0.208606,0.633668,0.374907,0.316404,-0.144252,-0.0133169,-0.0132332,-0.38031,-0.234692
-11.0306,1.99824,-0.694562,0.0383149,-0.802447,0.329167,-1.11437,-0.212255,-0.131874,0.363207,0.00139872,0.311789,0.528052,0.540148,0.499269,0.0845118,0.196791,0.00156793,-0.319035,-0.0516541
-11.5038,2.06239,-0.410972,0.196921,-0.498764,-0.0534717,-1.25192,-0.138747,-0.408951,0.225114,-0.0041889,0.26292,0.19947,0.387815,0.225229,-0.0269411,-0.038527,-0.131873,-0.231679,-0.067591
-10.47,1.52353,-0.255061,-0.45676,-0.421214,-0.172332,-0.896035,-0.409855,0.17846,0.16717,0.0353461,0.374332,0.189975,0.325912,0.204897,0.360702,0.103063,-0.220441,-0.123853,-0.0464407
-10.5308,2.039,-0.579909,-0.226647,-0.589428,0.0100701,-0.898899,-0.411332,0.320986,0.102838,-0.177976,0.191532,0.177955,0.392485,0.581323,0.24539,0.2274,-0.19665,-0.149086,0.104328
-11.008,2.03956,-0.534758,-0.861147,-0.420931,-0.0376365,-0.995167,-0.365894,0.0439313,0.259928,-0.407551,0.134654,0.201747,0.528984,0.468768,0.259541,0.287775,-0.180941,-0.0299896,-0.0168605
-11.3585,2.05269,-0.445277,-0.509251,-0.52404,0.0302859,-1.16405,-0.416168,0.0822192,0.0345516,-0.214587,0.0157857,0.325245,0.261069,0.798435,0.193329,0.108537,-0.241745,-0.158829,-0.0732821
-11.4896,2.3566,-0.856057,-0.308861,-0.291121,-0.453782,-1.04542,-0.484226,0.132961,0.301546,-0.300717,0.0581569,0.32468,0.0964742,0.619184,0.455359,0.320096,0.115803,-0.32781,-0.218926
-11.4126,2.22864,-1.12794,-0.10567,-0.420052,-0.259872,-1.08388,-0.515461,0.135313,0.0969549,-0.27944,0.249495,0.166854,0.293224,0.517873,0.561873,0.388934,0.0150532,-0.352285,-0.156476
-11.1492,2.27125,-0.995434,-0.147817,-0.460585,0.036123,-0.816963,-0.386189,0.0899258,-0.284053,-0.0829779,0.353443,0.0123169,0.141626,0.292287,0.811455,0.107988,-0.434185,-0.15437,-0.0120226
-11.583,2.27503,-0.966514,0.106811,-0.489339,0.226319,-1.16164,-0.297006,-0.154232,-0.00243266,-0.144822,0.23134,-0.0688783,0.284378,0.445811,0.845692,-0.0149578,-0.16164,-0.203802,0.0625915
-11.5931,1.95687,-0.636976,-0.465602,-0.304562,-0.0404763,-1.3072,-0.132233,-0.270062,0.0146753,-0.533004,0.684163,0.0763199,0.18441,0.306222,0.615516,-0.0281949,-0.130459,-0.00982556,-0.243813
-11.4482,2.07981,-0.928334,-0.306122,-0.576473,0.164957,-1.25342,-0.107191,-0.524979,0.0579015,-0.432667,1.08766,0.177799,0.326575,0.243766,0.499503,-0.193926,0.142124,0.306831,0.0179994
-11.639,2.3695,-1.21099,-0.365468,-0.324954,-0.163444,-1.01984,-0.478278,-0.279374,-0.437793,-0.196821,0.976737,0.24921,0.209033,0.420229,0.123275,-0.366671,0.123636,0.234949,0.318288
-11.145,2.45568,-1.08292,0.19629,-0.582528,-0.122644,-0.985468,-0.505411,-0.102498,0.00222193,-0.216496,0.667974,-0.0826444,0.148186,0.180052,0.00486049,-0.084641,-0.106356,0.100226,0.171471
-11.2497,2.42068,-0.600911,0.196111,-0.292815,0.109109,-0.66206,-0.495467,0.194661,-0.328765,0.12596,0.405717,0.102472,0.409813,0.25517,0.196052,-0.465283,-0.427869,-0.105798,-0.22542
-11.6827,2.07555,-0.690194,-0.354117,-0.411157,0.00276707,-0.833309,-0.655553,0.0794117,-0.196957,-0.048091,0.45422,0.203028,0.135872,0.80313,0.392966,-0.489199,-0.216131,-0.137198,-0.0496997
-11.5467,1.82438,-0.196124,-0.396193,-0.428968,-0.012349,-0.579683,-0.467521,-0.0540673,-0.00676634,-0.046419,0.850239,0.127283,0.103195,0.692475,0.443887,-0.214818,-0.216615,-0.127498,-0.152054
-11.7878,1.79209,-0.407202,-0.39192,-0.0772107,-0.308161,-0.875857,-0.43688,0.225054,-0.0999731,0.104149,0.542432,0.249062,-0.0044409,0.630584,0.29479,-0.227275,-0.354391,0.0197232,-0.100141
-10.75,2.06791,-0.799306,0.05304,-0.568918,-0.564766,-0.534612,-0.649699,0.323631,0.0505061,0.257507,0.375281,-0.165653,-0.153658,0.330092,0.249968,-0.0646034,-0.598556,-0.066836,0.0535757
-10.9032,2.13834,-0.536949,0.213072,-0.236543,-0.510675,-0.38274,-0.592779,0.440569,0.218014,0.237884,0.314065,-0.0452881,-0.0330717,0.384303,0.207798,0.132012,-0.710083,-0.138394,0.186186
-11.5372,2.32026,-0.854961,-0.264775,-0.301537,-0.621831,-0.503567,-0.455003,0.406265,0.0735217,0.251262,0.0315807,-0.164747,-0.0121247,0.243924,0.11514,0.130607,-0.508085,-0.240351,0.2623
-11.6775,2.41611,-0.727182,-0.111445,-0.328311,-0.454509,-0.794258,-0.629641,0.311224,0.213185,0.227588,-0.119412,-0.324439,-0.136868,0.394013,0.0316146,0.0297578,-0.488146,-0.478249,0.120205
-11.6419,2.52434,-0.945374,-0.0111346,-0.577176,-0.639895,-0.698598,-0.630132,0.253144,0.507555,-0.0839572,-0.205849,-0.112867,-0.0412265,0.466114,-0.112158,-0.259398,-0.34155,-0.176949,-0.080267
-11.7101,2.56003,-0.820817,0.195963,-0.895323,-0.458123,-0.786887,-0.202389,0.0280043,0.305892,0.141471,0.271442,0.0231161,0.229333,0.462126,-0.0131893,0.131,0.129251,-0.0846678,-0.0754397
-11.489,2.64649,-0.390063,0.0719445,-0.647289,-0.330419,-0.808422,-0.327295,0.176491,0.237388,0.115434,0.328478,-0.22538,0.321366,0.455219,0.155447,0.00133798,-0.282079,-0.280293,0.0469214
-11.7332,2.29293,-0.242729,-0.0992466,-0.523942,-0.49385,-0.875365,-0.486622,0.27769,0.101895,0.142587,0.173693,-0.0478232,0.453785,0.675996,0.266201,-0.271975,-0.165119,0.0806656,-0.00680216
-11.8691,2.47205,-0.162857,-0.508277,-0.499512,-0.316537,-0.748196,-0.51626,0.0782836,0.0405574,0.0971088,0.512784,-0.0112498,0.201609,0.61235,0.199492,-0.0126,-0.0147208,-0.0544215,-0.224399
-11.7655,2.26893,-0.545843,-0.112316,-0.71375,-0.67079,-0.516017,-0.716645,-0.329628,0.199707,0.273955,0.403155,0.142496,0.128215,0.49647,0.305282,0.00630767,0.141107,0.0515215,-0.267364
-11.6717,2.26987,-0.553477,0.0846291,-0.337992,-0.501177,-0.47712,-1.04875,0.0904949,0.289158,0.249949,0.405185,0.0496982,0.0118264,0.592497,0.163942,-0.0955896,0.188432,0.110693,-0.310665
-11.3669,2.46926,-0.585679,-0.0996931,-0.49182,-0.316707,-0.127222,-1.30347,0.0246219,0.153195,0.144383,0.521936,-0.00309701,-0.0942532,0.238427,-0.121819,-0.0645075,0.146565,0.359574,-0.294948
-11.5829,2.43853,-0.494397,-0.0542405,-0.294544,-0.529397,-0.31246,-0.614866,0.197807,0.0350227,-0.0938391,0.464795,0.352969,0.0719867,0.544131,-0.0436357,-0.0173556,0.0995681,-0.0181687,-0.361789
-12.053,2.2643,-0.512343,-0.119938,-0.472536,-0.523885,-0.35155,-0.631297,0.0319402,0.0725022,0.0881477,0.216399,0.194378,0.172063,0.66234,0.308822,0.132798,0.12109,0.0288408,-0.23347
-12.16,2.2878,-0.529131,0.09743,-0.311817,-0.417637,-0.322722,-0.651896,-0.0142411,0.0602243,0.106335,0.311548,0.000345158,0.125259,0.78913,0.209394,-0.15418,0.0181031,0.0222227,-0.393412
-12.4027,2.44277,-0.615676,0.128914,-0.359251,-0.507329,-0.447771,-0.709417,-0.0139938,0.17143,0.105972,0.363227,-0.0531983,0.0607726,0.280843,0.180341,-0.0312187,0.145714,0.112094,-0.471866
-11.5787,2.67706,-0.871256,0.15068,-0.676077,-0.368033,-0.373954,-0.624545,0.33682,0.433644,-0.0619033,0.198081,-0.285623,0.172967,0.478753,0.141501,-0.0666349,-0.348098,-0.206648,-0.0830479
-11.9293,2.59177,-0.898882,0.22986,-0.711786,-0.534221,-0.426972,-0.424007,0.407707,0.527861,0.199041,0.33457,-0.0497031,0.292319,0.659585,0.083838,0.16863,-0.312157,-0.16604,0.0484742
-12.4453,2.64723,-0.972278,0.00758411,-0.778508,-0.573543,-0.541062,-0.321728,0.339079,0.574062,0.217107,0.191928,-0.140244,0.165632,0.708173,0.253476,-0.114165,-0.0180153,-0.13284,0.241827
-12.8122,2.89381,-1.04569,0.215682,-0.875177,-0.552033,-0.514233,-0.300621,0.306449,0.526974,0.238379,0.171875,-0.478329,0.243439,0.618507,0.125518,-0.137446,-0.0570319,-0.18926,0.10052
-12.7044,2.79936,-1.15971,0.400834,-0.899591,-0.506664,-0.401011,-0.171202,0.569197,0.573499,0.0529392,0.487086,0.026747,0.0363041,0.635115,0.156202,0.0297204,0.10231,-0.0722003,-0.139587
-12.4099,2.65899,-1.2112,0.149443,-0.987094,-0.226474,-0.691108,0.0391546,0.0032845,0.48541,0.00927263,0.411918,-0.0764198,0.0340899,0.483064,0.177539,-0.00527989,0.095449,-0.178226,-0.101122
-11.0134,2.96415,-0.844506,0.148203,-1.13138,-0.0688277,-0.362904,-0.401344,-0.167494,0.514187,-0.2,0.71946,0.0608319,0.0231686,0.364361,0.248482,-0.0700218,-0.456272,-0.288459,-0.160948
-11.7635,3.35623,-0.474715,0.272433,-0.338321,0.090328,-0.559873,-0.329562,-0.538276,0.404789,0.292923,1.05416,0.455006,-0.0619238,0.11063,0.0440329,0.139736,-0.842624,-0.752004,-0.22992
-12.5649,3.06466,-0.622241,-0.0495683,-0.643391,-0.381351,-0.690943,-0.472975,-0.685504,0.236764,0.557323,1.13513,0.346082,0.0193549,0.191544,0.275811,0.227722,-0.5942,-0.631781,-0.109479
-12.7484,3.08754,-0.823528,-0.16856,-0.68744,-0.462491,-0.717726,-0.670016,-0.497411,0.447577,0.223597,1.35147,0.584385,-0.14392,0.237408,0.526994,0.326901,-0.456464,-0.35239,-0.236937
-12.5591,2.96614,-0.82429,0.180182,-0.648087,-0.36514,-0.552631,-0.643444,-0.446062,0.330462,0.506458,1.19297,0.422482,-0.12533,0.106198,0.213677,0.160229,-0.376659,-0.430549,-0.249251
-12.6329,2.81162,-1.04207,0.0374429,-0.869824,-0.256196,-0.644882,-0.769197,-0.484548,0.23478,0.472619,1.27476,0.547837,0.132139,0.0520815,-0.0965091,0.267273,-0.140774,-0.264571,-0.242743
-12.7534,2.83676,-0.971904,-0.0826199,-0.751826,-0.482051,-0.84084,-0.737679,-0.408301,-0.0839803,0.320277,0.996036,0.34537,-0.0399388,0.0284273,0.134501,0.0170647,-0.243452,-0.428055,-0.380066
-12.6498,2.87472,-1.10987,-0.0912626,-0.807188,-0.445543,-0.805404,-0.737541,-0.316941,0.0440965,0.389946,0.898439,0.12016,0.0355779,0.191081,0.328429,0.0428957,-0.283358,-0.401608,-0.329507
-12.4173,2.31913,-0.719874,0.208312,-0.506411,-0.628828,-0.532688,-0.834295,-0.333255,-0.006088,0.624495,0.61877,0.174334,0.103117,-0.0300234,0.179175,0.399291,-0.371106,-0.762017,-0.366502
-12.1829,1.88832,-0.627003,0.148093,-0.168594,-0.831042,-0.416045,-0.871908,-0.502838,0.0804149,0.543838,0.928663,0.274213,-0.0976206,-0.223174,0.506937,0.0569857,-0.498611,-0.279908,-0.367891
-11.1684,1.68309,-0.556574,-0.312003,-0.311216,-0.70888,-0.475551,-0.555642,-0.112122,-0.0243755,0.433463,0.942196,-0.5445,0.21603,0.0530599,0.0789501,0.0646107,-0.45283,-0.446831,-0.622005
-10.2042,1.70436,-0.696327,-0.226263,-0.55223,-0.297884,-0.536463,-0.68799,0.144702,0.465897,0.648149,0.428266,-0.7588,0.60681,-0.250998,0.0627432,0.068885,0.00576832,-0.127464,-0.950954
-11.2564,1.78131,-0.780996,-0.160621,-0.585028,-0.644254,-0.721433,-0.758074,0.185845,0.615147,0.374102,0.148139,-0.541398,0.397889,-0.465488,0.0617837,0.268691,0.094348,-0.681374,-0.788246
-11.9581,2.33437,-0.977867,0.252095,-0.635274,-0.604613,-0.554969,-0.672247,0.00846897,0.810208,0.792574,0.0949533,-0.59418,-0.0408855,0.0974094,0.146471,0.118597,0.162722,-0.546844,-0.949364
-12.3259,2.42169,-1.01147,0.104054,-0.8576,-0.692813,-0.589483,-0.391364,-0.0353616,0.55643,0.813098,0.519648,-0.411378,-0.411181,0.355961,0.741087,-0.00262845,-0.15048,-0.277386,-0.721662
-12.3105,2.77469,-0.879897,0.275908,-0.924816,-0.361486,-0.690009,-0.440065,0.00149121,0.474282,0.604479,0.656771,-0.304275,-0.441769,0.206557,0.517551,0.247418,0.00767053,-0.542775,-0.48636
-11.7667,3.22633,-0.860626,-0.00995454,-1.03444,-0.143348,-0.806948,-0.85691,0.0885862,0.449407,-0.0904819,0.672058,0.277147,-0.126264,0.311339,0.313279,-0.0688736,-0.353473,-0.43159,-0.438881
-12.5722,3.16856,-0.453583,0.0952781,-0.656066,-0.152149,-0.780545,-0.442776,-0.150032,0.582511,0.203137,1.00064,0.0792331,-0.0638709,0.268765,0.337763,-0.19277,-0.452663,-0.629658,-0.62918
-13.2748,2.91005,-0.573023,0.114596,-0.863622,-0.65452,-0.915924,-0.846601,-0.212506,0.486934,0.391467,1.03247,0.0780206,-0.0889644,0.0285658,0.536998,0.289407,-0.469227,-0.311172,-0.463101
-13.0596,2.9404,-0.651972,0.418817,-1.16749,-0.32186,-0.829643,-0.677447,-0.441517,0.432126,0.199486,1.05885,0.414777,-0.156363,-0.0461338,0.455459,0.107858,-0.17475,-0.357826,-0.333597
-12.8038,2.69088,-0.86042,0.519311,-0.957014,-0.115206,-0.764806,-0.99759,-0.467582,0.421116,0.461658,1.12173,0.495221,-0.302964,0.110442,0.137043,0.0671847,-0.147247,-0.459125,-0.269407
-12.1814,2.69068,-1.13413,0.656652,-0.993453,-0.300478,-0.840021,-0.564655,-0.453751,0.211802,0.608415,1.16945,0.491993,-0.353609,0.0173264,-0.205283,0.23498,-0.121723,-0.321835,-0.183093
-12.4601,3.09461,-1.07593,0.405271,-1.12656,-0.237236,-0.67731,-0.363057,-0.277484,0.201415,0.377135,1.15619,0.342508,-0.146129,-0.0117225,0.0522818,0.0351871,-0.0971204,-0.515343,-0.333759
-12.5923,3.07391,-1.11077,0.287553,-1.03924,-0.335127,-0.455704,-0.406837,-0.194102,0.306655,0.409734,1.03129,0.397964,-0.0463689,0.130017,0.0484764,0.101891,-0.196178,-0.333562,-0.301549
-12.8723,3.04661,-1.08392,0.280172,-0.922797,-0.564677,-0.482727,-0.509159,-0.183569,0.383968,0.717442,1.01413,0.489841,-0.176039,-0.086083,0.11296,0.320756,-0.0240493,-0.480456,-0.18679
-12.8388,2.93726,-1.31247,-0.086516,-0.722898,-0.695523,-0.764382,-0.664994,-0.327923,0.49238,0.671337,0.919141,0.352166,-0.0702992,0.0118721,0.219998,0.246948,-0.0925945,-0.220456,-0.268859
-12.733,2.69583,-1.44917,0.00296405,-1.30802,-0.206613,-0.57057,-0.632293,0.0197696,0.42686,0.414987,0.949249,0.0509072,0.0598114,0.17733,0.0656602,0.136308,-0.312234,-0.607416,-0.20255
-12.2026,3.13787,-1.10228,0.070906,-1.4511,0.0797851,-0.435444,-0.329013,0.0297084,0.497601,0.168347,0.706414,-0.242241,-0.296247,-0.171103,-0.0657152,-0.0938332,-0.261224,-0.493412,-0.511504
-12.3614,2.94236,-1.11478,0.302661,-1.09514,-0.202031,-0.325655,-0.163945,0.137662,0.46085,0.479734,0.595829,-0.191038,-0.222958,-0.145223,0.115169,0.11697,-0.166415,-0.394294,-0.378446
-12.7058,2.6707,-0.864623,0.0744975,-1.12705,-0.409747,-0.635147,-0.553605,0.117091,0.297573,0.356244,0.520968,-0.365048,-0.535614,0.09865,0.130105,0.163291,-0.172873,-0.433842,-0.504395
-12.781,2.81625,-0.718614,0.375804,-1.15426,-0.120209,-0.180432,-0.323406,0.0536765,0.264523,0.166024,0.467405,0.0293778,-0.288441,-0.0548541,0.103245,0.112351,-0.259251,-0.798753,-0.626392
-12.2998,2.98082,-1.30182,0.0861114,-1.05763,0.159684,-0.152141,-0.321477,-0.162148,0.499399,0.186896,0.625329,-0.123313,-0.437669,0.104099,-0.123254,-0.0469739,-0.0816912,-0.33361,-0.598812
-10.6968,2.89828,-1.49198,-0.0597946,-1.6501,0.346675,-0.413787,-0.51795,-0.124618,0.771111,0.220148,0.685206,0.348079,-0.093486,0.0453066,0.0400732,-0.183888,-0.423612,-0.235863,-0.40465
-11.1498,2.93274,-1.25068,-0.268581,-1.24288,0.313298,-0.208151,-0.228555,-0.440958,0.805388,0.37011,0.509233,-0.147738,-0.068329,0.619893,0.158587,-0.354963,-0.74173,-0.557017,-0.353131
-11.2135,1.75923,-1.21832,0.0760475,-1.31144,-0.209856,-0.262045,-0.245755,-0.572547,0.754967,0.542725,0.728074,0.197012,0.182278,0.718937,-0.18655,0.0953414,-0.636389,-0.616399,0.0859335
-12.1484,2.38301,-1.12269,0.424268,-1.25112,-0.367925,-0.438029,-0.243606,-0.275741,0.721585,0.26399,0.506383,0.255743,0.0371241,0.340197,-0.0761703,0.158721,-0.417923,-0.482778,-0.129548
-12.1797,2.25807,-1.00857,0.215881,-1.11171,-0.102288,-0.512241,-0.212353,0.0874178,0.419304,0.23139,0.890637,0.322207,0.017072,0.32885,0.184567,0.105949,-0.590938,-0.495331,-0.559911
-11.4847,2.3361,-1.15371,0.193415,-0.911932,-0.203548,-0.421912,-0.584859,-0.304489,0.268246,0.444104,1.05127,0.560875,-0.144483,-0.0676149,-0.164865,0.0253908,-0.32788,-0.106883,-0.270175
-11.5133,2.40278,-0.753576,-0.0823472,-0.779362,-0.47273,-0.11037,-0.781601,0.00455271,0.23481,0.354587,0.889433,0.381958,-0.306216,-0.0881394,-0.311012,0.0844537,-0.296581,-0.234231,-0.196928
-11.0134,2.19571,-0.885955,-0.173392,-0.87896,-0.271656,-0.0681945,-0.75508,0.135378,0.419111,0.533952,0.80448,0.372156,-0.207352,0.107533,-0.275168,-0.163872,-0.316294,-0.387889,-0.307139
-11.5592,2.37317,-0.509464,-0.181586,-0.678461,-0.416169,0.283745,-0.790119,0.201446,0.508854,0.800566,0.818436,0.324015,-0.0963562,-0.0530901,-0.243473,0.0577294,-0.224716,-0.318329,-0.374262
-11.8237,2.38245,-0.702305,-0.178637,-0.663757,-0.36393,0.306641,-0.895292,0.143186,0.343753,0.689882,0.583035,0.222256,-0.106647,0.479628,-0.504703,0.0326796,-0.353914,-0.404956,-0.470368
-11.0481,1.86966,-0.988099,0.160476,-0.800053,-0.453461,0.206848,-0.755352,0.272464,0.407524,0.630434,0.478805,0.149347,-0.236247,0.125657,-0.387148,0.054489,-0.238483,-0.736808,-0.447523
-10.4752,2.40578,-0.870727,0.0985115,-0.916312,-0.415704,0.247931,-0.39445,-0.0108907,0.92347,0.660844,0.537607,-0.0992207,-0.231674,0.114938,-0.413369,-0.147844,-0.225506,-0.221886,-0.571271
-10.9589,2.55915,-0.839781,0.200087,-0.859471,0.0454757,0.43365,-0.524387,0.0714445,0.96933,0.563897,0.624094,-0.266574,-0.25602,-0.175838,-0.735013,-0.604968,-0.107247,-0.137726,-0.443351
-11.8348,2.22913,-1.01582,-0.0950924,-1.08828,-0.208717,0.284148,-0.74835,-0.236314,0.91084,0.544981,0.470622,-0.110538,-0.196464,-0.147404,-0.663247,-0.33314,0.12509,-0.22029,-0.0552006
-11.8711,2.57,-0.933132,-0.144143,-1.12991,-0.276504,0.249639,-0.696164,-0.136934,0.818423,0.482269,0.179749,-0.0399654,-0.166217,-0.0687989,-0.5508,-0.495114,0.0616591,-0.10457,-0.233452
-11.4711,2.55174,-1.21053,-0.537542,-0.995484,-0.345542,0.16193,-0.77259,-0.0295554,0.644817,0.512187,0.469164,0.0240106,-0.264401,-0.122157,-0.458226,-0.160001,0.284548,0.16048,-0.0540196
-11.0755,2.86554,-0.677052,-0.114307,-0.967785,-0.48099,0.217908,-0.595701,0.207644,0.442243,0.651083,0.54428,0.153378,-0.238618,-0.166126,-0.24249,-0.0533384,-0.145094,-0.214995,-0.305401
-11.1898,2.98657,-0.857096,-0.628933,-0.803697,-0.0852014,0.351218,-0.592341,-0.0408299,0.75469,0.448282,0.491355,0.0996135,-0.219549,0.349937,-0.00750051,-0.48853,-0.402042,-0.258986,-0.0841678
-11.4253,2.19965,-0.971407,-0.080828,-0.945045,-0.602006,0.15713,-0.463951,-0.316251,0.792379,0.678044,0.670145,0.161404,0.216233,0.0976469,-0.632385,-0.0867626,-0.0115503,-0.287039,0.15939
-12.0493,2.49812,-0.760894,-0.299421,-0.90449,-0.570751,0.0549575,-0.488013,0.0956851,0.590193,0.520742,0.458156,0.281501,-0.162273,-0.271974,-0.311752,-0.248171,0.0812755,-0.161642,-0.0703389
-11.8397,2.44169,-0.825137,-0.0748113,-0.906157,-0.507189,-0.0102055,-0.30667,0.0048514,0.291366,0.428069,0.656008,0.156528,-0.203658,-0.129095,-0.449151,-0.349784,-0.101541,-0.191946,0.021912
-10.9431,2.33959,-0.752684,-0.05704,-0.974929,-0.117072,-0.239008,0.00971437,0.138115,0.380004,0.407249,0.508621,0.368029,-0.137741,0.0086323,-0.314255,-0.0692231,0.125713,-0.356534,-0.0935089
-11.4227,2.5298,-0.979323,0.294173,-0.818489,-0.295436,-0.0591464,-0.299793,0.273592,0.673736,0.33685,0.859984,0.0813195,-0.223344,-0.496984,-0.509569,0.000804833,-0.088005,-0.296624,-0.409347
-11.6415,2.81669,-0.795235,0.194449,-0.864021,-0.120703,-0.13643,-0.437882,0.195852,0.707675,0.695502,0.885804,-0.144292,-0.173054,-0.285426,-0.524732,0.0303336,-0.0209284,-0.217875,-0.354039
-11.8143,2.70437,-0.754911,0.376715,-0.742547,-0.0521401,-0.0504686,-0.59885,0.0915681,0.713273,0.59445,0.810447,0.0152777,-0.11497,-0.176231,-0.421824,-0.113772,0.0377535,-0.110578,-0.378926
-11.7842,2.61747,-0.734858,0.103824,-0.902559,0.0323508,-0.02879,-0.441481,0.0942543,0.911141,0.60298,0.546605,0.369834,-0.161172,-0.268001,-0.416173,-0.182002,-0.175994,-0.183032,-0.170957
-11.526,2.64234,-0.623539,0.243269,-0.971263,-0.0952226,0.113205,-0.432798,0.0220354,0.740553,0.661777,0.611266,0.00198889,-0.01958,-0.321798,-0.427051,-0.222015,0.215741,-0.397082,-0.243846
-11.2496,2.37643,-0.763957,0.219568,-0.812847,-0.290228,0.312448,-0.567759,0.0424421,0.763379,0.716631,0.49018,0.125365,0.076328,0.00931581,-0.447465,-0.529221,-0.171175,-0.304195,-0.344413
-11.2859,2.47262,-0.500138,-0.0539945,-0.769245,-0.111087,0.529573,-0.671675,-0.0438163,0.648662,0.480287,0.620801,-0.060253,-0.0124808,-0.00311817,-0.378066,-0.552528,-0.0263186,-0.150147,-0.260818
-11.4927,2.32848,-0.384655,-0.317675,-0.522534,-0.0994108,0.215486,-0.499521,-0.142022,0.600026,0.41003,0.259386,0.0885623,0.0111123,-0.0238935,-0.40029,-0.325222,0.213412,-0.165675,-0.388126
-11.7369,2.46672,-0.248911,-0.35844,-0.280585,-0.343048,0.364835,-0.672454,0.155622,0.441664,0.455784,0.334308,0.117672,-0.0241209,-0.159274,-0.423315,-0.258794,0.212267,-0.156519,-0.302711
-11.3926,2.37266,-0.608755,-0.528331,-0.529688,-0.378283,0.311591,-0.672097,0.183423,0.593491,0.786705,0.382181,0.201528,-0.111755,-0.187866,-0.419759,-0.0901805,0.137882,-0.144136,-0.087348
-10.97,2.52983,-0.300289,-0.434468,-0.662824,-0.371041,0.275994,-0.458637,0.13312,0.79872,0.835508,0.486225,0.24786,-0.174714,-0.157672,-0.430317,-0.141163,-0.153156,-0.265409,-0.449065
-11.2775,2.32809,-0.327623,-0.745365,-0.97899,-0.14971,0.612258,-0.425183,0.147238,1.00622,1.284,0.692747,0.0421591,-0.0302876,0.258072,-0.253049,-0.434873,-0.348985,-0.0286241,-0.257443
-11.4855,2.38138,-0.414214,0.118371,-0.876132,-0.277717,0.606734,-0.229707,0.267405,1.05619,0.85103,0.734349,0.261706,0.248256,-0.111413,-0.63701,-0.0731492,0.0403791,-0.0640837,0.0346953
-11.7275,2.45536,-0.710823,0.0793852,-0.927204,-0.327677,0.28297,-0.302936,0.373073,0.908066,0.658593,0.836017,0.464261,0.105551,-0.209236,-0.404272,-0.214079,0.088622,0.0909092,-0.052867
-11.7646,2.46249,-0.790888,0.158819,-0.968928,-0.190628,0.232422,0.053811,0.227157,0.664227,0.823979,0.778096,0.320778,-0.0364121,-0.205899,-0.356913,-0.238371,0.00188647,0.0814551,0.148195
-11.5083,2.26484,-0.709605,0.128962,-0.720883,-0.105477,-0.00458891,0.0975942,0.41712,0.501579,0.627907,0.674361,0.318671,-0.190247,-0.0190609,0.0667315,0.040065,-0.0286316,-0.025722,-0.0421872
-11.6517,2.58241,-0.463315,-0.0149367,-0.847653,-0.299313,0.20067,-0.0864732,0.37439,0.473223,0.573943,0.891901,0.326742,0.0610921,-0.217794,-0.133832,0.160335,-0.0423049,-0.0601313,-0.268714
-11.9954,2.46268,-0.415034,0.069584,-0.448701,-0.245609,-0.131134,-0.370112,0.264262,0.571117,0.894452,0.845781,0.295009,-0.174552,-0.104104,-0.23122,0.0559535,0.081357,-0.10264,-0.47519
-11.7782,2.602,-0.32379,0.0705538,-0.584106,-0.40223,0.0768386,-0.401479,0.15101,0.627563,0.770013,0.563327,0.118442,-0.234114,-0.0468792,-0.171417,0.0146959,-0.0226102,-0.0170108,-0.256697
-11.6545,2.80354,-0.400967,-0.120545,-0.292108,-0.327922,0.247366,-0.361715,0.421154,0.51257,0.554579,0.44508,0.26803,-0.101806,-0.19362,-0.50212,0.265079,0.031983,-0.0905321,-0.32225
-11.1325,2.57814,-0.0915411,0.0502416,-0.621039,-0.271928,0.413259,-0.547852,0.388067,0.708379,0.74155,0.303098,0.105466,0.0387786,-0.242506,-0.232468,0.159354,-0.0557145,-0.142816,-0.401283
-10.7857,2.33472,-0.290579,0.143799,-0.54782,-0.336018,0.34455,-0.355671,0.247393,0.665171,0.739563,0.301158,0.029294,-0.120833,0.0953803,-0.463103,-0.155373,-0.0167139,-0.0574964,-0.261942
-10.4724,2.50879,-0.174286,0.236695,-0.797555,-0.150842,0.445212,-0.653738,0.366148,0.423845,0.368463,0.228331,-0.0598617,-0.371169,0.452374,-0.201406,0.00547636,0.0446185,-0.00285486,-0.0375848
-11.0682,2.80122,-0.370247,0.355545,-0.34857,0.0650438,0.631391,-0.6241,0.190501,0.250713,0.200775,0.0920969,-0.26985,0.00798864,0.561781,-0.188695,-0.164072,0.12067,-0.330486,-0.00871056
-11.0503,2.87028,-0.255964,0.366537,-0.312824,0.082266,0.474065,-0.608526,0.191204,0.414734,0.0190755,0.270531,-0.257114,-0.293751,0.120614,-0.0804312,-0.226692,0.0719066,-0.199381,0.0949988
-10.9398,2.82335,-0.292226,0.32037,-0.242475,0.121234,0.430471,-0.429391,-0.0939279,0.577874,0.0275403,0.328051,-0.262385,-0.23854,-0.0761749,-0.192571,-0.247566,0.0811973,-0.22423,0.172306
-10.8403,2.75049,0.0191179,0.115923,-0.58898,0.326452,0.359864,-0.577363,-0.151961,0.569986,0.489836,0.412465,-0.293571,-0.267988,0.0608029,-0.242545,-0.088649,-0.0715901,0.014099,-0.0153957
-10.6935,2.56592,-0.147204,0.0498488,-0.694009,0.142706,0.356083,-0.673558,-0.0387816,0.548886,0.494266,0.0797388,-0.335483,-0.274873,0.104099,-0.348687,-0.107967,-0.271009,-0.0979135,0.23643
-10.7983,2.74553,-0.263116,0.328538,-0.430705,-0.0690322,0.429256,-0.31987,0.286153,0.509715,0.277219,0.0686972,-0.170175,-0.131576,0.078555,-0.509796,-0.0049912,-0.0117346,-0.157656,0.26834
-11.1312,2.91044,-0.157242,0.150874,-0.305579,-0.391246,0.341299,-0.469465,0.366378,0.430796,0.29444,0.224741,-0.278233,-0.224645,0.113989,-0.347759,0.036709,0.091356,0.194148,0.102268
-10.696,2.41336,-0.0259728,0.120831,-0.386359,0.0724448,0.03047,-0.432531,0.222114,0.24217,0.387651,0.175776,-0.144649,-0.404226,-0.17625,-0.109837,0.053911,0.0728953,0.0295261,0.0897706
-11.1422,2.42807,-0.0474378,0.641645,-0.329725,-0.0822548,0.0191115,-0.210836,0.382594,0.124379,0.27959,0.103815,-0.0500402,-0.281856,-0.0552844,0.0546686,0.259321,0.0621621,-0.170742,0.0138631
-9.24246,2.0243,0.341252,0.0118157,0.121191,-0.248671,0.285387,-0.362833,-0.0620217,0.612222,0.127906,0.0906739,-0.491061,-0.335993,0.406855,-0.203399,-0.162123,-0.285408,0.197483,-0.137261
-10.528,2.66749,-0.0330974,0.246583,0.0627197,-0.334459,0.126503,-0.301432,-0.171304,1.10004,0.419754,0.462587,-0.322601,-0.242232,0.128587,0.0011649,-0.242644,-0.260429,0.459641,-0.0280366
-10.9302,2.67456,-0.14477,0.278434,-0.259699,-0.311238,0.0293541,-0.498437,-0.162283,0.919194,0.474373,0.286236,-0.517965,-0.472548,0.135896,-0.168608,-0.564903,-0.380742,0.409592,0.0484706
-10.8819,2.80481,-0.29581,0.323507,-0.354638,-0.0417806,-0.0346335,-0.417487,0.00172297,0.754666,0.489377,0.222255,-0.432003,-0.174307,0.0895731,-0.300757,-0.324316,-0.359331,0.275723,-0.0268007
-10.7612,2.56999,-0.356372,0.174612,-0.265322,-0.268695,-0.030373,-0.404143,0.0732132,0.618272,0.746561,-0.000390152,-0.294638,-0.0476965,0.0414329,-0.173865,-0.360063,-0.333483,0.111384,0.0183411
-10.7742,2.49805,-0.289442,0.391609,-0.370527,-0.26733,0.338303,-0.504544,-0.160409,0.827656,0.694182,0.430568,-0.379011,-0.0888122,0.104083,-0.378534,-0.596777,-0.0415958,0.129583,0.0547048
-10.4282,2.64825,-0.114623,0.349244,-0.486446,-0.277241,0.221435,-0.369529,0.0151425,0.611118,0.352043,0.35656,-0.32632,-0.337063,0.205044,-0.139143,-0.281398,-0.0254629,-0.0595335,-0.0968758
-10.8338,2.47714,-0.32583,0.272231,-0.586389,-0.0306524,0.291615,-0.322295,-0.249009,0.335547,0.224589,0.135418,-0.394762,0.102748,0.476172,-0.206576,-0.292356,0.0528131,-0.199077,0.114145
-10.5342,2.63494,-0.334246,0.239326,-0.321634,0.0125359,0.00695791,-0.500963,0.146645,0.344063,0.390984,0.138998,-0.448943,-0.182472,-0.0265943,-0.0166831,-0.276321,-0.194315,-0.17517,0.238106
-10.242,2.22653,-0.39257,0.181972,-0.266546,0.16011,0.107328,-0.261937,-0.114492,0.244041,0.282752,0.202812,-0.241187,-0.222207,-0.321578,-0.0153349,-0.200114,-0.37204,-0.137726,0.416611
-9.87348,2.19376,-0.100145,0.235892,-0.421258,0.167602,0.217487,-0.394278,-0.246535,0.55074,0.424393,0.236217,-0.340003,-0.131943,-0.0319946,0.0309244,-0.255929,-0.0309701,0.0595592,0.0456973
-9.5764,2.27936,0.070468,0.465523,-0.418497,0.371524,0.455535,-0.238694,-0.320479,0.759855,0.327136,0.0920195,-0.517318,-0.191062,0.252536,0.146997,-0.140548,-0.19327,-0.077308,0.263197
-10.0706,2.36503,-0.226519,0.354205,-0.411805,0.235967,0.444587,-0.128255,-0.172895,0.496308,0.0547915,0.158613,-0.598096,-0.112757,0.134822,0.365838,-0.0666089,-0.0209539,-0.0236479,0.324302
-10.3287,2.56763,-0.034749,0.441476,-0.43326,0.167207,0.30823,-0.338598,0.147757,0.44988,-0.245465,0.078136,-0.400898,-0.208016,0.219028,0.376415,-0.193108,-0.0678341,0.0212694,0.385199
-9.96355,2.3143,-0.0120049,0.487442,-0.397165,0.117582,0.0670552,-0.0955879,0.225857,0.419054,0.0541457,0.0218692,-0.36467,-0.386521,-0.0423099,0.0952886,-0.0832546,-0.00653849,-0.0840981,0.3739
-10.0912,2.47497,0.0818251,0.539474,-0.276606,0.0538742,0.134203,-0.154171,0.271451,0.29708,-0.201797,0.100538,-0.236966,-0.13147,0.388035,0.0153233,0.134484,0.0955117,-0.0394827,0.220628
-9.05299,2.56012,0.262881,0.382271,0.119828,0.0168805,0.385661,-0.207879,0.0936749,0.518787,-0.122329,0.0120199,-0.487661,-0.318404,0.470802,-0.017302,-0.138897,-0.336474,0.240355,-0.008339
-10.1506,2.8161,-0.308263,0.539867,-0.142654,-0.190672,0.0976887,-0.356732,0.230366,0.569548,0.0713316,0.126719,-0.465853,-0.209613,0.308473,0.0918112,-0.0938408,-0.196152,0.302238,0.152126
-9.8695,2.45927,0.0262438,0.284937,-0.285941,-0.136637,0.17813,-0.354943,0.147518,0.594668,0.403435,-0.0465879,-0.504365,-0.323497,0.273868,0.0549622,-0.419419,-0.107284,0.280538,0.0831125
-9.79354,2.2353,-0.145359,0.203789,-0.133227,0.0633677,0.0467752,-0.303039,0.301514,0.298945,0.398709,0.0860151,-0.141117,-0.0683111,0.0427007,0.138054,-0.216574,-0.0296959,0.0650761,0.145218
-9.37191,2.05833,-0.159846,0.535838,-0.286392,-0.207347,0.136345,-0.102455,0.354033,0.275253,0.578716,-0.0442867,-0.117243,-0.181149,-0.0960662,0.0773363,-0.178009,-0.138427,-0.0465972,0.0203597
-10.0203,2.52975,0.0650345,0.608927,-0.0886966,-0.0284794,0.354777,-0.218872,0.220665,0.636152,0.502658,0.367556,-0.192855,-0.244591,0.00111096,-0.261802,-0.406524,0.143406,0.0845095,0.00112563
-8.31313,1.29416,-0.356495,0.424289,-0.600841,0.486213,0.0693522,0.0499846,0.138741,0.377443,0.62589,0.0114758,-0.292212,0.275495,0.244354,-0.265879,-0.0301931,-0.119799,0.017581,0.194108
-7.97843,1.51523,-0.499255,-0.0299457,-0.51241,0.299519,0.4383,-0.0916916,0.156682,0.361174,-0.0254361,0.0547595,-0.314934,0.43584,0.0367639,-0.0987848,0.154785,0.00339216,-0.084727,0.216458
-7.6373,2.11483,-0.23509,0.0263341,-0.520377,0.204129,0.351629,0.199787,0.303094,0.369598,-0.142571,0.165876,-0.214041,0.262841,-0.1146,-0.165464,0.159686,-0.123987,-0.124765,-0.0244511
-9.05265,1.60404,0.0262051,0.102731,-0.276798,0.295943,0.249466,-0.0699719,-0.321447,0.182925,0.288215,0.239677,-0.0979008,0.155153,0.0281102,-0.193962,-0.0975616,-0.225931,-0.0826827,0.124587
-8.18582,0.560321,0.0846303,0.416981,-0.0985218,0.0449573,0.140934,-0.433706,0.237006,0.569205,0.0367084,0.106707,0.0169068,0.25774,-0.224078,-0.355887,0.063935,-0.034006,0.108468,0.158125
-7.8362,0.716495,0.194029,0.0599319,0.215991,0.1286,0.302956,0.183242,0.315625,0.168636,0.0648635,0.0839129,-0.37856,-0.0458936,-0.0358085,0.00391182,0.25283,-0.0225826,0.0592312,0.1702
-8.01234,0.302922,0.181792,0.0110704,-0.369491,0.0153235,0.156974,-0.190665,0.141101,0.351658,-0.0183828,-0.315681,-0.271904,-0.143579,0.142775,0.163708,0.143852,0.124208,0.145779,0.109696
-7.86484,0.560169,0.173038,0.101561,-0.189465,0.0386446,0.380835,-0.021935,0.190511,0.544604,-0.12991,-0.401804,-0.323837,0.154506,0.170482,0.350881,0.235062,0.0256307,0.127362,0.152727
-7.70029,0.263084,0.241921,0.34365,0.0761868,0.404081,0.103948,-0.0987963,0.168554,0.149325,0.265468,-0.0471106,-0.115495,-0.173702,-0.0596731,0.280481,0.339735,0.0478109,0.111429,0.217873
-7.78167,0.340466,0.410244,0.426977,0.149908,0.124808,0.0245085,-0.212346,0.368661,0.23655,-0.0201748,-0.140707,-0.208707,-0.023506,0.435786,-0.0267544,0.102061,0.169534,-0.257841,0.130698
-6.92738,0.804308,0.193153,0.389535,0.32414,0.31401,0.0734918,-0.147356,0.572657,0.0868051,-0.289263,0.103587,-0.0486261,-0.0924931,-0.1944,0.0424697,0.101655,-0.122833,-0.0386494,-0.076945
-7.38296,1.01766,0.111815,0.105507,-0.102669,0.26985,0.289939,-0.327043,-0.0269724,0.0631004,0.0516888,0.239558,0.0667647,0.119264,-0.139651,-0.160492,0.0139243,-0.0233483,-0.264304,0.0496121
-8.14816,1.39239,0.123026,0.0161576,0.150983,0.233152,0.233792,-0.200856,-0.0921605,0.719788,0.0856271,-0.0365458,-0.0106232,-0.375239,-0.112287,-0.00952029,-0.0944981,-0.234382,-0.23016,-0.00473164
-9.12481,2.01826,-0.214843,0.32268,0.0712387,0.31164,0.0795883,-0.109688,0.00226528,0.492006,0.218997,0.0185522,-0.0492095,-0.30989,-0.0270479,-0.108175,-0.0654476,-0.335983,-0.330235,-0.00675396
-8.82371,2.13417,-0.0984828,0.583187,-0.13792,0.210281,-0.0338144,-0.0911688,0.00439614,0.373996,0.559072,0.139211,-0.053885,-0.496175,-0.141246,-0.0850012,-0.216699,-0.178096,-0.0879856,-0.0102015
-9.53088,1.92932,-0.0111122,0.804177,-0.217821,0.188851,0.0890138,-0.0665251,0.308206,0.491239,0.406202,0.283846,0.168259,-0.115965,0.0741159,-0.462345,-0.534904,-0.0268514,0.161488,0.201418
-8.01145,1.88534,-0.777497,0.438175,-0.392426,0.569808,0.037242,0.153137,-0.0860718,0.117675,0.392929,-0.0472259,-0.257537,0.0949795,0.0328107,-0.662411,0.0259493,-0.228933,-0.121811,0.121047
-7.96479,2.22729,-0.797155,-0.010715,-0.629418,0.0350231,0.583441,-0.155844,0.371305,0.148625,-0.176942,-0.116418,-0.186859,0.26027,-0.309689,-0.116342,0.0111537,0.106518,-0.315044,0.0674153
-7.91382,2.43815,-0.520196,0.13875,-0.607309,0.0116079,0.307756,0.137605,0.448992,0.367685,-0.192049,0.113542,0.0424199,0.299222,-0.270663,-0.20062,0.122168,-0.111448,-0.215234,0.135526
-7.492,1.61536,0.461924,0.453759,-0.317037,0.224405,0.296273,-0.0840368,0.146192,0.269601,0.11312,0.1111,-0.178422,-0.321587,-0.044471,-0.0617869,0.00706899,-0.210488,-0.12651,0.290687
-6.83661,1.61419,0.599858,0.76147,0.446131,0.547219,0.517972,0.026177,0.011477,0.378571,-0.279357,-0.278231,-0.560242,-0.0885607,0.229105,0.281791,0.0490923,-0.0247046,-0.255812,0.135011
-7.4095,1.62587,-0.0692448,0.845822,0.204811,0.671855,0.199604,0.159807,0.276302,0.306345,-0.430945,-0.289875,-0.532661,0.356823,0.248463,0.284851,0.321209,-0.0870626,0.121056,0.0582405
-7.69445,1.49543,0.0441315,0.826552,0.298023,0.749904,0.709696,0.586256,0.22066,0.152846,-0.28826,-0.342783,-0.675291,-0.10679,0.308711,0.335952,0.379772,0.211316,0.143243,0.0199819
-7.60302,1.47378,-0.0308599,0.823057,0.289049,0.910982,0.720635,0.417896,0.298139,0.526201,-0.461429,-0.494909,-0.650331,-0.0483026,0.322217,0.359692,0.401717,0.296558,0.118092,0.211757
-7.80201,1.36712,-0.0732985,0.570677,0.252253,0.793436,0.759655,0.498009,0.270885,0.489897,-0.410039,-0.496474,-0.501049,-0.24743,0.106762,0.229359,0.198331,0.118314,0.177592,0.52503
-7.85394,1.39014,0.0291016,0.959951,0.323498,0.851641,0.475771,0.219719,0.524566,0.201688,-0.11381,-0.413388,-0.319109,-0.153591,0.167594,0.140955,0.342397,0.134196,-0.104601,0.513941
-8.08446,1.41415,0.305874,0.882276,0.272953,0.647449,0.396156,0.0380339,0.112993,0.52198,0.172991,-0.33948,-0.455524,-0.129917,0.604858,0.191527,0.0195367,0.0435292,-0.0579508,0.152293
-7.6048,1.62203,-0.115389,0.753634,0.430137,0.649141,-0.257737,-0.103952,0.388609,0.35416,0.107455,-0.0140574,-0.378949,-0.0590173,0.117521,0.0840258,0.394462,-0.0595593,-0.167319,0.0429467
-7.38083,1.56864,0.16883,0.359982,0.14757,0.466266,0.486823,-0.0362359,-0.167781,0.458849,0.0802627,0.0509044,-0.244919,-0.0336832,0.279889,-0.0438669,0.123107,0.240426,0.0519056,0.0566234
-8.30125,1.45506,0.0217683,0.46377,0.251185,0.535599,0.622184,-0.0937587,0.163925,0.634104,0.244696,0.0559258,-0.109515,-0.244579,0.225535,0.0709953,-0.0350819,-0.394297,-0.125886,0.30902
-7.71503,1.14931,0.232479,0.792097,0.546706,0.477864,0.441304,0.155292,0.137541,0.516046,0.314841,0.109323,-0.369794,-0.123596,0.0616324,-0.392683,-0.220618,-0.125076,0.206722,0.177111
-7.93227,1.55787,0.577661,0.658156,0.0537956,0.335261,0.531173,0.216877,-0.0247281,0.230441,0.404235,0.255725,-0.300428,-0.0167557,-0.144581,-0.495421,-0.238072,-0.0220734,0.2315,0.250697
-8.37102,1.62542,0.240067,0.696597,-0.193056,0.556236,0.396841,0.0966524,-0.0308079,0.38706,0.316981,0.091858,-0.465863,0.197941,-0.202904,-0.371761,-0.202567,0.0457738,0.375099,0.531979
-8.08688,2.11719,-0.854472,0.672656,-0.141053,0.494045,0.450988,0.109751,-0.129232,0.00170564,0.183083,0.19818,-0.161133,0.495957,-0.181287,-0.553624,-0.0154848,-0.0776749,0.260153,0.298748
-7.71068,2.39026,-0.638779,0.591933,-0.497354,0.421835,0.282791,-0.0471186,0.346461,0.120046,-0.131244,-0.0144636,-0.116008,0.416595,-0.220586,0.0524623,0.0222353,-0.0945684,-0.0965289,0.153976
-7.91822,2.25409,-0.0878613,0.640951,-0.37066,0.668712,0.441947,-0.132945,-0.102015,0.164522,-0.0875906,-0.0330587,-0.256767,0.0846842,0.0338113,-0.0614177,-0.0849777,-0.168281,-0.195989,0.154147
-7.77873,2.32844,0.311537,0.847372,-0.152825,0.686542,0.678797,0.176605,-0.0900748,0.404259,-0.124764,-0.198058,-0.277012,0.145696,0.249764,0.202104,0.0843428,-0.381832,-0.156569,0.255485
-7.45789,1.95198,-0.143839,0.695263,-0.0150964,0.523349,0.301215,-0.0818299,0.0919833,0.341354,-0.279732,-0.346032,-0.41327,0.485223,-0.0162349,-0.0774301,0.14671,-0.111275,-0.200128,0.178858
-7.81463,1.86575,0.261865,0.79002,0.037206,0.191315,0.288075,0.234365,-0.00591055,0.214957,-0.155471,-0.236727,-0.579594,0.0981608,0.0154007,0.0844011,0.0285571,-0.185811,0.161063,0.0741731
-7.77161,1.91365,0.0406413,0.650292,-0.148861,0.610962,0.385897,0.0216907,0.0356983,0.351264,-0.264069,-0.296901,-0.459747,-0.124712,0.0348176,-0.173278,0.0294806,0.0747996,0.0805622,0.295145
-7.75641,1.55325,0.0197239,0.491706,-0.0295117,0.491427,0.582481,0.0288847,0.0259766,0.204368,-0.194921,-0.393863,-0.38799,-0.10568,-0.101108,0.127398,-0.161461,-0.163498,-0.0999221,0.431284
-7.74081,1.52058,0.217861,0.695679,-0.0420109,0.41812,0.0954698,-0.00919652,0.345184,0.155909,-0.128698,-0.292284,0.0354156,-0.0606511,0.135203,0.0270137,0.0645591,-0.0614575,-0.167632,0.329206
-7.07581,1.23315,0.0805314,0.458319,0.0953393,0.164091,0.229032,-0.00798612,0.00636397,0.151413,-0.16296,-0.201341,-0.203493,0.129738,0.457004,-0.177015,0.0539825,-0.181738,-0.154012,0.24368
-7.11931,1.88735,-0.056177,0.718073,0.125348,0.617339,-0.144031,-0.174332,0.177146,0.212944,-0.0874395,-0.0597916,-0.200722,-0.0253598,-0.0772218,0.0762013,0.0465122,-0.334202,-0.220836,0.238147
-7.53026,1.7748,-0.161873,0.932028,0.181009,0.0934226,-0.0749618,-0.164361,-0.199079,0.106499,-0.0134354,0.0166121,-0.153798,0.154363,0.146107,-0.184311,-0.187688,-0.147189,-0.121183,0.0992581
-8.43266,2.06379,-0.202577,0.953963,0.230967,0.375057,-0.216633,-0.237494,-0.29366,0.379133,-0.190873,0.0736497,-0.0652737,-0.0102705,0.079965,-0.27298,-0.268702,-0.370615,-0.0163074,0.172433
-8.03917,2.1021,0.163116,1.07111,0.00911773,0.295258,0.12542,-0.461505,-0.0805297,0.392815,0.106089,0.134824,-0.320749,0.211716,0.126336,-0.33062,-0.439404,-0.387606,0.334195,0.00795316
-8.33716,2.35644,0.182941,0.903351,-0.137066,0.221284,-0.0572336,-0.339982,-0.071179,0.35241,0.316614,0.202162,-0.185274,0.101747,-0.230951,-0.523923,-0.340761,-0.298266,0.204803,0.0534415
-8.56584,2.52493,0.0559029,0.722302,-0.371567,0.348346,0.134961,-0.330479,-0.102976,0.333744,0.098488,0.0905307,0.0145778,-0.0202417,-0.360153,-0.52165,-0.0544194,-0.243339,-0.143276,0.000859192
-8.36705,2.63858,-0.548152,0.804424,-0.20021,0.337411,0.463338,-0.464558,-0.13931,0.0397066,0.125382,0.182587,-0.313635,0.250438,-0.405664,-0.598578,0.114969,-0.421138,0.0322921,0.278571
-7.73154,2.57312,-0.527035,0.516148,-0.206376,0.0419824,0.189805,-0.0709655,0.334574,0.237102,-0.245236,-0.00418902,-0.0839881,0.275049,-0.400744,-0.34211,0.10771,-0.214533,-0.201492,-0.0296643
-7.59534,2.36774,-0.0619899,0.254263,-0.233727,0.528352,0.365313,-0.173385,-0.069409,0.142204,-0.236628,-0.130104,-0.208878,-0.0207866,0.0749734,0.0341193,-0.177629,-0.190164,-0.194243,-0.0640587
-7.15323,2.12965,0.208324,0.748576,-0.0793425,0.21267,0.169402,-0.0993783,-0.0115523,0.610077,-0.208502,-0.224511,-0.358666,0.120334,0.247394,0.246361,-0.153473,-0.429091,-0.269947,0.211336
-7.00471,1.99907,-0.0124948,0.769527,-0.00913384,0.401403,0.173867,-0.102932,0.0126117,0.111705,-0.310305,-0.123823,-0.468358,0.325108,-0.0981666,-0.0389483,0.054304,-0.536107,-0.299889,-0.256426
-7.33774,2.34323,0.496552,0.991059,0.0538778,0.237631,0.407691,0.229278,-0.224779,0.41013,-0.0968473,0.052752,-0.404973,0.115912,-0.053647,-0.0252583,0.0213446,-0.323761,-0.250112,0.0104472
-7.47875,2.63272,0.222274,0.912485,0.0805912,0.571704,0.32338,-0.0679281,-0.0919173,0.494595,0.19971,0.0619374,-0.245597,0.0507509,0.0199676,-0.0486446,0.0619806,-0.223328,-0.13925,0.102945
-7.65738,2.51843,0.165934,0.858888,0.0681267,0.512989,0.320736,-0.000897038,-0.0236908,0.266734,0.223113,0.182059,-0.0104017,-0.00485453,0.125082,0.138326,-0.0943615,-0.207519,-0.363595,0.250392
-7.52006,2.47266,0.170119,0.875637,-0.101463,0.419758,0.408936,0.201062,0.196506,0.320969,0.0500255,-0.197992,0.208646,-0.00656887,0.35082,-0.0545597,-0.370039,0.065242,-0.210337,0.245788
-7.30112,2.14781,-0.12863,0.776069,0.367205,0.492454,0.342141,0.314012,0.13764,0.241294,-0.0208394,-0.247796,-0.0898373,-0.0906995,0.303967,0.0674876,0.149117,-0.0452217,-0.35617,0.127513
-7.1677,2.68874,-0.0455107,0.708339,0.102296,0.5543,0.18071,0.193043,0.283561,0.351268,-0.102294,-0.0411206,-0.174322,0.247273,-0.0146978,-0.0189938,0.195886,-0.351106,-0.401475,0.0897637
-7.70121,2.46013,-0.0130486,0.88276,0.140688,0.113617,0.383327,0.322375,-0.0139301,0.167788,0.0340553,-0.0163484,-0.182585,0.0559121,0.154728,0.0722492,-0.0815335,-0.225867,-0.303769,0.12725
-8.37783,2.63368,-0.0875243,0.928541,0.395747,0.403276,0.32887,-0.105904,0.0260716,0.359557,0.0300035,0.0307229,-0.107422,-0.0248097,-0.171305,-0.368778,-0.250097,-0.220374,0.118127,0.25432
-8.24798,2.6358,0.115778,0.708745,0.0781571,0.779846,0.373222,-0.067398,-0.109403,0.206797,0.0849316,0.110245,-0.233426,0.0380779,0.0359632,-0.199987,-0.256211,-0.215821,0.0438354,0.184849
-8.17442,2.53666,0.0632385,0.805608,-0.0663506,0.350517,0.190098,-0.0316074,0.019458,0.286426,0.137187,0.0177932,-0.314545,0.0595733,-0.15001,-0.29365,-0.0826009,-0.281207,-0.0603779,0.126976
-6.25147,1.24117,0.0808753,0.809805,0.280778,0.743816,0.304097,0.0721597,-0.0409524,0.0823995,-0.142088,0.0868096,-0.313881,-0.0598039,0.0326309,0.159376,0.0943668,-0.203686,-0.0437534,0.189379
-7.02832,2.31668,0.061453,0.780463,0.157851,0.71677,0.0145022,0.0320492,0.155269,0.443252,-0.0217296,-0.0302616,-0.281962,-0.0981419,0.186951,0.0406701,-0.0518102,-0.116716,-0.201776,0.41067
-7.37966,2.51131,-0.542255,0.760242,0.0488076,0.61628,0.126135,0.0157265,-0.139648,0.376362,-0.262074,0.071911,-0.27662,-0.137167,-0.0106397,0.125215,-0.0236593,-0.0331953,-0.0277901,0.418746
-7.35827,2.78361,-0.354202,0.773803,-0.194276,0.296028,0.170577,0.0650304,-0.378168,0.196878,-0.291254,0.00735254,-0.149613,0.17045,0.0611854,0.0567573,0.190909,-0.360055,-0.308273,0.402452
-7.24691,2.82057,-0.638314,0.792933,0.133156,0.658627,0.0104096,-0.132669,-0.0242199,0.0233986,-0.367223,-0.146634,-0.317392,0.300663,0.0109058,0.20065,0.141517,-0.259173,-0.222813,0.0119083
-7.58212,2.86559,-0.468233,0.644353,-0.0180777,0.494246,0.0705179,-0.0563115,-0.229472,0.319916,-0.3538,-0.365435,-0.300922,0.030893,-0.0275941,0.34546,0.00188682,-0.519401,-0.281021,0.0163302
-7.54184,2.91686,-0.604336,0.737729,0.23442,0.820691,-0.0193647,-0.213572,7.25462e-05,0.425243,-0.530432,-0.34824,-0.180864,0.129103,0.021557,0.157271,-0.152629,-0.249562,-0.382308,0.291985
-7.74534,3.09297,-0.333474,0.487476,0.158538,0.704431,0.0603726,-0.0842332,0.0354211,0.357229,-0.294091,-0.185023,-0.287199,-0.111737,-0.0491932,0.170357,-0.0727363,-0.201598,-0.37904,0.26969
-7.12747,2.88641,-0.659709,0.488121,0.175683,0.785696,0.182043,0.0658949,-0.0727106,0.264036,-0.350523,-0.0728439,-0.108221,-0.420856,-0.00586987,0.112357,-0.0739944,0.124103,-0.122615,0.25642
-6.76762,2.80744,-0.572504,0.347685,0.312515,0.750512,0.0762465,0.192917,-0.0441596,0.100255,-0.310291,-0.132195,-0.0996797,-0.120341,0.0935356,-0.154296,0.0401672,-0.113058,-0.299591,0.233078
-6.2403,2.26432,0.242253,-0.0312801,-0.19304,0.634269,0.19862,-0.198714,0.355329,0.267077,-0.159893,-0.187774,-0.169369,-0.105999,-0.0805513,0.00384811,-0.00287851,0.0696022,-0.150536,-0.0535818
-6.48946,2.79253,-0.195376,0.0627777,-0.0506891,0.611591,0.301212,-0.128191,0.111732,0.0154348,-0.356585,-0.0626234,-0.180086,0.243557,-0.0417203,0.124862,-0.211399,-0.2062,-0.0550896,0.129932
-6.92811,3.12209,-0.704325,0.105472,-0.07669,0.628211,0.320872,-0.231468,0.0125637,-0.0126855,-0.172846,-0.100611,-0.197366,-0.0404333,-0.253458,0.138215,-0.171721,-0.119211,0.0283916,0.116696
-6.88655,3.2007,-0.475669,0.133087,-0.15266,0.634005,-0.00885897,-0.106108,-0.00720225,0.225456,-0.102567,0.0203785,-0.260599,-0.106435,-0.210994,-0.159268,-0.187355,0.0818257,-0.0775963,0.051338
-6.99505,3.29534,-0.905721,0.435255,-0.411543,0.962107,-0.162293,-0.053033,0.117565,0.343379,-0.134169,-0.0360365,-0.435047,0.00457224,-0.26522,-0.271855,-0.154097,-0.131419,-0.0138099,0.00291033
-7.28215,3.42372,-0.686948,0.161117,-0.455844,0.641022,0.0144105,0.0558457,0.0503658,-0.00190528,-0.136153,-0.0192379,-0.200654,-0.0565319,-0.317849,-0.182121,-0.188348,-0.0843208,-0.0393228,0.0603497
-6.78787,2.98405,-0.74293,0.0823294,-0.241307,0.525068,0.297804,0.216517,-0.378994,0.624937,-0.277867,-0.346719,-0.35506,-0.0434632,-0.216417,-0.140728,-0.162734,-0.115459,-0.138656,0.146875
-6.6524,3.35773,-0.986258,0.214152,0.171235,0.682581,0.0213579,0.436515,-0.0997783,0.337835,-0.248238,-0.189467,-0.022565,0.20812,0.0867116,0.0410212,-0.157133,-0.083892,-0.33922,0.206476
-6.60039,3.08736,-0.809706,-0.231473,0.0783389,0.429343,0.166102,-0.0457306,0.0160413,0.300878,-0.168441,-0.284315,-0.251804,0.0502168,-0.0524725,0.0689534,-0.146974,0.0122875,-0.233633,0.0463026
-7.02266,2.90343,-0.693014,0.182348,0.155529,0.298499,0.325867,-0.130284,0.0745101,0.00892984,-0.211056,-0.0963143,-0.129548,0.040257,-0.316266,-0.246465,-0.116876,-0.0531254,-0.0832779,0.240524
-6.14921,2.20971,-0.639873,0.230462,0.117388,0.260426,-0.030038,-0.301451,0.0804596,0.0421938,0.0355981,-0.170928,-0.355918,-0.0333817,-0.468133,-0.0267687,-0.0380471,-0.0165987,-0.110424,0.147125
-6.24752,2.77779,-0.59068,0.356488,-0.123244,0.653062,-0.0777694,0.0427918,0.111471,0.063885,-0.0210741,-0.153534,-0.588327,0.270117,-0.360401,0.133041,-0.286058,-0.2747,-0.094016,-0.063252
-6.96001,3.17831,-0.660761,0.350405,-0.00492632,0.653165,0.117878,0.081758,-0.0935729,-0.143503,-0.0848997,-0.0476109,-0.601713,0.0835724,-0.159392,-0.125121,-0.293731,-0.357176,-0.126045,0.189815
-6.97103,3.55329,-0.980081,0.290077,-0.0989804,0.31004,0.26459,0.0218281,-0.0369843,-0.340895,-0.215416,-0.128425,-0.567607,0.186751,-0.247809,-0.119447,-0.107405,-0.296031,-0.436541,0.0742711
-7.21785,3.6034,-0.72497,-0.00108193,-0.216018,0.564508,0.140172,0.158582,0.108137,-0.0922292,-0.334409,-0.116205,-0.559845,-0.213122,-0.0474644,-0.427411,-0.129853,0.0925825,-0.239517,0.200123
-6.4636,2.6325,-0.569584,-0.0993287,-0.0958699,0.644628,0.0937284,-0.250196,-0.0874201,0.084148,-0.181606,-0.12632,-0.229733,-0.107776,-0.424219,-0.122978,0.0208304,-0.0842709,-0.0932015,0.0531848
-4.67478,1.00772,0.0643237,-0.158967,0.168086,-0.0781768,0.483363,0.030089,-0.175249,0.22589,-0.154707,0.082668,-0.354416,-0.107241,0.0921344,-0.0841754,-0.209448,0.00725127,0.0817468,0.242499
-6.49274,2.46653,-0.118501,-0.185009,0.0974282,0.575375,0.614952,-0.372011,0.0843502,-0.133695,-0.152043,0.0960194,-0.445068,0.281838,-0.246728,0.0496314,0.108607,-0.299246,0.0878953,0.142058
-6.06345,2.05903,-0.2152,-0.442232,0.0627417,-0.303722,0.599451,-0.290477,-0.0603768,0.167177,-0.18046,-0.0534075,-0.289492,0.309943,-0.33553,-0.0944783,0.0332764,-0.397495,0.0919019,0.081765
-5.51565,1.73182,0.0158259,-0.306242,-0.316089,0.07377,0.548013,-0.402865,0.139739,0.383548,-0.356306,-0.0482889,-0.586502,0.358297,-0.146702,-0.391454,0.233917,-0.314826,-0.0730898,-0.0487954
-5.82126,1.83309,-0.177289,-0.465743,0.0907244,0.215164,0.504926,-0.487462,0.0661069,0.280039,-0.0729076,0.108168,-0.541522,-0.11,-0.275,-0.413764,-0.0738915,-0.110925,-0.0370178,0.141173
-5.55076,1.71299,-0.398069,-0.458691,-0.21461,0.2115,0.523022,-0.619586,-0.15716,0.241019,0.0509742,-0.152987,-0.53438,-0.0863515,-0.585442,-0.0109175,-0.132629,-0.569747,0.0996799,-0.0531284
-5.51936,1.88029,-0.491305,-0.666565,-0.236353,0.205793,0.523565,-0.244418,-0.101655,0.283626,-0.286922,-0.00986876,-0.37391,0.119486,-0.29267,-0.169223,0.0738787,-0.24717,-0.138567,-0.196423
-5.93826,2.21487,-0.385473,-0.495512,0.0158253,0.169846,-0.0118779,-0.125675,0.125022,0.426124,-0.1758,-0.203772,-0.349009,0.0138425,-0.296874,-0.16893,0.287673,0.140534,-0.0186714,-0.171514
-6.5339,2.99843,-1.10836,-0.230342,-0.0129653,-0.173953,-0.0563747,0.00280867,0.122232,0.476477,-0.367547,-0.277391,-0.349772,-0.138644,-0.181018,0.136199,0.16294,-0.0483797,-0.0859046,0.167311
-6.53177,2.979,-1.02628,0.00115537,0.178116,0.281073,0.249947,-0.248051,-0.210216,0.247484,-0.30066,0.0666288,-0.186914,0.149332,0.0680251,0.175344,0.095774,-0.0402326,-0.109067,0.0198424
-5.99503,2.54578,-0.869062,0.0144434,-0.415339,0.181979,0.219913,-0.190826,0.299673,0.225919,-0.131643,0.11538,-0.181773,0.179439,-0.112689,0.261366,-0.0571483,0.0632301,-0.255523,0.158975
-6.11063,2.93995,-0.793271,0.206931,-0.128664,0.202795,0.226144,0.0079799,0.0672856,0.132008,0.051922,-0.159519,-0.281562,0.0175477,-0.0780672,0.244222,0.019742,-0.149707,-0.239238,0.0828454
-6.53742,3.32566,-0.852514,-0.0302528,-0.154698,0.447094,0.359639,0.278048,0.0733718,0.235128,-0.320076,-0.344864,-0.362162,-0.189433,-0.0999646,-0.00317502,0.0741855,0.0964905,0.0871076,-0.00936482
-6.7572,3.33832,-0.805416,0.319549,0.118447,0.211284,0.246437,-0.106745,-0.0239361,0.200776,-0.268743,0.0750064,-0.409351,-0.0603155,-0.282025,-0.309989,0.230857,-0.00279873,0.0361061,-0.0601085
-6.91536,3.02349,-0.703661,0.30066,-0.0720507,-0.174545,-0.175778,-0.109445,-0.342057,-0.16203,-0.264735,-0.093854,-0.285672,-0.0833674,-0.143617,-0.232905,-0.0604098,-0.476405,-0.299743,-0.0596597
-3.99043,3.06182,0.483092,0.356851,0.275161,0.415406,0.070793,-0.110102,0.146598,0.204233,-0.00922346,0.288022,-0.0611651,-0.0444584,-0.0100093,0.0151875,-0.0967801,-0.0836253,-0.0373428,0.0857876
-4.97531,2.86967,0.901068,0.678841,0.428879,0.569915,0.403081,0.397979,0.325986,0.297761,0.217192,0.0115789,0.206139,-0.0243457,0.122241,-0.0356495,-0.0534228,0.0272366,0.0721033,0.103236
-7.45328,2.69534,0.739386,0.35687,0.683181,0.522519,0.510404,0.399886,0.480088,0.0661996,0.0206429,0.287483,0.240696,0.0268319,0.0194023,0.341228,-0.0128694,0.058766,0.202951,0.0257229
-7.69995,3.68819,0.550337,0.653598,0.88595,0.657391,0.162294,0.499449,0.684046,-0.0289429,0.239779,0.312198,0.360889,-0.106005,-0.027323,0.347558,0.10787,-0.0697965,-0.14867,0.0831987
-8.23213,3.6416,-0.222376,0.635013,0.760843,0.309881,0.260164,0.19269,0.327687,-0.281232,0.292933,0.460287,0.136301,-0.0703452,0.0736195,0.561318,0.125282,-0.141083,-0.203946,0.378631
-8.04618,3.8097,-0.188916,0.482872,1.05892,0.77997,0.373459,0.400184,0.438881,-0.100206,0.202645,0.291046,0.216305,-0.0519731,0.050522,0.364178,-0.0293018,0.0145558,-0.245681,0.130481
-8.60843,3.55618,-0.418333,0.266688,0.638092,0.450948,0.223733,0.575974,0.505607,0.0829968,-0.221446,0.210819,0.332404,-0.164166,0.13372,0.298954,0.176093,0.295074,0.0480397,0.340496
-8.16775,3.61176,-0.388576,0.164046,0.547138,0.510785,0.0242611,0.309789,0.357247,0.127058,0.0696573,0.290948,0.2679,0.0296941,0.0714755,0.203162,0.411077,0.348375,-0.0721553,0.249842
-7.23789,2.5878,-0.0465107,-0.0495757,0.276863,0.383027,0.0857833,0.00804945,0.533154,0.258961,0.0106082,0.224398,0.326522,0.0491211,-0.184743,0.287528,0.470913,0.232896,-0.0880768,0.00634714
-7.83717,3.12299,-0.149926,0.14884,0.564393,0.511141,-0.0392624,0.507339,0.319946,0.00881247,-0.0243903,0.00492932,0.125707,0.045417,-0.0646806,0.149767,0.527784,0.263388,-0.218115,0.0210348
-5.94255,2.08497,0.14367,0.439217,0.197834,0.186098,0.564795,0.138553,0.159268,0.246191,-0.13449,0.260863,-0.153591,0.448825,0.00792959,-0.0478006,0.240963,-0.185701,-0.0999083,0.0133112
-6.51109,2.50599,0.18685,0.536695,-0.0601112,0.564848,0.264247,0.113708,0.141413,0.633056,-0.224522,0.458817,0.301734,0.210878,-0.130415,-0.114555,-0.11252,-0.188826,-0.00377998,0.304464
-7.21168,3.2378,-0.483607,0.479564,-0.152538,0.601357,0.385815,-0.00385505,0.312607,0.633278,-0.158852,0.40033,0.107259,0.157974,-0.124606,-0.176267,0.000155557,-0.163681,-0.10351,0.171554
-7.32544,3.13708,-0.291691,0.426574,-0.326343,0.418741,0.296093,-0.0439671,0.132869,0.224736,0.481901,0.360224,0.106223,0.243338,-0.051482,-0.192593,0.0698216,-0.011781,-0.0959607,0.332816
-7.4446,3.01633,-0.149365,0.475212,-0.0156171,0.24327,0.516155,0.0507347,0.137802,0.376517,0.151604,0.101897,0.197233,0.206417,0.146252,-0.0240252,-0.303677,-0.0692056,0.176474,0.125625
-7.333,2.95484,-0.312076,0.512295,-0.018948,0.34807,0.424705,-0.218112,0.103257,0.377536,0.00909902,0.154275,0.1828,0.373615,0.164239,-0.0385518,0.141639,-0.0271309,-0.0275062,0.125997
-7.27553,3.07372,-0.437665,0.481187,0.0451463,0.174297,0.237092,-0.240146,-0.172834,-0.0783598,-0.158332,0.160354,0.0221118,0.00204552,-0.204081,0.0258105,-0.17827,-0.123492,0.129342,0.108403
-7.22926,3.25617,-0.820973,0.065877,-0.059222,0.227313,0.0161299,-0.15411,-0.0891433,-0.0253729,-0.0219405,0.0870224,0.143975,0.0540135,-0.102688,-0.0380865,-0.0123259,-0.0190624,0.109638,0.273755
-7.6654,3.49006,-0.3576,-0.053282,-0.3225,0.292388,0.329509,-0.0746976,-0.351658,-0.0217061,0.0517168,0.24991,0.0341931,-0.212555,-0.167334,0.0247182,-0.258459,-0.0847925,0.138086,0.201178
-7.47049,3.01169,-0.379381,-0.104136,0.0984191,0.0529908,0.112309,-0.289335,-0.129646,-0.448003,0.111493,-0.00958999,0.252817,-0.202194,-0.289418,-0.0870594,-0.386381,0.0779965,0.104704,0.220643
-6.26167,1.30431,0.0637617,0.2441,0.59497,-0.0842427,0.00171897,0.10434,-0.221343,-0.408706,0.00100852,0.0252932,0.0736516,-0.106353,-0.32958,-0.223776,-0.233539,-0.0586574,0.203872,0.0932225
-5.42513,1.1961,0.498348,0.222217,0.394907,0.269693,0.248484,0.160926,0.169531,-0.0201176,0.0241526,-0.358384,-0.231512,-0.00836595,-0.0943534,-0.158192,0.121006,-0.0283203,-0.174514,0.143924
-6.65609,2.54125,-0.144862,0.593555,0.33226,0.440954,0.121011,0.317104,0.232501,-0.152409,-0.24053,-0.237488,-0.418306,0.166142,-0.0498816,-0.232885,0.111667,-0.230861,-0.0152032,0.165405
-7.32044,2.64614,-0.599405,0.650124,0.537672,0.364213,0.445976,0.568053,0.382684,-0.396609,-0.359717,-0.308776,-0.326014,0.0502987,-0.283678,-0.215577,0.141757,-0.150515,-0.276973,0.0604588
-7.41053,3.08067,-0.337742,0.477479,0.0402997,0.396179,0.735752,0.562873,0.366817,-0.527774,-0.264534,-0.0597493,-0.198395,0.039707,-0.293404,-0.228733,0.298449,-0.392828,-0.235071,0.163225
-7.33963,3.28706,-0.440737,0.444843,0.165375,0.266943,0.581078,0.635418,0.407323,-0.563348,-0.304356,-0.0963447,-0.154033,-0.0742988,-0.220513,-0.17836,0.135028,-0.384005,-0.156195,0.157193
-6.29253,2.26564,-0.196766,0.503569,-0.142713,0.59773,0.828524,0.312073,0.378211,-0.139691,-0.317923,-0.0662949,-0.215848,-0.0211124,-0.125729,0.151471,-0.202718,-0.629283,0.039606,0.237652
-6.63001,2.88974,-0.372033,0.68148,0.0590921,0.345429,0.661212,0.345831,0.223539,-0.163485,-0.174572,-0.0839766,-0.112063,0.0293389,-0.229855,-0.0887323,-0.160474,-0.478063,-0.0708854,0.291254
-6.95756,2.79139,-0.37808,0.942452,0.134829,0.445064,0.578837,0.0398152,0.488033,-0.421088,-0.15246,0.212456,-0.14226,-0.161288,-0.26122,0.0340777,-0.181893,-0.383042,-0.0656993,0.236964
-6.99492,2.60046,-0.365233,0.646554,0.393835,0.252923,0.38962,0.39369,0.538964,-0.113666,-0.128654,-0.0109184,-0.0846436,-0.0963572,-0.228854,0.0433336,-0.0301795,-0.356582,-0.310069,0.236312
-6.77342,2.52247,-0.389074,0.685632,0.519003,0.0127663,0.545748,0.268449,0.281561,-0.0689929,-0.40634,-0.0764644,0.178478,0.125599,-0.155307,-0.17392,-0.0789926,-0.286027,-0.140571,0.0960251
-7.2015,2.64132,-0.181256,0.64958,0.417815,0.39751,0.43366,-0.0258321,0.178662,-0.055082,-0.330015,0.107463,0.241121,-0.00802136,-0.408677,0.0173966,-0.409948,-0.00706869,-0.0708519,0.219787
-6.54494,2.59792,-0.280401,0.332599,0.0536861,0.0923906,-0.0454623,-0.108414,-0.134188,0.161254,0.0386276,-0.0496293,-0.0390367,-0.163496,-0.27834,0.16715,-0.313584,-0.0821615,-0.158182,0.219295
-6.64784,3.1086,-0.289784,0.549852,0.0630927,0.405363,0.209646,0.190412,0.0934298,0.277099,0.000751295,0.119029,-0.0170079,-0.0119148,-0.21579,-0.0208276,-0.173779,-0.159746,0.032171,0.148351
-6.937,3.23443,-0.316734,0.46959,0.221527,0.300298,0.038664,0.14291,0.0397697,0.0736986,-0.0959067,0.160957,0.377968,0.0958149,-0.307542,-0.0490635,-0.0168416,-0.149958,-0.185822,0.116565
-7.05175,3.03506,-0.376911,0.313647,0.448575,0.440739,0.131114,0.00216933,0.330886,0.118664,0.146005,0.0366835,0.258778,-0.0920128,-0.107737,-0.163733,-0.473179,0.000830874,0.111424,0.219367
-6.50444,2.44499,0.00635147,0.279081,0.399374,0.403595,-0.0661361,0.0422889,0.701305,-0.178034,0.319975,-0.0164776,0.16581,-0.212116,-0.194676,-0.193593,-0.376913,0.0366994,0.210753,0.227012
-6.34559,1.9134,0.152961,0.559099,0.356184,0.43853,0.22584,0.247737,0.541029,0.0709258,0.322263,0.00366036,0.125621,0.260403,-0.129553,-0.557291,-0.368561,-0.121831,0.141354,0.21938
-7.57669,2.79268,-0.115004,0.831927,0.53378,0.488257,0.48068,0.52871,0.177208,-0.0598654,-0.134851,-0.201737,-0.0289077,0.164886,-0.186422,-0.390995,-0.247546,-0.186134,-0.101139,0.179359
-7.88772,3.06935,-0.406803,0.816646,0.469735,0.537236,0.575582,0.586774,0.33667,-0.275786,0.194207,-0.0748787,-0.156916,-0.0419673,-0.188804,-0.223989,-0.203579,-0.359765,-0.126344,0.295428
-8.18662,3.13529,-0.552,0.6357,0.448723,0.744436,0.578683,0.309861,0.419261,-0.0513017,0.421423,0.00302728,-0.230489,-0.342436,-0.536831,-0.521972,-0.0679355,-0.172796,-0.271114,0.324901
-7.54974,2.82259,-0.151374,0.605264,0.345174,0.575063,0.395006,0.325159,-0.172767,0.158254,0.166864,0.255916,-0.0951176,-0.225083,-0.259852,-0.377114,-0.154582,-0.208009,-0.25503,0.244818
-2.72889,1.80909,-0.357902,0.218495,0.214776,0.121112,0.16129,-0.0384569,0.0656134,0.125793,-0.311586,-0.0643329,-0.00337935,0.0604302,-0.171522,-0.0566035,-0.0687371,-0.0283742,-0.360265,-0.0185928
-3.10694,1.56899,0.534173,1.01815,0.597319,0.175628,0.471046,0.222446,0.184588,0.284274,0.277037,0.125982,0.093268,0.290084,-0.0598344,0.0699247,-0.10996,0.072576,-0.289208,0.0308924
-5.34692,1.75809,0.666204,1.13453,0.341462,0.361884,0.836244,0.415824,0.286282,0.264814,0.291581,0.0788251,0.250156,0.158867,0.269094,0.174733,-0.339374,-0.256772,-0.146061,0.045573
-6.43795,2.41664,0.213192,0.829154,0.212354,0.318066,0.48569,0.336419,0.458191,0.271257,0.0813823,-0.0287319,-0.115628,0.233541,0.365413,-0.0063215,0.00259935,-0.258556,-0.160435,0.273663
-6.52976,2.77378,-0.368251,0.765749,0.195126,0.450078,0.308645,0.380731,0.227003,0.0307753,-0.132037,-0.176047,-0.151993,0.220005,0.53019,0.221064,0.112654,-0.277801,-0.0692642,0.296444
-6.56119,2.97241,-0.297442,0.858818,0.218365,0.450875,0.122055,0.277663,0.167789,0.281501,-0.231616,-0.0234803,-0.0831446,0.219446,0.518867,0.0912136,0.13182,-0.128244,-0.178213,0.384962
-6.67928,3.14577,-0.577117,0.644357,0.187472,0.356847,0.0983736,-0.00100933,-0.0744775,0.0586987,0.0244331,0.0810114,-0.297034,-0.127171,0.00639448,0.0156817,0.121862,0.144682,0.117066,0.471699
-6.80232,3.07515,-0.269388,0.600353,0.175153,0.386896,0.115827,0.021007,0.176586,0.0367251,-0.0816739,-0.105312,-0.337299,0.302815,0.186653,0.182858,0.19182,-0.0467626,-0.114303,0.462046
-6.27069,2.6843,-0.368918,0.212961,0.207581,0.311424,0.232903,0.132504,0.248318,0.178588,-0.404251,-0.0266153,-0.386097,-0.146517,0.142594,0.089531,0.155617,-0.254299,-0.267649,0.398414
-6.74174,2.9034,-0.323215,0.446553,0.327236,-0.0200561,0.238103,0.307512,0.456613,-0.0247923,-0.126369,-0.0765646,-0.349669,-0.0855851,0.133779,-0.0461803,-0.138785,-0.386958,-0.101819,0.232755
-5.69409,1.61562,0.145017,0.426018,0.41401,0.344017,0.358822,0.142098,0.316802,-0.0779735,-0.163561,0.00716615,-0.212829,-0.059739,-0.285297,-0.186325,-0.19485,-0.289831,0.14207,0.356744
-5.88482,1.93421,0.0116459,0.774406,0.454276,0.535601,0.359383,-0.0388668,0.14029,0.095529,-0.341682,0.0609525,-0.162898,0.095482,-0.110295,-0.421732,-0.394677,-0.352706,0.153768,0.693891
-6.69908,2.8654,-0.285538,1.08677,0.181095,0.561833,0.182423,-0.166462,0.157188,-0.0531584,-0.381681,0.0801071,-0.419459,0.189967,0.186613,-0.162884,-0.148233,-0.367872,-0.0177523,0.340121
-6.89448,3.15056,-0.741936,0.609329,0.368542,0.678596,0.276914,-0.182179,0.0362108,0.0369878,-0.364981,-0.29248,-0.477371,0.180351,0.392513,0.0524144,-0.115429,-0.277678,-0.327099,0.303502
-7.06303,3.3598,-0.58156,0.631461,0.177901,0.349871,0.496936,-0.215579,0.00365446,0.0459739,-0.349851,-0.130116,-0.491662,0.201049,0.181484,-0.251779,0.0593412,-0.36616,-0.18801,0.321304
-6.79862,3.11993,-0.61458,0.596646,0.095992,0.625145,0.124418,-0.0548984,-0.107536,0.171919,-0.104837,0.0325828,-0.425683,0.194425,0.0312944,-0.220485,-0.187925,-0.26777,-0.074171,0.266943
-6.14273,2.46207,-0.216658,0.938056,-0.0220656,0.725191,-0.125665,0.222295,0.0416803,0.38593,-0.107546,-0.0128306,-0.533284,0.093987,0.0255699,-0.124526,-0.0961657,-0.479325,-0.144816,0.46593
-6.78515,2.7521,-0.568951,0.774094,0.112605,0.541923,-0.0101375,0.115746,0.122158,0.413504,-0.0703338,0.175928,-0.484124,0.139475,-0.0636432,-0.0877319,-0.0889409,-0.500113,-0.200025,0.462049
-7.34122,3.20553,-0.78692,0.383891,-0.158836,0.498185,0.159984,-0.017551,-0.153302,0.115716,-0.250983,0.192709,-0.172141,0.0553981,0.101831,-0.0195391,0.122642,-0.255769,-0.414656,0.418592
-7.00849,3.01845,-0.626098,0.569442,-0.0865183,0.4562,0.204977,0.224694,-0.127702,-0.278668,-0.297226,-0.179362,-0.169464,0.180007,0.150627,0.325793,0.0447087,-0.493452,-0.326342,0.433731
-6.57742,2.31273,-0.0707886,0.421855,0.153854,0.249694,0.42842,0.231982,-0.0747069,-0.130951,-0.633259,-0.279247,-0.233306,0.320927,0.72848,0.094351,0.10557,-0.328379,-0.108135,0.235899
-6.12989,1.94679,0.19573,0.389596,0.144232,0.246492,0.335101,0.216413,0.125309,-0.541689,-0.117265,-0.408641,-0.272178,-0.139148,0.433993,0.170115,0.179499,-0.199275,-0.121941,0.213652
-5.31166,1.20229,0.176684,0.19088,0.407072,0.291572,0.192723,-0.0559132,0.147362,-0.662977,0.21201,-0.0999437,-0.139663,-0.399434,0.225385,0.35801,-0.1282,-0.0392713,-0.0359913,0.419109
-5.55052,1.84679,0.207633,0.433827,0.126014,0.53289,0.51019,0.0176123,0.34499,-0.269044,-0.282163,0.0405838,-0.00652704,-0.0238555,0.144306,0.128934,-0.168727,-0.137955,-0.177957,0.309268
-6.30666,2.72571,-0.194825,0.567366,0.145904,0.515606,0.0489498,0.152145,0.57431,-0.15458,-0.530571,-0.0247871,-0.182431,0.152422,0.0208108,-0.0285841,-0.258695,-0.0984008,0.0267333,0.193892
-6.277,2.37378,-0.470325,0.577247,0.0788034,0.499719,0.0630873,0.294724,0.331019,-0.453259,-0.369819,-0.0873721,-0.0757383,0.0537854,0.038966,0.181394,0.0737851,-0.268438,-0.175368,-0.0657834
-5.85564,1.87496,0.113377,0.921089,-0.0741784,0.361499,0.157192,-0.110141,0.51859,-0.207577,-0.278844,-0.526875,-0.0389048,-0.0740808,0.178752,0.0406777,-0.252855,-0.285805,0.104176,0.295345
-5.96084,2.45693,-0.436746,0.554175,0.0271788,0.342649,0.0878802,-0.17192,0.095012,-0.0487221,-0.0837679,0.023691,-0.0941353,0.117197,-0.0315032,0.221856,0.0358796,-0.237572,0.0453474,0.058623
-6.87752,3.07586,-0.403723,0.802848,0.0350018,0.172472,0.181353,-0.0304399,0.296423,-0.379832,-0.48525,-0.0298514,-0.188664,0.169141,0.1085,-0.0447462,-0.118188,-0.0877576,0.219339,0.0222391
-6.71613,2.72217,-0.27829,0.576078,-0.188392,0.199746,0.265286,0.0613053,0.239918,-0.0142744,-0.211413,-0.0334866,0.0130907,0.00771704,0.138085,-0.189167,-0.394545,-0.164434,0.0393154,0.263226
-7.06711,3.12154,-0.334049,0.60889,0.038576,0.282759,0.204314,0.16876,0.47204,0.0493039,-0.187124,-0.071354,-0.0136766,0.0511317,-0.420452,-0.41819,-0.333287,-0.168884,0.0677012,0.301463
-5.92122,3.24948,0.218254,0.774836,-0.0455958,0.119418,0.0586973,-0.120473,0.0517578,0.16601,0.102599,-0.0326986,-0.0217665,-0.228076,-0.357297,-0.0956921,-0.0408989,-0.273713,-0.168133,-0.0860562
-5.71011,3.43277,0.760622,1.22548,0.381645,0.586715,0.384466,0.176042,0.333694,0.361713,0.246729,0.130761,0.103642,0.171606,0.138218,0.167149,0.179334,-0.368968,-0.159874,-0.123788
-6.68775,2.73638,0.701208,1.22314,0.332116,0.313168,0.590195,0.505442,0.469101,0.188178,0.263164,0.33755,0.32032,0.129683,-0.0691252,-0.112139,0.239322,0.089103,0.174299,0.264728
-7.91731,3.00856,0.0254794,0.853717,0.0177258,0.6644,0.462416,0.079843,0.434202,0.221718,0.101548,0.270169,0.13745,0.319161,0.130083,0.0400805,0.188983,-0.0246966,0.197248,0.328864
-7.6124,3.02118,-0.0761502,0.884177,-0.0809513,0.427047,0.433579,0.26708,0.399708,0.161392,0.0208594,-0.0715934,0.143357,0.16182,0.328877,0.244345,0.246698,0.105678,0.0740629,0.333852
-7.39514,2.88564,-0.0311298,0.725464,0.130373,0.349129,0.337399,0.323649,0.48471,0.0441129,0.136936,-0.194159,-0.0423694,0.299933,0.637338,0.399902,0.10819,0.112285,0.111928,0.427036
-7.08189,2.81877,0.310432,0.758528,0.134739,0.305239,0.121204,0.302784,0.550641,-0.0708136,0.385063,-0.121525,-0.131347,-0.00908163,0.490874,0.454706,-0.0919042,0.105092,0.139154,0.297637
-5.8792,1.90681,0.500795,0.193692,0.105735,0.449256,-0.0639147,0.450971,0.453016,-0.266731,0.37181,0.172298,0.225016,0.180531,0.322218,0.0824483,-0.0798025,0.26924,0.0179568,0.139946
-6.54183,2.97225,0.269993,0.756289,0.0884188,0.425628,0.136377,-0.0173428,0.576184,0.173859,-0.101701,0.216156,-0.0510404,0.0413271,0.0520066,0.0350767,0.0379468,-0.0943439,-0.0129932,0.266348
-7.22945,3.31949,0.113503,1.09625,0.18103,0.226814,0.206111,-0.0871241,0.584449,0.0937805,-0.201937,0.497434,-0.243637,0.108359,0.110119,0.0839255,0.1076,-0.167144,0.176927,0.138589
-7.08966,2.98057,0.179577,1.30838,0.387275,0.0739313,-0.295971,0.177803,0.434226,0.0576818,-0.0567615,0.22484,0.0721038,0.0499464,0.161394,0.0440228,0.161636,0.144244,0.0522627,0.0164413
-5.6603,2.78165,0.491643,1.00068,-0.100354,-0.0161457,0.0778805,-0.0280749,0.587475,0.192996,0.0442996,-0.225428,-0.181761,0.0760744,0.0253126,-0.029278,-0.00137239,-0.209516,0.144479,0.366107
-4.07345,2.44461,1.3889,0.806589,0.213578,0.19095,0.338183,0.335558,0.244148,0.245234,-0.134711,0.00468135,-0.247652,0.162599,-0.0175113,-0.00811022,-0.0387006,-0.109769,0.131467,0.0805509
-6.72991,2.07149,1.25046,0.956233,0.702723,0.340809,0.572324,0.681777,0.106674,0.222943,-0.104363,0.202633,0.115221,0.356823,0.0188031,0.123751,-0.0954827,-0.00701076,0.140015,0.185204
-7.42304,2.19108,0.850805,0.674173,0.62215,0.660983,0.656871,0.655067,0.0176348,0.251551,-0.182411,-0.104435,0.334313,0.386756,0.164675,0.350721,-0.0453486,0.0136583,0.268631,-0.0503509
-7.99848,2.50867,1.01154,0.599587,0.302817,0.334633,0.420168,0.711425,0.152431,0.332568,-0.125317,-0.0371866,0.390323,0.561101,0.017367,0.228615,-0.0553557,0.109717,0.206209,-0.103472
-7.78146,2.47364,0.699863,0.698391,0.168595,0.397396,0.363405,0.356554,-0.0428602,0.492874,-0.309334,0.0970357,0.528245,0.494223,-0.0913475,-0.28884,-0.0257376,0.126516,0.120404,-0.127242
-7.02786,2.52146,0.409633,0.783323,0.163039,0.332078,0.162713,0.504262,0.0372193,0.188202,-0.358537,0.287148,0.278449,0.251164,0.21946,-0.0614356,0.00615041,-0.160811,0.0511481,0.0975519
-6.87252,2.61188,0.477208,0.964924,-0.0811876,0.109959,0.236929,0.693555,-0.062891,0.171227,-0.644969,0.205416,0.141895,0.0802042,0.36255,0.100639,0.0759771,-0.189018,0.0889226,0.0705271
-7.06805,2.39529,0.39224,0.848675,0.105568,0.375477,0.177543,0.453096,-0.22741,-0.0995239,-0.369558,-0.0484236,-0.201336,0.0171749,0.43875,0.413621,0.00638343,0.231819,0.303043,-0.155788
-7.34935,2.4182,0.180654,0.879966,0.17008,0.363689,-0.109442,0.466882,-0.344374,-0.473705,-0.395976,-0.266759,-0.108354,0.282142,0.428715,0.039556,0.119668,0.209079,0.281859,0.167493
-7.07397,2.49585,0.103939,0.825357,0.036359,0.0202902,-0.141041,0.291928,-0.103273,-0.182875,-0.27441,-0.11158,0.262322,0.322128,0.401094,0.0203661,-0.253499,0.183441,0.399531,0.273286
-6.7304,2.49118,0.162627,0.674207,0.24369,0.222353,-0.126742,0.034835,-0.0566783,-0.0844171,-0.117191,-0.315667,0.036889,0.235299,0.381489,0.131961,-0.311501,-0.0334914,0.129886,-0.00814432
-5.89782,1.5737,0.509523,0.380061,0.334657,0.250591,-0.112915,-0.0038241,0.0510283,-0.260252,0.121053,-0.422613,-0.0592392,0.222886,0.317831,0.31853,-0.133086,-0.0547954,0.0517208,-0.208778
-6.36972,1.9761,0.415734,0.426303,0.0713685,0.335498,-0.105718,-0.149547,0.331177,-0.120452,-0.133429,-0.0464559,-0.0688341,0.172649,0.0503887,0.0724405,-0.0172416,-0.0300389,-0.10862,-0.123852
-6.91348,2.59478,0.378835,0.415796,0.0476102,0.435018,-0.0606561,-0.388422,0.244544,-0.148265,-0.258075,-0.012676,-0.16263,0.272872,0.123796,0.103949,-0.174953,0.0467818,0.287206,-0.0903324
-7.12544,2.62521,0.106756,0.70007,-0.0161001,0.234443,-0.0301451,0.0791835,0.125093,-0.174199,-0.00822699,-0.0109056,0.00947414,0.245156,0.346879,0.116734,0.0919558,-0.0988523,0.330368,0.0191799
-6.75749,2.35196,0.182007,0.748581,-0.311945,0.299391,-0.0922577,-0.0411525,0.215677,-0.0226453,-0.0918994,-0.421152,-0.00721668,0.335183,0.427232,0.0645554,0.209736,-0.0588321,-0.0781505,0.104511
-6.25443,2.22521,0.196312,0.732793,0.0457479,0.246086,-0.0687374,0.0229471,-0.445144,0.0253362,-0.358191,-0.291623,-0.079926,0.335968,0.417142,0.174058,0.009587,-0.125778,0.0804977,-0.210479
-6.82914,2.66403,0.154234,0.395956,-0.0498003,0.429629,-0.151648,-0.0406653,-0.275959,0.197638,-0.404563,-0.0537267,0.0813001,0.882409,0.576728,0.299551,-0.231435,0.0198927,-0.0187814,-0.0147757
-6.71647,2.50422,0.107772,0.244501,-0.143467,0.218485,-0.20197,0.118627,-0.118375,0.264229,-0.165452,-0.10913,0.390972,0.710517,0.413791,0.198384,0.193861,0.00274508,-0.237321,-0.286044
-6.79544,2.55978,0.316323,0.226623,0.116586,0.151722,-0.204722,-0.109927,-0.245949,0.266895,-0.124387,0.0514633,0.65298,0.469775,0.168097,0.287252,-0.130041,-0.254116,-0.0952023,-0.116572
-5.59666,1.71229,0.298987,0.242727,0.133048,0.0373685,-0.000403617,-0.304428,-0.34585,0.117732,0.183224,0.303809,0.530921,0.338235,0.392653,0.0502356,0.104199,-0.193697,-0.15536,-0.04377
-5.84382,2.08924,0.501704,0.533866,-0.13044,0.095232,0.0652989,-0.131836,-0.119291,-0.316225,-0.21825,0.260755,0.441259,0.514675,0.498202,0.183595,0.151093,-0.194193,0.05169,-0.219088
-4.96775,2.06494,0.556332,0.679832,-0.133742,0.237325,-0.0528891,0.0551836,-0.143282,-0.169859,0.0325629,0.0723832,0.284351,0.430611,0.448337,0.102158,-0.485274,-0.562512,0.209435,-0.0184907
-6.25998,2.95374,-0.0360518,0.627391,-0.334526,0.160485,-0.347877,-0.00669231,-0.0433573,-0.0881965,0.0405417,0.0286301,0.297531,0.337675,0.680371,0.291222,-0.494684,-0.410116,0.291806,0.182472
-6.64882,2.92637,-0.273863,0.660451,-0.333951,-0.0702692,-0.34053,0.0419403,-0.326987,-0.148886,0.0712601,-0.000957074,0.124324,0.1748,0.206798,-0.0758733,-0.430753,-0.131074,0.0102798,0.241476
-6.77075,2.85356,-0.0985461,0.323135,-0.206835,-0.0214895,-0.194919,-0.0779548,-0.117699,0.038187,-0.00923955,0.0453114,0.0900362,0.0376176,-0.0175122,0.0427142,-0.502723,-0.212389,0.119431,0.256918
-6.92921,2.66784,-0.0389157,0.360241,0.209894,0.194626,-0.104563,0.0551941,0.0209938,-0.292743,-0.0482899,-0.17358,-0.0212899,0.132899,0.192564,-0.0876532,-0.573526,-0.00814835,0.157773,0.335631
-5.63337,1.71514,0.536235,0.196758,0.304178,0.080073,0.123606,-0.102608,0.0426962,-0.0303449,-0.10324,-0.00837215,0.151514,0.280634,0.093689,-0.179308,-0.405179,-0.13904,0.305178,0.0575827
-6.54643,2.81949,0.0261483,0.435248,0.0147184,0.0691327,0.19167,-0.0635131,0.251986,-0.118467,-0.254151,-0.191702,-0.13162,0.19207,0.272607,0.218407,-0.35957,-0.249562,0.110652,-0.118147
-7.15029,2.86318,-0.0255398,0.487959,0.0523115,-0.383622,0.10973,-0.206395,0.229565,-0.0180408,-0.335105,-0.304563,-0.427819,0.0725212,0.112014,0.553251,-0.0733161,-0.3758,0.0520222,-0.114733
-6.71695,2.70379,0.0227764,0.432104,0.114661,-0.350822,0.0826831,0.10738,0.164507,-0.272662,-0.310703,-0.0747386,-0.155037,0.00372958,0.265749,0.162715,0.139038,0.0216361,0.0457157,-0.265348
-5.68432,1.63962,0.190053,0.523588,0.131078,0.0556824,0.229735,-0.0928928,0.0850498,-0.185556,-0.18236,-0.185208,-0.264161,0.0665501,0.153475,-0.0166302,-0.084112,0.00804488,-0.0229935,-0.15226
-5.48694,2.03321,0.236334,0.562736,0.245882,0.246802,0.0795837,0.265812,-0.163249,0.0244971,-0.046229,0.0118355,0.163434,0.157775,-0.109522,-0.000547884,-0.354718,0.0222858,0.345759,-0.0138577
-5.80598,2.59758,0.113296,0.4286,0.109318,0.536155,0.210935,0.36079,-0.177428,0.182947,0.13078,-0.125403,0.392757,0.335567,-0.269188,-0.100591,-0.488456,0.18405,0.376719,0.0519401
-5.51779,2.08914,0.601176,0.266519,0.275143,0.312232,0.307392,0.148056,0.256882,-0.0585763,0.0579935,0.199616,0.202755,-0.00741899,-0.132356,-0.257037,-0.0874938,-0.00306983,0.234947,0.119857
-6.20469,2.64293,0.0848615,0.833886,0.317332,0.321221,0.236249,0.00306107,-0.116817,0.00473639,0.150583,0.0884957,0.241548,0.0686628,-0.0262951,0.0784749,-0.232772,-0.146398,0.158872,0.166644
-6.19762,2.4313,0.0467819,0.979962,0.218831,0.416633,0.154221,0.0980199,-0.0494894,0.0426227,0.0959637,0.053767,0.205853,0.230841,0.143405,-0.176361,-0.443388,-0.0679023,0.0726025,0.186614
-6.11861,2.39705,0.112759,1.03779,0.203744,0.302005,0.19783,0.158207,0.0748483,-0.160508,-0.0832023,0.215589,0.113392,0.444865,0.257233,-0.302629,-0.12145,-0.0229853,0.124812,0.0342048
-5.92407,2.62788,0.0326369,0.831334,-0.049698,0.253814,0.190785,0.176814,0.10011,0.000346986,0.219232,0.238476,0.205093,0.296832,0.341783,-0.152164,-0.378634,0.0296878,0.155454,-0.0584397
-6.69528,3.10206,-0.160213,0.719642,-0.212129,0.227087,-0.0679813,-0.064019,-0.0402805,0.065352,0.497223,0.171056,0.310862,0.345122,0.516882,-0.147037,-0.35789,0.13948,0.158876,0.209547
-6.66622,3.17408,-0.201876,0.665774,-0.108713,0.0908823,-0.0090606,0.112776,-0.0441996,0.00790869,0.441289,0.405742,0.267553,0.374473,0.124793,0.071917,-0.334764,-0.0758814,0.340653,0.176997
-5.92303,2.42968,-0.263773,0.454932,-0.0868019,0.0589139,-0.0230892,0.528252,0.37997,0.406864,0.131017,0.418121,0.0220571,0.127613,-0.189252,-0.0749986,-0.506482,0.100275,0.0836884,0.0880199
-2.45252,1.7972,0.226103,0.704208,-0.0799337,-0.0849636,0.27111,0.0600743,0.328478,0.180789,0.165045,0.344615,-0.0435515,-0.136454,-0.13738,0.0230051,-0.235511,-0.0685773,-0.253434,-0.243394
-3.66913,1.68171,0.684941,0.85303,0.302014,0.262346,0.340414,0.182634,0.325692,0.265892,0.131494,0.197856,0.0821977,0.1373,0.131385,0.295537,-0.141633,-0.302354,-0.117069,-0.157343
-5.14817,2.31601,0.737058,0.880732,0.667491,0.323631,0.0525261,0.0522713,-0.198649,0.0385136,0.295575,0.355501,0.222566,0.0295133,-0.376876,-0.154468,-0.14129,-0.11115,-0.257624,-0.222819
-5.87598,2.33247,0.596338,0.424028,-0.0741332,0.10964,-0.182853,0.0131235,-0.385348,-0.0914259,0.289309,0.23131,0.0759114,0.215375,-0.173347,0.0474807,-0.0851158,-0.553746,-0.307499,0.137751
-5.99197,2.30705,0.301563,0.331038,0.0715203,0.218743,-0.13867,0.107045,-0.217065,0.0730962,0.264139,0.406794,0.133837,0.235491,-0.062441,0.282778,-0.00727298,-0.245531,-0.343455,-0.112817
-6.0241,2.31088,0.214649,0.5637,-0.116111,0.437753,0.0421371,-0.191052,-0.449316,0.198639,0.566718,0.653575,-0.0200617,0.0447212,-0.233246,0.0261426,-0.301603,0.0119449,-0.0492521,-0.37127
-6.08459,2.67868,0.126195,0.690237,-0.084877,0.343041,0.040457,-0.0109932,-0.115023,-0.0693296,0.454974,0.506124,0.116747,0.0976844,-0.563843,0.183837,-0.274686,0.0761769,-0.13067,-0.14466
-6.28438,2.56313,-0.048952,0.620911,-0.0878467,0.202288,-0.183985,0.223516,-0.266502,0.201643,0.122509,0.305561,0.34745,0.185709,-0.541043,0.120454,-0.15954,-0.214448,-0.119495,-0.239064
-6.38786,2.64253,0.211714,0.695142,0.0188585,0.422133,-0.260386,-0.137044,-0.136593,0.187191,0.156248,0.193191,0.346607,0.213266,-0.260138,-0.0918445,-0.175911,-0.101448,-0.26108,-0.295934
-6.67872,2.7338,-0.0624204,0.863761,0.174953,0.399947,0.115626,-0.17172,-0.292987,0.258288,0.135622,0.000254279,0.486692,0.226192,-0.0457845,0.239736,-0.161239,-0.445846,-0.53673,-0.420614
-6.41048,2.52362,0.101909,0.633671,-0.0697964,0.329643,0.003776,-0.014596,-0.408044,0.121288,0.217161,0.353693,0.121029,0.106815,0.0251909,-0.107811,-0.220793,-0.167806,-0.232441,-0.391216
-5.51144,2.06343,0.328553,0.575516,-0.0620969,0.348167,0.075234,-0.0441507,0.149683,0.00343589,0.142278,0.386752,-0.0438516,0.253039,-0.249452,-0.136465,-0.263969,0.196235,-0.0955156,-0.397908
-5.97891,2.36918,0.202157,0.441752,-0.350036,0.330884,0.0899104,0.199699,-0.110004,0.0818585,0.299289,0.401071,0.0244246,0.140581,-0.103633,-0.0252826,-0.277725,0.352272,-0.0795572,-0.210106
-6.24522,2.75001,-0.0547213,0.466683,-0.29394,0.228326,0.0395517,-0.0400816,-0.1486,0.268511,0.384477,0.00160162,-0.0989418,0.324889,-0.129202,-0.118253,-0.3415,0.430121,-0.00474874,-0.241907
-6.50821,2.82221,-0.0942793,0.644593,-0.15344,0.330451,-0.221046,-0.338923,0.0446705,0.163156,0.298882,0.208844,-0.141604,0.0817102,-0.209859,-0.0507939,-0.38012,0.172359,-0.210493,-0.142778
-6.33803,2.65069,-0.135388,0.696777,-0.222489,-0.0314374,0.030906,-0.183857,0.112198,0.0410579,0.641733,0.301284,0.143738,0.175631,-0.205587,0.151051,-0.0925576,0.0363522,-0.311614,-0.0570792
-5.80561,2.44646,0.353294,0.348155,-0.0852598,0.243371,-0.275591,0.231865,0.0404838,0.161318,0.404301,0.442105,-0.111645,-0.223573,-0.347719,0.192217,-0.173792,-0.261093,-0.121502,-0.191144
-5.79743,2.1877,0.475754,0.44655,0.0516226,0.0523784,-0.39373,0.0934806,0.0710803,0.190005,0.0708646,0.176115,-0.217134,0.0796045,-0.336168,0.116173,-0.335499,-0.332418,0.272846,0.293337
-6.07527,2.44327,0.370234,0.499506,0.0142909,0.0925331,-0.350369,-0.000784017,-0.228539,0.134266,0.393257,0.755993,0.138718,-0.0944843,-0.283871,0.176911,0.0517542,0.155798,0.167691,-0.00807683
-6.20767,2.55131,0.226532,0.462768,0.00923739,0.0903562,-0.0635319,-0.0895889,-0.110088,0.164478,0.334474,0.694028,-0.225281,0.00993942,-0.180864,0.30817,-0.0682905,0.147812,-0.336069,-0.0311665
-5.52733,1.65499,0.76412,0.152618,-0.121987,0.0387784,-0.0304727,-0.260065,0.0604023,0.313714,0.44974,0.568466,-0.0614995,0.0987624,0.159977,-0.00562318,0.114814,-0.326074,-0.208566,0.0050791
-5.80278,2.2245,0.210985,0.370994,-0.403666,0.161491,0.0751085,-0.0981963,0.121991,0.171079,0.584038,0.492309,0.129171,0.180613,0.0109056,0.0087233,-0.369749,-0.239058,-0.204478,-0.164793
-5.62813,1.95086,0.142713,0.610594,-0.129805,0.192563,-0.0746921,0.157889,-0.12643,0.0295023,0.456367,0.617749,0.525033,0.281457,-0.354466,-0.201702,-0.280866,-0.076543,-0.134871,-0.175188
-6.25412,2.25017,0.0416648,0.72943,-0.131611,0.122716,-0.299074,0.174449,-0.186776,-0.0138378,0.437657,0.499318,0.474969,-0.0953106,-0.490383,-0.120789,-0.239536,0.0742227,0.30008,0.0446772
-6.81679,2.80228,-0.335144,0.715149,-0.206008,0.293659,-0.242158,-0.22909,-0.2302,0.0842506,0.626761,0.531983,0.72457,0.195043,-0.28095,0.0263885,-0.234206,-0.0143586,-0.120194,-0.0586108
-7.02111,3.22453,-0.0785941,0.805748,-0.179763,0.144464,-0.339545,-0.327225,0.0315686,0.18346,0.425057,0.333944,0.422014,0.251907,0.0720366,0.208115,-0.220278,0.0103645,-0.330587,-0.396588
-7.471,2.7468,-0.0685819,0.675611,-0.391701,0.0110049,0.0650857,-0.0908901,0.00570716,0.36172,0.145903,0.123455,0.0984321,0.353271,0.426779,0.120655,0.0892946,-0.176344,-0.328623,-0.303245
-4.44007,1.49255,-0.0909472,0.269816,-0.311896,-0.0346257,-0.083432,0.153262,0.0230894,-0.0972808,-0.0291636,0.231508,0.158187,0.336871,0.0210451,0.0875722,-0.20219,0.0517443,-0.212323,-0.192409
-3.67688,1.88874,0.0811806,-0.0442403,-0.51108,0.16384,0.12628,0.216495,0.161046,-0.033683,0.185549,0.200215,0.309867,0.406185,-0.315126,-0.0906659,-0.0641648,-0.0152233,-0.167418,-0.0730419
-5.19577,2.3703,0.465898,-0.133405,-0.695325,-0.238526,0.117921,0.241655,0.269843,0.140597,0.531985,0.632526,-0.176418,0.0123856,-0.252562,0.0246447,-0.148315,-0.32133,-0.124341,0.085282
-4.23135,2.82923,0.837881,0.11013,-0.271127,0.118147,0.344066,0.0447956,0.141252,0.0718919,0.0416189,0.0185945,-0.261576,-0.292246,-0.508079,-0.323993,-0.123453,-0.0657144,-0.018828,-0.121124
-4.92897,2.53119,1.01719,0.669862,0.381157,0.840404,0.82062,0.280039,-0.022149,0.322023,0.346555,-0.0566892,-0.198788,0.135358,0.181376,0.524819,-0.0272242,-0.127876,0.118109,-0.157212
-5.9049,1.8871,0.454362,0.300409,0.171038,0.697519,0.466731,0.269619,-0.0944504,0.236858,0.0555333,0.32666,0.19342,0.478029,0.598097,0.44011,-0.176577,-0.139257,-0.161639,0.0504758
-6.55485,1.75187,0.195004,0.412955,0.030691,0.623345,0.182161,0.19811,0.0704768,0.165369,0.264024,0.569785,0.0943984,0.247251,0.236242,0.347463,-0.328946,-0.32066,0.084554,0.136018
-6.37764,1.9816,0.293034,0.213317,-0.104345,0.373837,0.214025,0.306273,0.274571,0.464064,0.316938,0.338421,0.319978,0.25429,0.0424838,0.199746,-0.279661,-0.152702,-0.17187,0.0174208
-6.56712,2.23501,0.554072,0.160905,-0.3291,0.184193,0.449585,0.490573,-0.102388,0.0602383,0.354444,0.410061,0.252239,-0.0447494,-0.120931,0.220122,-0.0185711,-0.242507,-0.182414,0.210715
-6.04162,2.25439,0.157924,-0.11488,-0.40507,0.316198,0.168982,-0.198945,0.0343721,0.361678,0.27082,0.272791,0.296147,0.238238,-0.183214,0.0907927,-0.204486,-0.299094,-0.103985,0.320171
-6.23177,2.15913,-0.0817538,0.183176,-0.356629,0.291199,0.283369,0.247305,-0.0383056,0.269638,0.762065,0.389916,0.148985,0.173632,0.237974,0.121779,-0.196757,-0.309388,-0.205372,-0.15847
-6.36082,2.46627,-0.338874,0.360394,-0.23529,0.156555,-0.0252622,0.29952,-0.14889,-0.0111877,0.558473,0.600238,0.44927,-0.0321233,-0.252901,-0.155166,-0.458646,-0.335651,-0.196181,-0.16019
-6.30665,2.67002,-0.000256033,0.501903,-0.0287892,0.144632,0.141299,0.0481279,0.0273949,0.164786,0.312152,0.564476,0.0836299,0.165158,-0.0573951,-0.135282,-0.338059,-0.315772,-0.0265682,0.0323925
-5.50716,1.92224,-0.0112354,0.267056,-0.142576,0.32662,0.304808,0.00611466,0.0681589,0.0722318,-0.0458843,0.134166,0.0927598,0.326857,-0.0556874,-0.058468,-0.180084,-0.39455,-0.03185,-0.0400466
-5.72417,2.17176,0.283064,0.262157,0.14725,0.139902,0.120304,0.100516,-0.213604,0.0609316,0.367471,0.155543,0.237839,0.334756,-0.146137,-0.229809,-0.167728,-0.000610772,-0.234556,0.180884
-5.83819,2.82765,0.113813,0.300651,-0.199099,0.257249,0.249511,0.11328,0.236361,0.154345,-0.0119807,-0.0241202,-0.226096,-0.140424,-0.000322846,0.0342937,-0.107078,-0.260559,-0.109364,0.0841739
-3.75342,2.2717,0.747897,0.733528,0.40002,0.197704,0.309074,0.408661,0.614795,0.31573,-0.0522639,0.170305,0.118498,0.378,0.0538951,-0.235425,-0.242684,-0.209674,-0.15967,-0.0572768
-6.02109,2.48197,0.755779,0.593836,0.114201,0.375015,0.519566,0.255733,0.45133,0.358434,0.0456551,0.115164,0.182964,0.384284,0.137682,0.107978,0.0893065,0.0889812,0.191026,0.317778
-6.95817,2.59407,0.47211,0.395528,-0.274716,0.354704,0.340119,0.0801732,0.621495,0.423185,0.149862,0.587914,0.0628008,0.0981101,-0.29169,0.0921021,-0.0053641,-0.000172747,-0.00381199,0.317748
-6.67986,2.70771,0.0331987,0.358699,-0.298645,0.543775,0.605159,0.256518,0.360653,0.581841,0.410235,0.386845,0.1832,-0.0679339,-0.281124,0.355658,0.130434,0.0141507,0.0803897,0.315096
-6.98444,2.23856,-0.0613395,0.43541,-0.0591198,0.587963,0.492767,0.405018,-0.0876581,0.349025,0.536477,0.424345,-0.0149994,-0.0426946,0.341286,0.836029,-0.0334742,-0.240063,-0.0340757,0.121103
-7.11609,2.15768,-0.0976941,0.553933,-0.0722777,0.475888,0.39235,0.212736,-0.0558005,0.367927,0.224797,0.215502,0.0271858,0.169791,0.516864,0.276883,0.0262734,-0.0394846,-0.0229587,0.385004
-6.68012,2.26211,-0.11855,0.59402,-0.0208256,0.365365,0.369512,0.0856087,0.0158402,0.277379,-0.0851875,0.340322,0.281326,0.278324,0.309157,0.16241,-0.0845796,-0.127458,0.0730942,0.277344
-6.74665,2.89258,-0.118025,0.17282,-0.25104,0.120893,0.484792,0.225034,0.0897901,0.29257,-0.171221,0.358082,0.191291,0.244182,0.173569,0.234741,0.0215431,-0.288036,-0.0755218,0.430582
-7.27542,2.89859,-0.455844,0.321253,0.0824863,0.273774,0.446786,-0.103855,0.218199,0.403306,-0.049086,0.348025,0.131424,-0.0389773,-0.254117,0.377901,0.195054,0.163492,0.0758855,0.219426
-6.98498,2.61996,-0.280204,0.582317,-0.0988054,0.492137,0.233301,0.115593,0.176201,0.301607,0.16712,0.225263,0.229393,-0.0355426,-0.193806,0.192427,0.109923,0.00289014,0.108376,0.489521
-6.4837,1.94362,0.0605815,0.432302,-0.267423,0.412829,0.233292,0.00325438,-0.172443,0.119794,0.224266,0.271718,0.0161399,-0.169782,0.145767,0.247189,-0.225704,-0.382338,0.0668988,0.349103
-6.57281,2.29691,0.00324165,0.286834,-0.0666469,0.266109,0.0920156,0.424058,0.231627,0.0791891,0.0787914,0.183459,0.0109939,0.411585,0.0616934,0.0935283,-0.394557,-0.414473,0.00251626,0.309958
-5.1351,1.64702,0.326054,0.75785,-0.0897521,0.387649,0.379987,0.210542,0.204767,0.501277,-0.0258503,0.00156164,-0.221185,0.141512,-0.177235,-0.321243,-0.165322,-0.313751,-0.275166,0.20309
-5.96338,2.3817,0.0382132,0.645011,-0.446126,0.4388,0.596574,0.0801031,0.033306,0.242533,0.19574,-0.262971,-0.116878,0.361725,-0.0916156,-0.154557,-0.19555,-0.127504,0.0121431,0.114726
-6.42869,2.98798,-0.18959,0.774303,-0.27636,0.442043,0.506919,0.0641869,0.168927,0.0923506,0.265515,0.0530382,-0.197324,0.0303167,-0.317851,-0.230213,-0.239466,0.11171,0.0569121,-0.0165312
-6.82029,3.12212,0.00736967,1.04264,-0.224105,0.149598,0.576846,0.0707734,0.0497288,0.0668642,0.193842,0.0974314,-0.182089,0.0998253,-0.30631,-0.423624,-0.0672995,0.294578,0.265367,0.435655
-4.30055,2.16791,-0.25861,0.415463,-0.255255,0.287995,0.357638,0.290209,0.393247,-0.159602,-0.204392,0.00117927,0.166687,0.114157,-0.31969,-0.369632,-0.128915,0.103603,0.197088,0.263146
-5.71386,3.49467,-0.145336,0.518811,-0.343535,0.0716987,0.682272,-0.245656,0.228913,-0.164165,-0.0539314,0.0760144,-0.30214,0.240925,0.00802494,0.197077,-0.101377,0.0552295,0.063239,0.104838
-5.70899,3.07273,0.0686523,0.719428,-0.148067,0.166358,0.378491,-0.0355414,0.52822,-0.00522629,-0.10192,0.282446,-0.366005,0.00536881,0.00341806,0.140761,-0.144422,0.090662,-0.0228727,0.0843804
-5.71655,3.18022,-0.0169856,0.675889,-0.411339,0.327447,0.522013,0.0520273,0.0378685,-0.0902478,0.210848,0.149034,-0.015693,-0.105266,-0.255393,0.263947,0.0317352,-0.299476,0.0998082,0.269317
-6.20473,2.81384,-0.159427,0.571807,-0.0247739,0.26034,0.123316,-0.181474,-0.185959,0.2679,0.150272,-0.00559261,-0.225743,-0.199443,-0.0231047,0.552902,-0.225946,-0.322977,0.138804,0.303271
-5.71328,1.52399,0.519474,0.390637,0.294011,0.146875,0.27673,-0.0443421,0.0865766,0.18405,0.177164,-0.283111,-0.0395638,-0.161636,-0.0507469,0.155064,-0.0177952,0.134681,0.450453,0.25245
-5.62685,1.40503,0.647795,0.317511,0.18546,0.0467573,-0.193221,0.00618187,0.398659,-0.132795,0.271749,-0.150311,0.412566,0.145349,0.372672,0.347469,-0.0789358,-0.129606,0.0443919,-0.0386515
-5.85374,2.15317,0.506011,0.411191,-0.0578145,-0.181214,-0.165635,-0.00738998,0.0344973,0.202204,0.295292,0.0458138,0.0695227,0.152566,0.417857,0.151945,-0.08689,-0.244898,0.14647,-0.230116
-6.53777,2.71775,0.0861931,0.528979,-0.188193,0.19829,0.203675,-0.251883,-0.0748599,0.146162,0.226544,0.172791,-0.0120875,0.0393261,0.201285,0.149031,0.10172,-0.0762975,0.00260958,0.029068
-6.63658,2.6628,-0.322619,0.617007,-0.12266,0.0360187,0.0323443,-0.14044,0.0935135,0.0213384,0.158687,0.0190342,-0.0321719,-0.0171147,0.237196,0.110462,0.0705033,-0.119105,0.066157,0.15829
-6.56325,2.81786,-0.317292,0.614523,-0.259156,0.124415,-0.0172878,-0.040382,-0.0360139,0.00769594,0.163403,0.158235,-0.0509593,-0.483306,0.0554928,0.273385,0.079776,0.0337399,0.158867,0.224128
-6.39795,2.76517,-0.119804,0.503179,-0.307549,0.00195754,-0.179392,-0.199545,0.133781,-0.0997197,0.0471927,0.108799,-0.0680904,-0.00106227,-0.172648,-0.0163663,-0.00274488,-0.0452914,0.281225,0.0356565
-5.53975,2.69371,0.120587,0.781162,-0.389607,0.192496,0.0805707,-0.0852249,-0.0216565,0.0701919,0.217322,0.035283,-0.0106104,0.135287,0.00131704,0.0956706,0.0224237,0.0830025,0.0904927,0.0543794
-6.46439,2.88976,-0.408904,0.816909,-0.543898,0.0138239,0.236318,0.168481,0.204576,-0.191761,-0.23326,-0.398798,-0.0233276,0.138016,0.316936,0.358558,-0.267969,-0.0414165,0.178289,0.251438
-7.10139,3.09224,-0.245596,0.864587,-0.225502,-0.00817219,0.2824,0.144046,0.153398,-0.134523,-0.0364919,-0.0791947,-0.227801,-0.012406,-0.0401409,0.297257,0.0925176,0.240112,0.0104146,0.0732203
-6.6445,2.74142,0.00943917,0.46296,-0.604358,0.0115056,0.183221,0.0745446,-0.0693832,-0.18028,0.318104,0.0163309,-0.0654006,0.0427304,-0.250603,-0.273596,0.0485473,0.472007,0.133379,0.329031
-4.20832,1.6238,-0.809908,0.163438,-0.586172,0.235926,0.269076,-0.0825456,0.218371,0.0296443,-0.114474,0.0313295,0.0630798,-0.0987231,-0.621328,-0.146176,-0.146409,0.187344,0.481827,0.359788
-5.35961,2.59928,-0.110906,0.108219,-0.340416,0.0523406,0.317022,0.0998163,0.104362,-0.0569554,-0.22418,0.133067,-0.079164,0.027492,-0.183161,-0.00289133,-0.220758,-0.0519578,0.285104,0.336494
-5.66316,2.91652,-0.260329,0.412718,-0.480279,0.241091,0.116935,0.0587843,0.438576,0.0514369,-0.110355,0.22666,0.125317,0.26731,-0.127498,0.14853,-0.13292,0.108454,0.187279,0.251992
-6.0005,2.93063,-0.073391,0.290507,-0.625923,0.576716,0.565603,-0.0050264,0.115571,0.285546,-0.0292693,-0.217218,-0.109912,0.0793685,0.0662438,0.685176,0.0918892,-0.367374,0.0381308,0.262091
-6.23464,2.58646,-0.142694,0.445629,-0.0853085,0.484307,0.695612,0.208019,-0.243339,0.19163,0.131118,-0.232285,-0.336698,0.0240344,0.352423,0.623648,-0.0380337,-0.34672,0.0465932,0.223348
-6.1392,2.44419,-0.151625,0.295805,-0.0878444,0.50795,0.386506,0.343388,-0.0398177,0.150285,0.321347,-0.0931183,-0.117081,-0.0433974,0.224277,0.483734,0.02011,-0.0607159,0.305389,0.385519
-5.7711,1.99525,0.0378932,0.336028,-0.0945579,0.38443,0.289236,0.346002,0.341247,0.112969,0.694906,-0.25364,0.258729,-0.0873272,0.12703,0.119336,-0.226508,0.0527334,0.38286,0.287956
-6.2792,2.70342,-0.00332581,0.429853,0.0134172,0.261079,0.307711,0.347566,0.0450793,0.35787,0.0984975,0.0880072,0.349704,-0.0248824,0.032732,-0.1713,-0.174475,0.211593,0.344675,0.194028
-6.81486,3.1231,-0.0689762,0.288739,-0.0104442,0.386039,0.172892,0.275285,0.221323,0.45892,0.17069,0.164207,0.0802497,-0.175609,0.169375,0.375862,0.11226,-0.0514055,0.0750688,-0.096073
-5.85533,2.59385,0.0780477,0.587901,0.119779,0.354669,0.153039,0.107616,0.134284,0.15542,0.0674204,0.0466827,0.0703293,0.0632784,0.237273,0.395016,0.0840266,-0.320471,-0.0951249,-0.00217644
-2.73592,1.51898,0.570847,0.750387,-0.251601,-0.338411,0.0535218,0.293169,0.368066,0.302994,-0.104865,-0.235985,-0.0902176,0.163807,0.154267,0.0387949,-0.179728,-0.0882236,0.0435414,-0.124524
-3.65665,1.67161,0.716552,1.14329,0.226018,0.242037,0.395583,0.268818,0.403711,0.304107,0.111347,0.0333244,0.0890014,0.385423,0.00379013,0.152959,0.0755217,-0.0721941,-0.104147,-0.180739
-5.82472,2.44324,0.705503,1.32528,0.200092,0.0515882,0.326852,0.295963,0.597318,0.509356,0.285381,0.372637,0.159372,0.18716,-0.153583,-0.43806,-0.461908,0.162322,0.134923,0.10485
-6.52293,2.79554,0.480665,0.957626,-0.167689,0.0725153,0.193576,0.300286,-0.0212393,0.151158,0.507819,0.421018,-0.249493,-0.079871,0.110052,-0.0656653,-0.228831,-0.0419131,0.237917,0.2
-6.80843,3.04932,0.339801,0.738478,-0.475968,0.172738,0.254236,-0.0958872,-0.13673,0.201326,0.613935,0.563174,-0.0137647,-0.0231321,0.320809,-0.136822,-0.245191,-0.0319686,0.455291,0.350797
-6.32357,2.78599,0.143345,0.748424,-0.546359,-0.280158,0.20976,0.222185,-0.0821961,0.113932,0.267397,0.517439,0.164028,0.0369478,-0.12335,-0.364658,-0.384271,0.244565,0.38086,0.199263
-5.30075,2.66851,-0.751815,0.212954,-0.615169,0.262094,0.175721,0.0704791,0.364092,0.149989,0.08423,0.41663,0.405907,0.265323,-0.403939,-0.278051,0.00524859,-0.0071245,0.213188,0.35943
-6.13937,3.01829,-0.0258965,0.349539,-0.830834,-0.419313,-0.0249045,0.243503,0.412422,-0.130078,0.269101,0.366023,0.0255196,0.0100993,-0.0378901,-0.0622096,-0.358008,0.0353773,0.231186,0.364257
-6.14489,2.94219,-0.218307,0.419144,-0.82898,-0.068384,0.0822581,0.106451,0.122033,0.0398249,0.0511092,0.511034,0.0936405,0.000541133,-0.240727,0.0603037,0.0125236,0.156976,0.367808,0.0606762
-6.09339,2.64496,-0.465554,0.437464,-0.574225,-0.00678561,0.0609341,-0.00960946,-0.264033,0.146197,0.400994,0.216883,-0.150652,-0.124056,0.0190973,0.28288,-0.02605,-0.0146778,0.222301,0.0323316
-6.3446,2.60251,-0.455569,0.339852,-0.440622,0.0461986,0.283448,0.301518,-0.112808,0.00777611,0.265644,0.0996819,-0.244794,-0.0626109,0.484711,0.469771,-0.314057,-0.38643,0.117307,0.411229
-6.39369,2.17558,-0.223461,0.570234,-0.420417,0.0932147,0.0829284,0.102765,-0.039379,0.0986646,0.194336,-0.0145354,-0.153962,0.145997,0.190765,0.21076,-0.147155,-0.103585,0.416783,0.319054
-6.26937,1.82027,0.038853,0.217532,-0.0939979,0.0406489,-0.112175,0.205005,0.103066,0.21523,0.60539,0.0852046,0.305726,-0.118875,0.0611813,0.038086,-0.344115,0.163967,0.423165,0.377368
-5.74447,2.01029,0.441685,0.167503,-0.1179,0.251728,-0.191814,0.0539402,0.351262,0.245396,0.0985922,0.238046,0.115316,-0.144488,-0.264287,0.0842073,-0.278323,-0.0654264,0.323795,0.269913
-6.52291,2.66319,0.0157939,0.211141,-0.732272,0.0138602,0.0109382,0.158867,0.140993,0.573718,0.27584,0.301453,0.0416639,-0.206669,-0.00636741,0.588208,-0.103604,-0.190979,0.260091,0.184713
-6.52571,2.68869,0.00082684,0.420313,-0.773792,0.0330708,-0.0350712,0.236421,0.0631585,0.156561,0.0763847,0.308702,-0.0768158,0.00280347,0.221587,0.51552,-0.447799,-0.212692,0.0761285,0.187664
-6.59957,2.82529,-0.0577881,0.251529,-0.633906,-0.0571567,0.0213902,0.221083,0.152199,0.448483,-0.125512,0.160113,-0.150007,-0.0456853,0.373559,0.533562,-0.261166,0.0491735,-0.000245706,0.202757
-5.97844,2.78887,-0.0309275,0.365133,-0.523198,0.205765,0.221214,0.235053,0.0280988,0.168527,-0.211702,0.131926,-0.114275,0.0902895,0.174793,0.477632,0.0309115,-0.223029,0.111901,0.0502885
-6.09778,2.81843,0.271915,0.790762,-0.358104,0.127854,0.257979,0.442676,0.00791476,0.0114912,0.182223,0.194692,-0.263905,-0.285801,0.19699,0.204122,-0.255262,-0.339885,0.28251,0.262161
-6.31827,3.01905,-0.0686491,0.721593,-0.627498,0.0815968,-0.0153869,0.277043,0.256163,0.228527,-0.0986145,0.432757,0.0276882,-0.310073,0.118977,0.181404,-0.0477381,0.064832,0.483519,0.217271
-6.75251,3.3159,-0.146631,0.71737,-0.590868,0.124083,0.0310529,0.321758,0.0540284,0.237357,0.0901725,0.235733,-0.116531,-0.231596,0.199612,0.117533,-0.335734,0.098031,0.663803,0.257034
-5.74232,2.5796,0.0725742,0.359458,-0.34482,-0.102997,0.0868503,0.230356,0.0371823,0.205247,0.17386,0.0989688,-0.0866126,0.0137158,0.0770282,0.166621,-0.209245,0.0315597,0.132809,0.126599
-4.77253,2.07809,-0.0141194,0.0891722,0.00401152,-0.0148921,0.26603,0.153418,0.255492,0.0532023,0.0948466,0.0900276,-0.0439114,0.0513241,0.0607842,0.0012539,0.0167515,0.0312832,0.258386,0.0147352
-5.80512,2.25622,0.428385,0.677749,-0.242461,-0.344363,0.0691396,0.0295776,0.265883,0.0955356,-0.00526855,0.118525,-0.357655,0.304689,-0.29317,0.11442,-0.0657565,-0.0733209,0.190204,0.361202
-6.28197,2.8298,0.0180238,0.583369,-0.526898,-0.25511,0.00799354,-0.0760772,0.0363475,-0.225339,0.00102661,0.363611,-0.197662,-0.0975583,-0.553295,0.029132,-0.0931846,-0.00678044,0.344022,0.327359
-6.15157,2.65411,-0.230831,0.494695,-0.371971,-0.0742478,-0.0047608,-0.173241,-0.136917,0.0757518,0.35818,0.227987,-0.22843,-0.116455,-0.176339,0.205493,-0.0160117,-0.146059,0.323967,0.199933
-6.77226,2.50753,-0.269943,0.431629,-0.44791,-0.267402,-0.12614,-0.184482,-0.185187,0.0712544,0.345199,-0.0350442,-0.579681,-0.146162,0.177985,0.132914,-0.145814,0.0585029,0.417957,0.273235
-6.72121,2.33884,-0.0352161,0.532401,-0.0811515,0.184493,-0.0510796,-0.219188,-0.0757612,-0.0645853,0.358996,-0.0593354,-0.285117,-0.219218,0.38381,0.0154057,-0.229005,-0.0339338,0.328428,0.146009
-6.51106,2.43587,-0.126695,0.296419,-0.365094,0.205666,-0.22834,-0.0214399,-0.204213,-0.147569,0.30698,-0.224423,0.127876,-0.24527,-0.0424193,0.136499,-0.352382,-0.0420219,0.422405,0.238432
-6.60099,2.46222,0.19715,0.381336,-0.536527,-0.152681,-0.0702759,0.0169821,-0.00041669,0.113418,-0.25881,0.0456413,0.213777,-0.147079,-0.377037,0.07563,-0.330489,-0.19301,-0.128336,0.124744
-6.20831,4.26083,0.705701,1.17212,-0.0879924,0.157978,-0.0275296,0.432097,0.242483,0.50665,-0.145926,0.365459,0.117888,-0.241227,-0.379619,0.183301,-0.197398,-0.381071,-0.125211,0.274942
-7.38916,3.90809,0.691982,1.07812,0.220531,0.354356,0.344162,0.31618,0.383671,0.320922,-0.0345189,0.421638,0.392142,0.271108,0.179821,0.48124,0.0378484,-0.142949,0.366619,0.129754
-7.78532,3.3807,0.462722,0.77777,0.213263,-0.118213,0.373702,0.121956,0.369561,0.505485,0.421593,0.40543,0.137465,0.171209,0.168111,0.319405,0.174708,0.178874,0.191443,0.0440899
-7.29005,2.47718,0.466145,0.957951,0.0709247,0.0573629,0.375226,0.0635005,-0.211686,0.126149,0.148939,0.250361,-0.328761,0.413297,0.633694,0.430439,0.122865,-0.238086,0.23303,-0.0654506
-7.24902,2.54048,0.0315958,1.07287,-0.0617655,0.0303028,0.0991091,0.323857,-0.0581539,0.13829,0.0114839,0.0411368,-0.27134,0.178768,0.478431,0.227177,0.110852,-0.134039,0.296536,-0.083775
-7.35965,2.98406,0.10714,0.851781,-0.0921427,0.0333769,0.257242,0.401524,0.109139,0.0474976,0.0395074,0.185815,0.0565817,0.0328189,0.301227,0.18593,0.0809271,0.187631,0.654873,0.119382
-7.71901,3.23043,-0.208649,0.801086,-0.240941,-0.330477,0.0584515,-0.0239983,-0.0465081,-0.0126664,0.284212,0.238052,-0.183243,-0.222814,0.281089,-0.0186379,0.00234338,0.124163,0.58506,0.284403
-6.23104,2.6049,-0.380767,0.691109,-0.222187,-0.230349,0.180086,-0.217157,0.0946801,0.195919,-0.0459263,0.0526571,0.00130885,0.241734,-0.177936,-0.326233,-0.0695911,0.0960369,0.33801,0.246223
-6.25107,2.49741,-0.378825,0.414804,-0.412997,0.0520323,0.0554039,0.0436739,0.259902,0.147965,-0.107383,0.0316044,0.209674,0.330794,-0.251958,-0.219493,-0.148418,-0.201411,0.121423,0.126877
-6.74162,2.65333,-0.0521513,0.667094,-0.130822,-0.00271144,-0.0850516,0.0550164,0.0141618,-0.0159283,0.16184,0.338107,-0.32112,0.315563,-0.181028,0.136319,0.0118095,-0.117165,0.506603,0.231469
-6.93975,2.77704,-0.295224,0.501777,-0.233584,-0.0218982,0.0203543,-0.13856,-0.213144,-0.248868,0.231151,0.183864,-0.201238,0.233692,-0.181791,0.232752,0.0993288,0.0399041,0.292224,0.0021819
-6.9264,2.78932,-0.292549,0.62725,-0.1563,-0.0467839,0.140577,-0.032417,-0.0364926,0.106535,0.615933,-0.0161921,-0.409137,-0.0125833,-0.143913,0.442106,0.0313749,-0.0935637,0.448626,0.395862
-4.19202,2.78113,0.600156,0.491964,0.220903,-0.0758836,0.252045,0.325651,0.3528,0.195512,-0.109144,-0.102145,-0.016375,-0.25298,0.0156217,0.0976995,-0.0768776,-0.0624561,-0.344695,0.174593
-5.50448,2.65991,1.56216,1.08989,0.490284,0.340107,0.439987,0.218796,0.483579,0.414711,-0.107296,0.107329,0.162733,0.101673,0.358324,0.0607089,-0.249784,-0.253852,0.0411912,0.135261
-6.63334,1.89654,1.0997,1.18154,0.349652,0.346839,-0.0351616,0.0318309,0.132951,0.790556,0.64953,0.582938,-0.336784,-0.407093,0.371431,0.470818,-0.188372,-0.058338,0.248887,0.0323172
-6.95409,2.33799,0.63771,0.883947,0.286066,0.0929761,-0.1344,0.119483,0.484258,0.646018,0.394003,0.432196,-0.0788877,-0.297355,0.157217,0.504947,-0.244459,-0.117409,0.200488,-0.0581799
-7.76732,2.65062,0.210393,0.36042,0.0704155,0.372299,-0.126027,-0.263343,0.262843,0.901713,0.565897,0.478184,-0.251259,-0.233102,0.327018,0.224574,-0.488572,-0.272742,0.322251,0.0952336
-7.84135,2.59629,0.124371,0.721716,0.109698,0.202279,-0.0323803,0.0437607,0.328728,0.568533,0.704862,0.429004,-0.141345,-0.147896,0.0503135,0.0778365,-0.482471,-0.24614,0.49954,0.506065
-7.78593,2.62139,0.255823,0.652221,-0.359835,-0.413161,0.0806588,0.0799866,0.1392,0.519576,0.364195,0.322309,-0.204461,-0.0894412,0.145328,0.167215,-0.28881,-0.0969367,0.57331,0.0192111
-7.20944,2.32793,0.039783,0.62693,-0.26295,-0.0218333,0.0880571,-0.128321,0.10785,0.588869,0.0040979,0.160386,-0.492999,0.213136,0.770432,0.125199,-0.144567,-0.200784,0.681332,0.238047
-7.42074,2.51939,-0.1215,0.635227,-0.430614,-0.192516,0.0654085,0.328909,-0.0104147,0.536698,0.141936,0.221372,-0.633884,0.157239,0.771243,0.240453,-0.459013,-0.348523,0.477009,0.280129
-7.53278,2.34875,-0.390809,0.520637,-0.507358,-0.318335,0.0964627,0.284203,-0.0256683,0.402853,0.163217,0.179461,-0.194634,-0.189941,0.259488,0.240028,-0.505103,-0.0604227,0.40214,0.109744
-7.89439,2.49594,-0.214132,0.307078,-0.297686,-0.176173,0.130287,0.077253,-0.135052,0.326597,0.571811,0.144138,-0.291905,-0.317627,0.10158,0.0342047,-0.610874,0.0968111,0.38026,0.197071
-6.91979,2.15562,-0.804728,0.269396,-0.25465,0.163157,0.0745378,0.0561776,0.243487,0.179876,0.0995469,0.100726,0.109766,-0.180229,-0.387808,-0.276886,-0.313064,0.158826,0.369769,0.531705
-6.32943,1.6565,0.160846,0.266601,-0.290599,-0.0185244,0.0958718,0.100454,-0.163496,0.0484624,0.176427,0.137791,0.0184744,0.0224074,-0.259737,0.150175,-0.190319,0.243399,0.354238,-0.170868
-6.72508,1.75793,0.23925,0.410459,-0.34854,-0.000241653,-0.0851207,0.485435,0.405675,0.148426,0.228081,0.283155,-0.10065,0.111954,-0.060858,0.505521,-0.0694216,-0.205604,0.0947845,-0.0551923
-7.25631,1.896,-0.594339,0.0863662,-0.444515,-0.130994,0.00921376,0.509048,0.150444,0.0712719,0.283777,0.0626012,-0.0769651,0.185846,0.2067,0.855524,-0.0216979,-0.674279,0.082189,0.0649239
-7.66719,1.74183,-0.267513,0.245212,-0.62625,-0.262599,0.17867,0.422168,-0.183008,0.200126,0.59258,0.380527,-0.233296,-0.227624,0.164164,0.648713,-0.510242,-0.740949,0.166475,-0.00379535
-7.66054,2.00086,-0.255868,0.582816,-0.517501,-0.356253,0.151862,0.161726,-0.17303,0.300958,0.452019,0.525159,-0.0662013,-0.375152,-0.130128,0.191048,-0.390917,-0.569407,0.336198,0.320998
-6.09267,1.65651,-0.26645,0.272951,-0.52174,-0.0139475,-0.170884,-0.0740645,-0.041036,0.32531,0.384272,0.595297,-0.179151,-0.375869,-0.247471,0.0795326,-0.616827,-0.270018,-0.00772824,0.414482
-6.26709,2.01827,0.286056,0.607059,-0.0760641,0.218444,-0.0749185,0.279689,0.151323,0.693982,0.628666,0.55618,-0.304235,-0.363699,-0.139316,0.0417531,-0.876266,-0.533458,0.379834,0.444515
-7.33268,1.98766,0.0213304,0.384776,-0.309867,-0.00326506,-0.360248,-0.28502,0.196456,0.37944,0.414106,0.472569,-0.295536,-0.0939064,-0.0634285,-0.0972956,-0.930011,-0.209869,0.426507,0.326152
-8.02131,2.51892,-0.00499569,0.463106,-0.560296,-0.0290546,-0.321844,-0.45847,0.182446,0.584729,0.241887,0.204674,-0.559118,-0.211795,0.257686,0.343752,-0.870877,-0.412373,0.546002,0.338482
-7.91714,2.79526,-0.347407,0.384058,-0.258106,-0.334454,0.218492,-0.409281,0.0249631,0.499551,0.235843,0.203693,-0.532908,-0.390498,0.226243,0.48205,-0.359875,-0.245711,0.442845,0.336573
-6.88346,1.36343,0.0172358,0.210659,-0.0175908,-0.163948,-0.219635,-0.190691,-0.0672242,0.281921,0.393641,0.0198024,-0.43977,-0.365906,-0.0957793,0.0952634,-0.319254,-0.0685131,0.398197,0.280538
-5.93537,1.15049,0.230219,0.30029,-0.0305929,-0.0989118,-0.29791,0.0271531,0.102882,0.118023,0.308551,0.21372,-0.280813,-0.137744,-0.286282,-0.0805556,-0.124986,-0.272475,0.542725,0.469167
-6.46224,1.49143,0.230656,0.720757,0.153548,0.0490047,-0.0073501,0.329246,0.131798,-0.0475241,0.291048,0.033344,-0.562489,-0.214834,-0.0336669,-0.0595281,-0.33368,-0.298582,0.668239,0.438961
-7.38394,1.67783,-0.0962198,0.966492,0.131189,0.02972,-0.240999,0.0390795,-0.196149,0.0272084,0.376034,-0.0249455,-0.638705,-0.305394,-0.302512,0.0600135,-0.204033,-0.423225,0.318416,0.166166
-7.70636,2.25354,-0.401388,0.666086,0.0747483,-0.336711,-0.0729714,-0.0584354,-0.121011,0.026383,0.0775188,0.140288,-0.595468,-0.421625,-0.444551,0.0064766,-0.331125,-0.371773,0.446159,0.253483
-6.94484,2.06888,-0.772828,0.54437,-0.00244794,0.395476,0.218499,-0.0844402,0.0875579,-0.038135,-0.207926,-0.167931,-0.272642,-0.0289163,-0.381146,-0.502582,-0.436493,-0.166684,0.310279,0.345345
-6.94615,1.90087,-0.188071,0.734872,-0.276376,-0.248394,-0.179654,0.258395,-0.171559,-0.0227089,-0.0355684,0.0597434,-0.564804,-0.233393,-0.453812,0.120204,-0.250961,-0.159492,0.274408,0.258026
-7.31024,2.41106,0.295672,0.770896,-0.400401,-0.105613,-0.0895109,0.127739,0.0639496,0.2221,0.350472,0.141327,-0.550582,-0.15499,-0.290637,0.133015,-0.356069,-0.0906791,0.599273,0.201449
-7.49563,2.60272,-0.513399,0.617544,-0.272018,-0.105872,0.0314431,-0.170655,-0.172855,-0.068103,0.202183,-0.243682,-0.612122,-0.0901154,-0.115093,0.264996,-0.263081,-0.347166,0.247063,0.180553
-7.39915,2.41169,-0.286251,0.616588,-0.169925,-0.103775,-0.391302,-0.206282,-0.140231,0.284324,0.267049,-0.455918,-0.490363,-0.190775,0.0941981,0.364176,-0.638018,-0.470043,0.297829,0.315481
-7.37737,2.4009,-0.0509334,0.555279,-0.263616,-0.285712,-0.0385644,-0.0182098,-0.225319,0.300021,0.330205,-0.136399,-0.469261,-0.12821,-0.0173341,-0.0702593,-0.490857,-0.35006,0.395063,0.47679
-5.95458,1.73653,-0.097232,0.357806,-0.559595,0.1087,0.0864241,-0.255855,-0.635999,0.311103,0.408096,0.0902895,-0.480147,-0.095619,-0.236452,-0.0864324,-0.829503,-0.106272,0.0440419,0.521095
-6.31581,1.92264,-0.0706659,0.596165,-0.122189,0.221975,-0.0354436,0.000606761,-0.378108,0.476931,0.336168,0.335146,-0.19902,0.0661348,0.00462207,-0.195548,-0.662691,-0.121411,0.378231,0.607089
-7.00613,2.07464,0.0600943,0.805427,-0.182678,-0.0798408,0.172353,0.149007,-0.115054,0.291501,0.272954,0.297849,0.0708075,0.100475,0.100725,-0.089947,-0.108392,0.292705,0.449554,0.34961
-7.93593,2.76543,-0.171178,0.896467,-0.0750915,0.207676,0.22269,-0.0678898,-0.376328,-0.0275796,0.267911,-0.00505007,-0.130497,0.221058,0.513081,0.123558,-0.456742,0.0132251,0.596826,0.426061
-7.69198,2.70835,-0.503121,0.990594,0.0193771,0.0880339,0.27405,-0.215011,-0.167637,0.160602,0.411245,-0.0238251,-0.130274,0.115204,0.466955,0.364527,-0.241135,0.108823,0.694053,0.441524
-7.66801,2.19335,-0.138894,0.71538,0.152489,0.0769644,0.154567,-0.418647,-0.0526343,0.105878,0.255369,0.0339336,-0.115706,0.316989,0.226048,0.12427,-0.255756,0.377398,0.593639,0.561813
-6.70147,1.77825,-0.12812,0.69465,0.0916028,0.242146,-0.154367,0.132091,-0.104147,-0.0822833,0.462678,0.263141,0.0217955,0.138876,-0.136531,0.03041,-0.06639,-0.105174,0.596217,0.44131
-7.56131,2.36845,-0.47561,1.03797,0.154689,0.0840598,0.0803906,0.330993,0.066548,0.285088,0.685418,0.245721,-0.199159,0.0553866,-0.0792059,0.323804,0.0299128,-0.327767,0.629629,0.518744
-7.34354,2.5996,-0.699191,0.333417,-0.343712,0.0240471,0.439453,0.464026,0.125805,0.412841,0.498916,0.0817629,-0.199657,-0.0648989,0.150077,0.291219,-0.058569,0.00887796,0.353655,0.102588
-6.97297,3.39873,-0.0928063,0.148628,-0.398558,-0.0759595,0.36303,0.477236,0.305743,0.725489,0.650225,-0.124072,-0.355144,-0.231317,-0.0304966,0.21254,-0.278882,-0.0803778,0.14695,0.00199722
-6.62462,3.07838,-0.148091,0.899309,0.295802,0.613883,0.711678,0.37979,0.561739,0.356938,0.369176,0.0213581,0.0419012,0.213264,0.0667681,0.0610577,-0.0796996,-0.279527,-0.102664,-0.0753674
-2.59731,1.80499,0.111251,0.790942,0.21683,-0.353296,0.220655,0.228192,0.315364,0.297431,-0.0594346,0.171492,-0.236425,-0.152165,-0.262204,0.0418024,0.021278,-0.0550213,-0.0519658,-0.191522
-3.87615,1.65427,0.87692,1.16638,0.443013,0.317925,0.464144,0.0756602,0.289729,0.415462,0.216886,-0.0356433,-0.114912,-0.0194539,0.167813,0.177912,-0.036566,-0.0646871,-0.124054,-0.0398331
-5.32892,2.37961,0.524803,1.01071,0.543403,0.30796,0.514893,-0.0363168,-0.141053,0.653164,0.414077,0.216076,-0.294935,-0.231914,0.255919,0.172313,-0.440625,-0.261919,-0.0107136,0.195106
-6.77234,2.59393,0.0675019,0.829886,0.450316,0.343654,0.0619205,-0.342148,-0.413435,0.662727,0.611638,0.136218,-0.36724,-0.394839,0.43047,-0.017144,-0.870826,-0.500411,0.222378,0.386548
-7.20626,2.8702,0.172549,0.589481,0.202016,0.507612,-0.0412052,0.0607646,-0.192506,0.624908,0.699123,0.593354,-0.203938,-0.350762,0.350642,0.380494,-0.784993,-0.298785,0.456784,0.422972
-6.9491,2.33197,0.109042,0.856841,0.0994206,0.419627,-0.243012,0.0843309,-0.0736768,0.650092,0.534924,0.495706,-0.13611,-0.360757,-0.102834,0.264394,-0.681704,-0.206132,0.189917,0.332566
-6.97852,2.6675,-0.315079,0.730338,0.0381362,0.192573,0.0342214,0.0823238,-0.334052,0.242,0.206508,0.119552,-0.264473,-0.330124,0.204785,0.228349,-0.720151,-0.210898,0.589127,0.512359
-7.1003,2.77881,-0.16015,0.965019,0.610125,0.594745,-0.120943,-0.163684,-0.101054,0.416522,0.438213,0.152846,-0.278297,0.0231727,0.199109,-0.133602,-0.710492,-0.134016,0.564267,0.605783
-7.63774,2.76932,0.0965645,1.04181,0.434813,0.443727,-0.0757775,-0.160678,-0.16896,0.732261,0.699775,0.0949007,-0.377183,-0.0722906,0.143852,0.0401786,-0.406949,-0.0606631,0.701866,0.393848
-7.74694,2.78329,-0.08046,0.66992,0.437269,0.540151,0.29211,-0.421015,-0.275628,0.652273,0.549396,0.110343,-0.525163,-0.0322805,0.487664,0.292323,-0.606451,-0.0564995,0.626207,0.209432
-7.49196,2.32844,0.0173179,0.760459,0.620871,0.746053,0.260649,-0.0566111,-0.183384,0.414026,0.673757,-0.108949,-0.635822,0.140984,0.366563,0.188743,-0.428418,-0.215675,0.616511,0.408682
-7.3196,2.24088,0.0672841,1.28032,0.340027,0.0680507,-0.294795,0.0739932,-0.00149068,0.564916,0.51047,-0.0320292,-0.353973,0.129106,0.00166699,0.134928,-0.266137,-0.252573,0.325025,0.342805
-7.00415,1.7005,0.23839,1.3592,0.246845,-0.086293,-0.168379,-0.542068,0.468095,0.768039,0.781168,-0.180318,-0.491455,0.00571769,-0.130157,0.50412,-0.0685003,0.0443604,-0.011273,0.351157
-6.88316,2.14261,-0.0426439,1.23774,0.398217,0.160975,0.0686462,-0.372367,0.349361,0.223052,0.507278,0.0594803,-0.41276,0.0274565,-0.0343474,0.550565,-0.0872198,-0.122313,0.0850274,0.408832
-7.30252,2.43011,-0.122707,1.06023,-0.00269638,0.201376,0.163399,-0.146352,0.329549,0.00173134,0.0326761,0.138731,-0.42849,-0.0308873,-0.0256436,0.501652,-0.238504,0.144974,0.0368758,0.200998
-7.08249,2.46558,-0.235007,0.555249,0.0347642,0.261142,0.272091,0.120463,0.307359,-0.162229,-0.19938,-0.26711,-0.141043,0.34731,0.175623,0.321345,-0.162318,0.0460312,0.180351,0.433886
-7.29944,2.27419,0.156749,0.790978,-0.176117,0.241297,0.142795,0.182919,0.342516,-0.0154062,-0.00690204,-0.205039,-0.463393,-0.0108375,0.375974,0.536592,-0.0869542,-0.175957,0.0252315,0.343981
-6.06653,2.01849,0.018811,0.748232,-0.100083,0.350482,-0.0233108,-0.0782806,-0.198963,0.328128,-0.0139637,0.0314487,-0.380814,0.123225,0.603437,0.266905,-0.471737,0.0986146,0.106713,0.015248
-6.72975,2.7535,0.107087,0.940423,0.00340207,0.65638,-0.204215,0.0704192,-0.393007,0.729076,0.562004,0.460829,-0.456322,-0.430852,0.24568,0.210485,-0.90515,-0.303989,0.211343,0.211792
-7.32128,2.99095,0.0118225,0.800409,-0.0331248,0.209748,-0.408168,-0.278879,-0.258181,0.628926,0.765775,0.402552,-0.540387,-0.451434,0.462427,0.16322,-0.566558,-0.275503,0.344393,0.633841
-7.28969,2.56706,0.174482,0.32979,-0.73381,-0.0714293,0.0660924,-0.00204607,0.114887,0.465015,0.96158,0.230036,-0.421778,-0.472042,0.616509,0.402593,-0.487764,-0.364258,0.411492,0.686991
-6.64453,1.95175,0.452851,0.530079,-0.537615,0.0345121,0.0852351,0.0648671,0.169752,0.272298,0.330634,0.368034,-0.147737,-0.30613,0.382322,0.247046,-0.453658,-0.185386,0.148177,0.336118
-5.24808,1.30766,0.362852,0.772478,-0.0536984,0.165424,0.214141,-0.0683814,0.0778875,0.0360016,0.179328,0.299409,-0.569872,-0.205294,0.0304393,-0.0904969,-0.0922574,-0.332577,0.228914,0.351442
-6.86291,2.17528,-0.0459327,0.894247,-0.297359,0.227181,0.257413,-0.146029,-0.323854,-0.0872061,0.52408,-0.343063,-0.586438,0.00350272,-0.130607,0.0893661,-0.513253,-0.132325,0.614801,0.667481
-7.49607,2.45331,-0.113965,1.06766,0.301622,0.381992,-0.148677,-0.270053,-0.235045,0.228298,0.492969,-0.190592,-0.248251,-0.030366,-0.384563,-0.027337,-0.491826,-0.253044,0.837128,1.02543
-7.43679,2.40472,-0.249823,0.829157,0.0259416,0.165448,0.0111796,-0.455618,-0.465011,0.305572,0.306114,-0.0409936,-0.442896,-0.23635,-0.305709,-0.0614968,-0.307847,-0.0577447,0.674873,0.828216
-7.01104,2.21943,0.137793,0.454039,0.205882,0.356285,0.153148,0.0789062,-0.0876312,0.214345,0.594453,-0.0153355,-0.732863,-0.0379091,-0.129869,-0.183607,-0.391721,-0.198814,0.422939,0.960858
-6.46536,1.75527,0.1172,0.588291,0.174007,0.268093,0.537716,0.147671,0.0460524,-0.0864995,0.272612,0.24597,-0.169935,-0.23279,-0.279826,-0.351931,-0.464299,-0.200477,0.166051,0.51268
-3.91333,1.51558,-0.270415,0.0156779,-0.194373,0.360219,0.211839,0.204478,0.211412,0.420949,-0.123787,-0.030129,-0.180147,0.129916,-0.170906,-0.110131,0.168428,-0.252839,-0.166182,0.0523243
-6.23628,2.49717,0.0165858,0.317356,0.132137,0.328057,0.276564,0.044537,-0.0715591,0.240654,0.406265,-0.11833,-0.430548,0.0324252,0.209706,0.200748,-0.106861,-0.062661,0.179131,0.137958
-6.21774,2.28077,0.102671,0.366427,0.0974338,0.0345958,0.24142,0.0952319,0.0819772,0.327911,0.0937611,0.0812106,-0.201611,-0.0540806,-0.181012,0.296985,0.095108,0.0214831,0.227512,0.378594
-6.25202,2.0016,-0.136699,0.204895,0.110463,0.157965,0.448372,0.117073,-0.130408,-0.013103,0.0433956,-0.100308,-0.286511,0.103803,0.0810539,0.357402,0.0272452,-0.00037398,0.294853,0.486384
-5.8515,1.92325,0.245725,0.24969,-0.147079,0.094972,-0.0551011,-0.0629281,-0.447695,0.0403303,0.214532,0.185908,-0.280442,0.212724,-0.00507001,0.120363,0.00719349,-0.22192,0.0277604,0.125106
-4.98131,1.71322,0.444469,-0.10336,-0.400119,-0.176411,-0.224281,-0.160052,0.0165007,0.360257,0.20324,0.0751174,-0.517272,0.261532,0.223581,0.243162,-0.524714,-0.364003,0.124692,0.0728961
-5.1515,1.32511,-0.0290569,-0.10921,-0.00684316,0.320877,0.562449,-0.0610631,-0.451144,0.258108,0.734189,0.584996,-0.328486,-0.171991,-0.362002,-0.62311,-0.00998596,0.0768839,0.0803653,0.121112
-4.79859,1.43768,-0.248878,-0.248419,-0.222788,0.126924,0.50592,0.129772,-0.101894,0.222061,0.724987,0.397229,-0.443908,-0.0967993,-0.242624,-0.352451,-0.183237,-0.341914,-0.0338479,0.302192
-6.06357,1.84481,-0.0271921,-0.17766,-0.264118,-0.223721,0.095269,-0.191761,-0.0897039,0.273849,0.384096,0.475924,-0.338956,-0.176902,-0.133366,-0.146692,-0.332191,-0.313484,0.00324738,0.0704761
-5.33683,0.654704,0.395928,0.419191,-0.115602,-0.130179,-0.0509502,-0.127727,0.221976,0.26679,0.209686,0.14954,-0.0936056,0.166689,0.188392,-0.017192,-0.405719,-0.239504,-0.0191238,0.334632
-4.95484,1.32525,0.0813349,0.39417,-0.0285321,0.293857,0.170104,0.161165,0.0465242,0.319384,0.128104,-0.267136,-0.287803,0.239186,-0.0706658,-0.277412,-0.445029,-0.272434,0.113183,0.457111
-6.06185,2.1385,-0.596993,0.584336,-0.323787,0.61155,-0.206968,-0.0104866,-0.298178,0.0584687,-0.0908925,-0.191342,-0.140196,0.286042,0.0396465,-0.290395,-0.480776,-0.274969,0.337053,0.775835
-6.71765,2.36582,-0.863986,0.84266,-0.276938,0.435532,0.00713852,-0.143482,-0.215218,-0.0684571,0.0871071,-0.0194961,-0.064465,-0.118815,-0.166513,-0.258857,-0.402317,-0.262662,0.333579,0.86029
-6.91317,2.63043,-0.951052,0.496162,-0.0275481,0.118991,0.159411,-0.217099,-0.214612,0.138988,0.229948,0.0484064,-0.00971431,-0.0643587,-0.3237,-0.402895,-0.138697,-0.0987965,0.226681,0.632496
-6.27363,1.37164,-0.244546,0.448245,-0.220104,-0.0899382,0.0227135,0.0524264,0.179428,0.17939,0.00687654,0.00677735,-0.333258,-0.385627,-0.348873,-0.412389,-0.299841,-0.112615,0.0935267,0.44829
-4.47924,1.81253,0.315384,0.812445,0.613472,0.268255,0.0363702,0.169677,0.427406,0.385442,0.0747385,-0.0699775,0.0627714,-0.447459,-0.222282,0.0921377,0.0494999,0.192015,0.0154802,0.0316909
-3.27139,2.81758,0.497509,0.782855,0.403344,0.187481,0.0478961,0.150928,0.390289,0.0667514,-0.187784,0.00178065,-0.158584,-0.204407,-0.221902,0.314316,0.230817,0.0436812,-0.26987,0.197989
-4.61727,2.54266,0.65249,0.681237,0.820034,0.107724,-0.28101,0.34881,0.616345,-0.0576726,-0.263151,-0.0148441,-0.108938,-0.0776887,0.408628,1.22522,0.561213,-0.349055,-0.541669,0.427505
-5.28699,2.82322,0.441027,0.422941,0.782409,0.109761,-0.0714943,0.436693,0.635605,-0.224983,-0.503474,-0.227811,-0.26087,-0.172337,0.571635,1.25842,0.194838,-0.378345,-0.154537,0.477175
-5.20786,2.71937,0.334114,0.60267,0.631386,0.154167,0.133519,0.62629,0.73474,-0.210625,-0.408122,-0.256179,-0.303715,0.28531,0.534951,1.30047,0.70105,-0.426118,-0.1139,0.405591
-5.19028,2.40317,0.0573874,0.799901,0.00878821,-0.348087,-0.230922,0.44412,0.625308,-0.153493,-0.338695,-0.42096,-0.348621,0.276609,0.792711,1.03864,0.56797,-0.32105,-0.223736,0.393351
-5.14959,2.52456,0.0287869,0.897081,0.323275,-0.0402041,0.0975487,0.762765,0.467006,-0.101818,-0.351404,-0.425775,-0.726476,0.583823,0.570602,1.01792,0.477665,-0.321169,0.0130898,0.261172
-4.92915,2.54814,-0.626031,0.863683,0.196587,-0.0435012,0.283666,0.495451,-0.0946345,-0.451775,-0.294863,-0.150698,-0.805044,0.549305,0.119356,0.937454,0.760103,0.00251454,-0.0318187,0.0509714
-5.8443,2.99241,-0.100183,0.669057,0.352683,0.015684,0.0510052,0.352905,0.0655983,-0.104991,-0.0543912,0.0199823,-0.464412,0.0149684,-0.189593,0.160645,0.447405,0.0457832,0.141624,0.273005
-6.51376,2.59075,0.291643,0.738518,0.204721,0.141393,0.122487,0.476289,0.346386,0.01387,0.0416744,0.110717,-0.474041,-0.0798771,0.00265253,0.195556,0.2122,0.0785354,0.0328461,0.142029
-6.09025,2.03705,0.432902,0.500296,-0.0629189,0.148403,0.278768,0.297502,0.515857,0.156931,-0.0748947,0.184958,-0.292354,-0.104001,0.0659222,0.366028,0.0902189,0.0577492,0.158242,0.285769
-6.73752,2.70163,0.0574289,0.823979,-0.239952,0.28072,0.289212,0.581293,0.330558,0.0256,0.118019,0.503654,-0.216986,-0.183083,-0.0835613,0.197347,0.0717578,0.0971511,0.369354,0.567321
-7.09276,2.70144,-0.219935,0.710967,0.440747,0.228307,0.244092,0.327857,0.336196,-0.00923209,0.2405,-0.260651,-0.277753,-0.00269205,0.0188508,0.302138,0.0269792,0.137856,0.397772,0.667836
-4.23419,2.51648,0.00653685,0.764686,-0.0608309,-0.578822,-0.3946,-0.0153048,-0.14889,-0.447627,0.234187,-0.439882,0.0539784,0.650654,0.605791,0.591966,0.16604,-0.454574,-0.0668364,0.122516
-4.42422,1.92748,-0.500829,0.948991,-0.352773,-0.559458,-0.0290171,0.461511,0.115381,-0.325409,0.155663,-0.647631,-0.0346612,0.562925,0.533756,0.760914,0.560532,-0.165133,-0.104276,0.314962
-4.65182,2.0471,-0.464611,0.90547,-0.301089,-0.285917,0.105834,0.546812,0.0642295,-0.093234,-0.0767526,-0.657832,-0.477599,-0.0192406,0.609857,0.964587,0.530638,-0.170797,-0.135097,0.126688
-4.5069,2.44181,-0.599928,0.846964,-0.424818,0.137873,0.665295,0.477138,0.0899822,0.000234678,-0.159567,-0.606202,-0.565918,-0.1557,0.391007,0.848964,0.500039,0.0833834,-0.314913,0.185126
-4.78741,1.86566,-0.966475,0.796976,-0.399511,0.116072,0.589089,0.372723,0.162407,0.197986,-0.490194,-0.556372,-0.436376,0.332371,0.338852,0.788896,0.790909,0.0957238,-0.192496,0.0825036
-5.04908,1.71581,-0.650646,0.92366,-0.510306,0.0837573,0.852927,0.41556,0.277275,-0.157048,-0.537955,-0.419196,-0.607833,-0.0654824,0.424834,0.985773,0.754977,0.0411199,0.0936559,0.104815
-5.0749,1.49618,-0.182517,1.08767,-0.625228,-0.134633,0.627449,0.346179,0.326897,0.263467,-0.474276,-0.502704,-0.691204,-0.15303,0.4201,0.892998,0.340494,-0.357632,0.191832,0.334735
-4.58712,1.67117,-0.0603047,0.659495,-0.900238,-0.266887,0.360951,-0.0247404,0.281665,0.236258,-0.0297395,0.0424134,-0.195787,0.0162458,0.227414,0.648401,0.413784,0.0535687,0.0063966,-0.154987
-4.57415,1.92431,0.353138,0.529834,-0.626191,-0.714938,-0.159132,-0.283434,-0.235562,0.222736,0.423894,0.323646,0.167089,0.0869192,0.205576,0.20374,-0.0906595,-0.396603,0.0374314,0.0371821
-4.80097,1.76461,0.451308,0.432346,-0.385199,-0.60147,-0.370784,-0.480124,-0.149594,0.0211117,0.589707,0.151471,0.184077,0.0966234,0.242089,-0.009529,-0.27465,-0.178136,0.0654437,0.120661
-5.11722,2.53422,-0.0804166,0.596739,-0.53881,-0.227275,-0.013754,-0.255877,-0.0961537,0.363314,0.187436,0.152086,-0.0777735,-0.0104775,-0.00718471,0.185658,0.217373,-0.196187,-0.36497,-0.0151769
-5.48266,2.63356,-0.153408,0.61648,-0.492509,-0.32481,-0.362991,0.227081,-0.119487,0.0467879,0.0280087,0.400508,0.204023,0.213556,0.215181,-0.0117565,-0.337217,-0.24683,-0.297727,0.0515714
-5.98774,2.24967,-0.469081,0.399511,-0.343966,0.231403,-0.236992,-0.0594026,-0.0718258,0.107601,-0.0117248,0.0570942,0.0281678,0.0604347,0.400445,0.218839,-0.02531,-0.0747896,-0.365277,0.0538406
-5.7001,2.04353,-0.17519,0.783315,-0.131004,0.378271,-0.0938832,0.216796,0.0499686,0.189233,-0.26123,-0.347518,-0.374683,-0.220404,-0.0945686,-0.0735003,-0.326749,-0.160199,-0.201051,0.222301
-5.32061,2.51294,-0.459557,0.784816,-0.255702,0.477125,0.184699,0.0416302,0.102266,0.100451,-0.444366,-0.492172,-0.104819,-0.333847,-0.3864,-0.233919,-0.350086,-0.0733364,0.366529,0.500001
-5.45761,2.54883,-0.990518,0.652985,-0.3131,0.296669,0.18182,0.194379,-0.0321377,-0.0242969,-0.725793,-0.573239,-0.113874,-0.390199,-0.17977,-0.436143,-0.388663,0.0476862,0.428409,0.617543
-5.22568,3.07502,-0.906825,0.863874,-0.309374,0.203081,-0.12111,0.351647,-0.283706,-0.158662,-0.422277,-0.638154,0.156121,-0.196138,-0.197089,-0.437689,-0.40417,-0.0677249,0.27714,0.651776
-5.38741,2.62971,-0.666992,0.693309,-0.0657062,0.346269,0.212108,0.281593,-0.610299,-0.346424,-0.424579,-0.466961,0.10767,-0.224349,-0.265856,-0.345164,-0.444726,-0.140966,0.230443,0.438546
-5.34524,2.279,-0.560914,0.805152,-0.0114921,0.427776,0.27725,0.219949,-0.443486,-0.279391,-0.139761,-0.143149,0.0398876,-0.197117,-0.408542,-0.414535,-0.534217,-0.00302751,0.397852,0.392852
-5.00852,2.57164,-0.351431,0.854256,0.215533,0.556153,0.231263,0.158669,-0.170322,-0.068288,-0.184846,-0.344576,-0.237332,-0.0794409,-0.14813,-0.270039,-0.170858,0.0288547,0.279726,0.289969
-4.92161,2.82751,-0.222118,0.458679,0.13727,0.440186,0.350743,0.326838,-0.0131149,-0.0220755,-0.290325,-0.394318,-0.285126,0.0261339,-0.199077,-0.446202,-0.182062,0.155294,0.519494,0.550971
-4.63371,2.73993,-1.09957,0.204399,0.138225,0.290978,-0.110153,0.358379,-0.0302846,0.253335,0.0940547,-0.0703524,0.00361398,-0.405727,-0.470848,-0.429726,-0.0979666,0.65192,0.840973,0.206434
-4.95929,2.81131,-1.55376,0.270951,0.451192,0.563049,-0.300027,0.210467,-0.110061,0.358996,0.183089,-0.333595,0.172944,-0.64864,-0.393961,-0.0391591,0.396399,0.930391,0.468952,-0.388606
-5.24782,2.86645,-1.03103,0.201462,0.0733683,0.623543,-0.11147,0.275674,0.0777997,0.205941,0.0879418,-0.299843,0.171961,-0.527576,-0.47014,-0.105191,0.392066,0.924147,0.14734,-0.495457
-5.19815,2.83631,-0.911347,-0.137426,0.0272287,0.238325,-0.451285,0.14485,0.142942,0.192545,0.560302,-0.284891,0.110258,-0.439008,-0.528807,0.0851923,0.32915,0.731706,0.103317,-0.404223
-4.96633,2.41322,-0.777621,-0.157202,0.146108,0.558359,-0.0704651,0.0821678,0.140116,0.326116,0.31363,-0.149954,-0.0324096,-0.574581,-0.33724,0.112621,0.414364,0.649439,0.0464006,-0.293437
-5.38179,2.77381,-0.857548,0.339751,0.283356,0.43355,-0.0429812,0.271011,-0.309428,0.347366,0.111212,0.0954689,-0.253549,-0.823972,-0.262902,0.251083,0.697621,0.709367,-0.330406,-0.368764
-5.44992,2.90706,-0.655593,0.732094,0.165802,0.234092,-0.188332,0.0527318,-0.201424,0.128427,0.160309,-0.0296092,-0.31889,-0.623849,-0.237185,0.18698,0.42906,0.599983,0.0459485,-0.436614
-5.41,2.44973,-0.522049,0.599933,0.530978,0.713018,0.140895,-0.0383094,-0.330607,0.0806778,-0.0329813,-0.299646,-0.299607,-0.677537,-0.320359,0.241278,0.300446,0.743753,0.255283,-0.296343
-4.87865,2.40618,-0.507571,0.464625,0.39373,0.729399,0.0375775,0.370917,-0.176408,-0.280899,-0.312916,0.066221,-0.0924501,-0.54696,-0.516906,-0.319878,0.150793,0.662428,0.436164,0.0223376
-2.31192,2.00978,-0.000435983,0.691125,0.227436,0.196249,-0.0979644,0.201332,0.0929674,-0.217693,-0.269807,-0.157513,0.00570139,-0.0199764,-0.146505,-0.308981,-0.275461,0.0856182,-0.0289125,-0.10495
-3.3444,1.85819,0.383882,0.908078,0.511047,0.38805,0.361487,0.0331798,0.0235678,0.110563,0.193299,0.0886469,0.30587,0.122445,-0.189124,-0.476529,-0.405283,0.0989288,0.430161,0.607137
-4.04481,2.64365,-0.0197931,0.7915,0.371778,0.555346,0.0590666,0.200576,0.259651,-0.0574586,0.148815,-0.0569989,0.336211,-0.0823791,-0.255356,-0.509855,-0.413802,0.115869,0.346382,0.602127
-4.82579,2.86601,-0.336971,0.26819,-0.1274,0.545785,-0.0756731,0.571922,0.243538,-0.161348,-0.00910637,-0.288007,0.192848,-0.174055,-0.189586,-0.162755,-0.167137,0.300777,0.416231,0.603617
-5.06072,3.16679,-0.454952,0.281718,-0.254601,0.482022,-0.100362,0.580508,0.125817,-0.121971,-0.195563,-0.291559,0.215331,-0.470663,-0.078075,-0.0346437,-0.417255,0.135754,0.410707,0.593231
-4.98951,2.95915,-1.03344,0.0311255,-0.191025,0.324082,-0.103344,0.636744,0.157343,0.042298,-0.290562,-0.550204,0.110409,-0.460513,-0.217974,-0.171536,-0.199581,0.189634,0.339314,0.662546
-5.27643,2.95778,-1.09504,-0.192154,-0.326994,0.319459,-0.620333,0.567124,-0.125627,-0.103771,-0.552431,-0.645931,0.237673,-0.38419,-0.138219,-0.362884,-0.220277,0.241701,0.0174312,0.649206
-5.52697,3.06306,-1.23608,0.159969,-0.178403,0.404966,-0.524578,0.33969,-0.348654,-0.299058,-0.298904,-0.327004,0.30169,-0.575385,-0.211521,-0.564341,-0.260381,0.192411,0.367925,0.661851
-5.7709,2.73106,-1.13633,0.345459,-0.0661323,0.509223,-0.537892,0.230379,-0.440048,-0.389781,-0.201766,-0.180094,0.201137,-0.604668,-0.292647,-0.7117,-0.126656,0.341079,0.553323,0.718882
-5.5448,2.74762,-1.0602,0.106829,-0.063531,0.420095,-0.16343,0.633349,-0.0310293,-0.287689,-0.364724,-0.311213,0.0522268,-0.496917,-0.260725,-0.463176,-0.117668,0.177803,0.586552,0.597385
-4.90583,2.77001,-1.15772,-0.023475,-0.296755,0.10232,-0.396544,0.539013,-0.0311022,-0.394184,0.0634589,-0.204958,0.172105,-0.774868,-0.312641,-0.446119,-0.13199,0.219227,0.340441,0.382176
-4.81862,2.24851,-1.13503,-0.0620745,-0.0519016,0.0911811,-0.384114,0.308423,-0.164969,-0.313828,-0.0808182,-0.0538866,-0.192913,-0.779583,0.0492078,-0.542425,-0.313085,0.530669,0.423642,0.547038
-4.53693,2.21978,-1.01504,0.315666,-0.252691,0.382347,-0.0421695,0.540428,-0.100486,-0.128914,0.0478522,0.0637406,0.0963918,-0.537989,-0.255856,-0.397993,-0.34598,0.123974,0.456547,0.776779
-4.97453,2.35944,-1.18555,0.433355,-0.233356,0.252544,-0.183579,0.501333,-0.0747821,-0.355206,-0.482715,-0.116396,0.127628,-0.55544,-0.13959,-0.436108,-0.327305,0.00927441,0.3273,0.829369
-5.0705,2.50177,-1.02681,0.612166,-0.436311,0.290282,-0.123265,0.666807,-0.178751,-0.487785,-0.0510635,-0.169467,0.0815453,-0.827338,-0.317673,-0.468834,-0.299244,-0.0595238,0.533606,0.924709
-5.28988,2.58193,-1.1247,0.972861,-0.679979,0.43989,-0.397775,0.668898,-0.237893,-0.204234,0.0107812,-0.257144,0.209208,-0.725923,-0.301668,-0.560436,0.065066,-0.0659263,0.544234,0.658384
-5.82322,2.83114,-1.13345,1.05173,-0.712132,0.621894,-0.42694,0.613514,-0.120781,-0.307302,0.274439,-0.45792,-0.073376,-0.679688,-0.274925,-0.878841,-0.195436,0.0767317,0.84491,0.486405
-5.13318,2.66318,-0.48947,0.518246,-0.0112307,0.0558444,-0.134327,0.244671,0.216402,-0.530455,-0.268353,-0.164938,-0.151872,-0.434264,-0.200662,-0.58896,-0.0994107,0.0634723,0.357002,0.591177
-5.85619,2.74326,-0.314729,0.313508,0.324564,0.0998342,0.213378,-0.0496713,0.0316231,-0.481295,-0.408055,-0.340722,-0.092892,-0.421986,-0.0709218,-0.198696,0.087698,-0.033699,0.194474,0.799505
-5.87946,2.08176,0.503153,-0.312088,0.501548,-0.26789,0.28664,-0.234816,0.385803,-0.404309,-0.245428,-0.352357,-0.276296,-0.22319,-0.0603668,-0.265421,0.0751121,0.201682,-0.0539756,0.248399
-5.97452,1.55006,0.861357,-0.0351559,0.243296,-0.481318,0.397937,-0.057087,0.391367,-0.183642,-0.219413,-0.337297,-0.28139,-0.150139,0.280122,-0.138731,0.299103,0.288416,-0.0378487,0.0974493
-5.83902,1.53695,0.450512,-0.234149,0.158377,-0.29863,0.238527,-0.144261,0.337422,-0.318606,-0.183491,-0.487287,-0.467295,-0.0620556,0.0592744,-0.0644758,0.18037,0.201777,0.325735,0.370336
-5.87543,1.2932,0.185256,-0.352555,0.375532,-0.023801,0.139769,-0.025029,0.103134,-0.436501,-0.0109581,-0.421258,-0.434702,-0.000844885,0.157552,0.338423,0.215184,0.253871,0.39275,0.324158
-6.00031,1.77564,0.443246,-0.0759214,0.778359,-0.253768,0.0260331,-0.356658,0.167274,-0.178131,0.0526564,-0.525483,-0.485731,-0.145104,-0.00293991,0.00511956,-0.0126507,0.130259,0.0262119,0.170484
-5.78482,2.30943,0.0228995,0.544753,-0.205061,-0.315457,-0.547054,-0.295587,-0.088414,-0.226635,-0.526476,-0.42698,-0.476647,-0.303379,-0.595152,-0.19173,0.0268774,-0.189948,0.132576,0.598132
-5.51803,2.0757,-0.472836,0.495739,-0.259485,-0.0551568,-0.138886,0.105433,-0.425226,0.0250442,-0.313093,-0.357889,-0.390493,-0.227245,-0.728863,-0.514825,-0.0945592,-0.223641,0.490407,0.827809
-5.46767,1.95942,-0.383418,0.768149,-0.400325,-0.302545,-0.299755,0.223152,-0.263641,-0.00604261,-0.405973,-0.522689,-0.326113,-0.184533,-0.53125,-0.56617,-0.145808,-0.227611,0.355085,0.641874
-5.17536,2.25016,-0.451281,0.942644,-0.456401,-0.186557,0.0320831,0.267197,-0.0757266,-0.0536701,-0.373627,-0.206303,-0.475421,-0.241927,-0.655,-0.503738,-0.203665,-0.12086,0.381093,0.589135
-5.38551,2.47218,-0.840539,1.10849,-0.36595,-0.0448914,0.0391986,0.49792,0.176265,-0.10327,-0.288193,-0.126296,-0.531732,-0.359858,-0.565078,-0.40133,-0.101502,0.264092,0.391735,0.663872
-6.18337,2.39381,-0.449096,0.762864,-0.29657,-0.0505504,-0.150057,0.530075,0.16233,-0.503779,-0.656533,-0.290275,-0.231188,-0.429724,-0.333763,-0.462794,-0.17407,0.164365,0.0754005,0.543962
-6.89766,2.29985,-0.114528,0.844979,-0.161944,0.175252,0.345877,0.0865823,-0.124458,-0.406222,-0.421646,-0.0671574,-0.117878,-0.555022,-0.278698,-0.195117,-0.0884982,-0.246459,-0.0561293,0.254047
-6.19087,3.63529,0.418345,0.691249,0.200506,0.516201,0.47156,0.263834,0.392122,0.0131775,-0.196837,0.123525,-0.0113009,-0.284263,-0.115543,-0.188771,-0.236102,-0.310196,-0.108434,-0.0063485
-6.85227,3.52683,0.734456,1.02626,0.548687,0.442861,0.465429,0.243392,0.244269,0.359396,0.276702,0.329614,0.31261,0.2027,-0.0987468,0.31422,-0.037377,-0.0356172,0.207039,0.0127892
-7.20703,2.81094,0.800968,0.898926,0.685411,0.238599,0.498135,0.259142,0.677934,0.0987058,0.271562,0.0377117,-0.348013,0.0521877,-0.00085049,0.239982,0.292421,-0.276971,0.156703,0.378127
-7.16447,2.13803,0.628801,0.101849,0.557981,-0.177389,0.727203,0.0354697,0.638265,0.0642119,0.315877,-0.181422,-0.31841,0.253031,0.37928,0.0503503,0.257101,-0.186357,0.214975,0.145229
-5.46154,2.56333,0.210878,0.88093,-0.20738,0.103356,-0.295672,0.119179,0.0955857,-0.211485,0.196218,-0.251475,-0.557199,-0.0530931,-0.130438,0.177267,0.883915,0.306104,0.461843,0.0219091
-5.64545,2.08787,-0.338841,0.86931,-0.184894,0.413736,-0.104503,0.392104,-0.0548378,-0.0168885,0.100241,-0.466748,-0.593089,-0.222771,-0.37731,0.268513,0.980274,0.534722,0.798614,0.165093
-5.4646,1.91268,-0.124515,0.915694,-0.330516,0.431618,0.129953,0.367386,-0.099351,-0.195257,-0.065684,-0.726485,-0.672211,-0.378076,-0.361967,0.155795,0.913921,0.523047,0.647053,0.113851
-5.56512,2.30673,-0.162184,0.77994,0.0869084,0.26718,-0.125593,0.290681,-0.0596034,-0.276094,0.101374,-0.521875,-0.638157,-0.156827,-0.253271,0.13452,0.508014,0.425608,0.408651,0.227275
-7.19253,2.26788,0.0404889,1.04834,0.196597,0.182016,0.00520613,0.267321,-0.0158591,-0.0850264,-0.0707653,-0.411583,-0.658062,-0.156941,-0.0219804,0.0672515,0.0146776,-0.12974,0.0941574,0.102805
-7.9037,2.74115,-0.28651,0.679765,0.167872,0.41104,0.226368,0.386496,-0.183891,0.119338,-0.232944,-0.18223,-0.204152,0.398421,0.156547,0.0936753,-0.0807223,0.288255,0.0400437,0.288411
-7.43764,2.76374,-0.0721659,0.692315,0.206539,0.338688,-0.136174,0.620154,-0.179023,-0.0762562,0.0504047,0.149914,-0.109529,-0.128803,-0.0257559,0.297137,0.264141,0.0774479,0.133654,0.254924
-5.14977,2.71021,0.563265,0.690809,0.166187,-0.0140381,0.0330392,0.18391,0.327009,0.383539,0.0325017,0.0227822,-0.413546,-0.233542,0.0621251,0.0163726,-0.0606277,-0.159709,-0.223751,0.0801303
-5.16965,2.09652,1.32933,1.11532,0.798455,0.368195,0.489395,0.284662,0.435214,-0.0188069,0.0907764,0.0321839,0.105752,-0.169391,-0.09615,-0.264708,-0.124893,0.176454,0.203381,0.199307
-6.46672,2.14718,1.41935,0.661016,0.571197,0.429786,0.700882,0.236317,0.380647,-0.24098,0.250251,0.0866171,0.238609,0.0859723,-0.00740087,-0.0935211,0.168412,0.162557,0.022021,-0.0610086
-6.13475,2.78534,0.928552,0.864506,0.105327,0.34006,0.177019,0.526229,0.057508,-0.00765668,0.127678,0.0206547,-0.0160343,0.3449,-0.19286,-0.172316,0.0376971,-0.254014,-0.47967,-0.224449
-5.88625,2.8118,0.639248,0.949056,-0.0263413,0.163999,-0.200124,0.453742,0.0567427,0.191878,0.058442,0.107322,0.00996169,0.375047,-0.224124,-0.219161,0.0370615,-0.552081,-0.353042,-0.315461
-5.95796,2.46238,0.434964,1.02281,-0.0419477,0.14096,-0.28077,0.210921,-0.155176,0.320299,-0.0945564,-0.250076,0.00730156,0.293206,-0.15907,-0.0512018,-0.1347,-0.52512,-0.588556,-0.402999
-6.31113,2.49621,0.212684,1.06498,-0.241865,0.303177,-0.188613,0.29843,-0.174401,0.312402,0.0160843,0.132416,-0.0403997,0.217766,-0.322317,-0.187813,-0.116443,-0.448814,-0.570549,-0.546
-6.7574,2.75638,0.340318,0.799705,-0.0961148,0.266421,-0.154881,0.189572,0.255049,0.196907,-0.0664954,-0.144495,-0.2554,0.263708,-0.114059,-0.123667,0.0335976,-0.404145,-0.232397,-0.392479
-7.7259,2.89694,-0.0660022,0.56699,-0.32947,-0.00968228,-0.0920363,0.245287,0.121635,-0.176354,-0.230646,-0.117128,-0.145996,0.406785,0.120607,0.208812,0.0591494,-0.0884658,0.0363063,-0.181534
-8.03533,2.83021,-0.101485,0.56228,-0.0651431,0.147516,0.0311544,0.108664,-0.147788,-0.154665,-0.230772,-0.309523,-0.191702,0.174601,0.590171,0.283755,0.200051,-0.020502,-0.117278,-0.0127484
-7.69952,2.70235,-0.0898399,0.481708,-0.246261,-0.109586,-0.156379,-0.0511474,-0.164273,-0.123781,-0.132443,-0.405289,-0.294477,0.194158,0.253208,0.23531,0.254484,0.0789314,-0.00938016,-0.138946
-7.34964,2.00374,0.376771,0.640523,0.0767666,-0.0307034,-0.0813272,-0.134457,0.0564291,-0.406812,-0.451216,-0.161957,0.139354,0.147948,-0.198866,0.322675,0.0820237,0.0200955,-0.0312609,0.151008
-6.94513,1.5777,-0.152914,0.575543,0.109518,0.0938031,-0.0557355,-0.334857,-0.156528,-0.240377,-0.0810736,0.131568,0.00765212,0.342876,-0.0612973,0.642087,-0.143288,0.175849,0.423913,0.364586
-6.79923,2.07834,0.494725,0.716542,0.139299,0.199685,-0.358176,-0.405356,-0.330191,-0.0590129,-0.313051,0.0753071,-0.281982,-0.0608627,-0.0326051,0.189695,-0.143934,-0.217541,-0.0518088,-0.0880543
-7.41788,2.45306,0.839222,0.876271,-0.0443099,-0.219111,-0.56295,-0.0324387,-0.29702,0.219694,-0.184673,-0.25124,-0.315686,-0.0304637,0.224617,0.152798,0.0591122,-0.468277,-0.580646,-0.359756
-6.88557,2.54434,0.580848,0.427151,0.116442,0.154244,-0.236975,0.149696,-0.566707,-0.0635473,-0.303752,0.0994513,-0.203554,0.205671,0.122025,-0.0178242,-0.151049,-0.24842,-0.28188,-0.324764
-6.68551,1.57596,0.570405,0.325324,0.499774,0.242781,0.294034,-0.0997241,-0.428403,-0.614293,-0.00945964,-0.0849446,-0.0589838,0.170043,0.110711,-0.103569,-0.196388,-0.0303168,-0.000293077,-0.182745
-6.35633,1.20211,1.01015,0.00328678,0.62802,-0.160631,0.220414,-0.20214,-0.165374,-0.361818,-0.00970881,0.148973,0.141079,0.0562891,0.0171662,-0.0648355,0.0106419,0.327073,0.293741,-0.135535
-6.92488,1.20876,1.57058,-0.0180011,0.491277,-0.106637,0.160211,-0.247519,0.166589,-0.532733,-0.187992,0.194616,0.192415,0.138779,0.019884,-0.0672113,0.119272,0.0813848,0.0325419,0.0668585
-7.2254,1.15679,1.03569,-0.376781,0.128593,-0.25374,0.290859,-0.326796,-0.109643,-0.494905,0.174955,0.113217,0.0286917,0.249327,0.267496,0.00842539,0.0745473,0.0687922,-0.168412,-0.0135165
-7.3179,1.03713,1.07993,0.00120239,0.0696164,-0.46998,0.382,-0.146269,-0.0749992,-0.217314,0.282709,0.165396,0.0392724,0.0189397,0.220633,0.204192,-0.0723234,-0.150479,0.143333,-0.101877
-7.51996,1.26948,0.693587,-0.0233349,0.418638,-0.383012,0.242141,-0.212879,0.347859,-0.458574,0.140878,0.183281,0.495131,0.209531,0.10231,0.0254217,0.0166497,-0.225451,-0.00648316,-0.0459647
-7.04088,1.62367,0.312803,0.429709,0.177785,-0.187271,0.160212,-0.200332,0.315458,-0.285738,0.308059,0.120076,-0.136468,0.316815,-0.153956,-0.141882,-0.431938,-0.0800889,0.182798,0.0727092
-6.91745,1.92173,0.16362,0.492741,0.160549,-0.0820818,-0.0499166,-0.073997,-0.0324126,-0.341115,0.0098566,-0.160641,0.121494,0.272839,-0.155708,-0.10745,-0.0519701,-0.437387,0.194534,0.226194
-5.46605,2.17284,-0.251282,0.832858,-0.455188,-0.282678,-0.855666,0.698245,-0.163392,-0.742488,-0.00998806,-0.160991,-0.501601,-0.275338,-0.547993,-0.725779,-0.13439,-0.256345,0.607176,0.503116
-4.87323,2.03907,-0.318988,0.775414,-0.888203,-0.432728,-0.630498,0.820725,-0.0804306,-0.292211,0.142227,-0.139463,-0.204949,-0.356173,-0.534757,-0.645252,-0.484225,-0.408507,0.677439,0.800519
-4.74418,2.00977,-0.782336,0.610999,-0.924843,-0.582992,-0.541208,0.566364,-0.271144,-0.18146,-0.0638426,-0.162162,0.0522006,-0.220427,-0.68776,-0.645402,-0.473747,-0.0169407,0.830029,0.557811
-4.79246,1.55322,-1.05051,0.495702,-0.50583,-0.454702,-0.342352,0.352713,-0.405578,-0.260411,-0.0969735,-0.0170696,-0.163171,-0.338781,-0.808438,-0.782084,0.0143251,0.701829,0.702018,0.288959
-4.33176,1.67096,-1.45457,0.582491,-0.499487,-0.0176804,-0.189724,0.47133,-0.25146,-0.0783215,0.243324,-0.0618451,-0.38416,-0.801959,-0.842211,-0.214732,0.546711,0.996568,0.710481,-0.13626
-5.00601,1.95125,-1.16868,0.380599,-0.529638,0.00806527,-0.247826,0.245933,-0.180401,0.21993,0.269356,0.00821377,-0.82853,-0.922702,-0.74944,-0.0707969,0.670537,0.866051,0.219633,-0.25365
-5.44405,2.49006,-1.32701,0.229098,-0.594999,-0.125778,-0.572438,0.304756,-0.295347,0.212723,0.266819,0.253955,-0.768035,-1.05393,-0.46845,-0.0919507,0.548818,0.852044,0.267413,-0.143564
-5.55414,2.60883,-0.951651,0.0923185,-0.175196,-0.190138,-0.608064,0.0130947,0.370329,0.205326,-0.0908664,-0.196822,-0.614041,-0.725874,-0.20445,0.0245894,0.809074,0.624351,0.214733,-0.0600486
-6.60197,2.65228,-0.421893,-0.052631,0.0254343,-0.280759,-0.109098,-0.168131,0.353861,0.100176,0.0209533,0.0420716,-0.276017,-0.433406,-0.369145,0.00600888,0.0728618,0.422564,0.000577224,-0.367904
-6.87264,1.95287,-0.174387,0.114167,-0.270344,0.0107254,-0.304591,-0.307044,0.0406112,-0.0320818,-0.0353509,0.0995245,-0.0365549,-0.238419,-0.31327,-0.103873,0.10451,0.397077,0.353876,0.161932
-6.75696,1.81292,-0.420301,0.515195,-0.151299,0.285345,-0.127176,0.30156,0.0451957,0.0301042,0.0719082,0.153808,0.363174,0.383292,0.0129416,0.100042,0.0887397,0.256927,0.156052,-0.137091
-7.32432,2.52393,-0.317428,0.667677,0.0855283,-0.14957,-0.0929134,0.256104,0.0578862,0.0915646,0.231375,0.0204812,-0.0974338,-0.117023,-0.142739,0.165931,0.163167,0.308416,0.114346,-0.0367689
-7.6497,2.61052,-0.413537,0.725718,-0.15759,0.0265275,-0.0895729,0.349063,0.278422,0.0364478,0.0838622,0.208142,-0.0862371,-0.139598,0.055546,0.0119556,0.0492838,0.334291,0.303692,-0.418071
-5.19888,2.55024,-0.562128,0.485162,-0.560041,0.750408,-1.04306,-0.165842,0.581448,0.408721,0.000723867,-0.364804,-0.336227,-0.63503,-0.405445,-0.308444,0.695409,0.759769,0.0197235,-0.515971
-5.30149,2.31329,-1.08971,0.244126,-0.241195,0.712283,-0.720076,0.464312,0.57883,0.438121,0.15957,-0.362176,-0.576055,-0.465111,-0.665753,0.176567,1.07083,0.960291,0.228877,-0.684262
-5.22176,2.349,-1.30972,0.150897,-0.620563,0.964392,-0.538747,0.384898,0.600306,0.138517,0.391755,-0.319095,-0.213412,-0.308843,-0.334506,0.188206,1.18298,0.670558,-0.0166173,-0.699717
-5.49431,2.38893,-1.10235,0.310655,-0.528071,0.979516,-0.553555,0.0642348,0.562997,-0.0348468,0.744193,-0.327101,0.0281031,-0.574217,-0.567592,-0.214339,1.18234,0.924941,0.241303,-0.455319
-5.25687,2.06343,-1.1152,0.40637,-0.350408,0.908772,-0.440787,0.0607711,0.474009,-0.0633772,0.679725,-0.332402,-0.0301365,-0.636774,-0.570677,-0.141591,0.986143,0.889225,-0.109033,-0.660729
-3.8076,1.88814,-0.984778,0.257135,-0.483714,0.330648,-0.0979191,0.00795564,0.40257,-0.216712,0.175999,-0.077807,0.0257864,-0.207711,-0.592163,0.0323113,0.537867,0.720063,-0.508546,-0.564335
-2.66898,1.84936,-0.116685,0.728673,0.230459,0.469191,0.284523,-0.145075,0.594827,0.151006,0.315427,0.128877,-0.0252733,-0.19709,-0.419111,0.242113,0.542732,0.37681,-0.387577,-0.873953
-3.7213,1.90814,-0.0727938,0.459895,0.463712,0.64919,-0.199778,0.146816,0.630687,0.38601,0.540554,0.115103,-0.124305,-0.13595,-0.805549,0.252732,0.869686,0.681244,-0.166474,-0.722831
-4.7898,2.34539,0.0270202,0.278952,0.119001,0.701503,-0.473615,0.0149092,0.497168,0.399033,0.348978,-0.0104743,-0.0961743,-0.35991,-1.07443,-0.0166768,0.76944,0.744579,-0.272587,-1.08619
-5.64279,2.17911,-0.0183256,0.471909,-0.247027,0.364527,-0.607563,0.184567,0.606879,0.119989,0.584057,0.340113,-0.22902,-0.48832,-0.862801,0.167618,1.14356,0.826482,-0.447825,-1.12566
-5.89122,2.44606,0.0356764,0.358625,-0.602347,0.407415,-0.529454,0.158779,0.538606,0.122188,0.635246,0.554427,-0.0374962,-0.508592,-1.00014,0.25789,1.13129,0.771359,-0.0474824,-1.14817
-5.91473,2.5752,-0.144584,-0.0192862,-0.308791,0.464553,-0.860571,0.0171356,0.227555,0.492745,0.608179,0.327234,0.255199,-0.59775,-0.771761,0.137661,0.803658,0.768954,0.152025,-0.548887
-6.13651,2.78449,-0.380636,-0.290364,-0.466558,0.373906,-0.614698,-0.0562332,0.0616773,0.199897,0.38642,0.557279,0.128504,-0.201921,-0.524596,-0.132051,0.172226,0.209809,0.216917,-0.0538617
-6.87615,2.93574,-0.577224,0.0435411,-0.571499,-0.0768245,-0.824,-0.215134,0.0111392,0.519859,0.559261,0.733613,0.238042,-0.392572,-0.414265,0.192398,0.223112,0.0520575,0.0018343,-0.349802
-7.57905,2.64279,-0.938146,0.173246,-0.0080235,0.131024,-0.79653,-0.0492222,0.207341,0.181609,0.277733,0.580561,0.252616,-0.445315,-0.391928,-0.00245743,0.112355,0.286204,-0.0340132,-0.547595
-7.91417,2.83669,-0.877644,0.605884,0.026103,0.113356,-0.829575,-0.224147,0.161279,0.507289,0.499839,0.145902,0.189956,-0.430159,-0.547398,0.0181585,0.709675,0.543851,0.108346,-0.504125
-7.98442,2.61482,-0.342678,0.480158,-0.172036,-0.0483357,-0.484089,-0.0274804,0.256389,0.226187,0.317603,-0.0262904,0.0191057,-0.279174,-0.391266,0.16423,0.561027,0.309232,-0.210728,-0.403439
-7.16341,2.4477,-0.861727,0.0651005,0.0291371,0.152971,-0.300659,-0.227189,0.414812,0.114473,0.283729,0.137505,-0.0970189,-0.171839,-0.702828,-0.0204393,0.287949,-0.0186027,-0.447501,-0.530516
-6.49113,1.70884,-0.464591,-0.0793411,-0.0311337,-0.124074,-0.333917,-0.187373,0.290521,0.124495,0.298157,0.131287,-0.376133,-0.313289,-0.759413,0.265391,0.170647,0.0329787,-0.108455,-0.487299
-7.08517,1.85473,-0.402956,0.210012,-0.255075,0.0641536,-0.297031,0.0284013,0.174814,0.180795,0.177397,0.216622,-0.151836,-0.0415644,-0.770436,0.241608,0.36285,0.400406,-0.0600966,-0.376304
-7.2641,1.8347,-0.657013,0.287351,-0.0728064,0.45285,-0.385262,0.00921593,0.0946672,0.0778863,0.00160438,0.308017,-0.248586,-0.120698,-0.598835,0.336783,0.312413,0.372509,-0.0843374,-0.394795
-6.99515,1.61209,-0.550692,0.378927,-0.144428,0.298089,-0.231021,0.399408,0.259957,0.31479,0.147651,0.0159095,-0.0481172,-0.449592,-0.783168,-0.0578926,0.196322,0.414556,-0.0514085,-0.177733
-6.86395,2.01624,-0.199372,0.349759,-0.164678,0.327791,-0.257075,0.328517,0.50831,0.12947,-0.0102595,-0.0994566,-0.077366,-0.264145,-0.66613,0.258765,0.422926,0.225782,-0.162832,-0.355032
-6.66518,2.11086,-0.23161,0.174532,-0.102896,-0.248683,-0.285644,0.220739,0.218632,0.0342141,0.208116,0.525671,-0.078408,-0.261316,-0.497156,0.369379,0.104184,0.0491521,-0.307736,-0.367732
-6.86687,2.38249,-0.183729,0.356256,0.342989,0.393234,-0.535481,-0.203181,0.19369,0.341274,0.0474295,0.685955,-0.0708806,0.000575303,-0.292121,0.215048,0.093394,0.0901249,-0.336585,-0.499678
-7.00454,2.1438,-0.00751432,0.344098,0.376324,0.0821154,-0.45661,-0.161264,0.215657,0.0478023,0.030052,0.656646,-0.0866096,0.0435573,-0.256323,0.0116962,0.189038,0.0462342,-0.0746197,-0.122646
-6.84868,1.32362,0.449207,0.0839051,0.104073,0.357722,-0.0669316,-0.255354,0.0909486,0.140401,-0.115445,0.59664,0.125213,-0.240381,-0.260053,-0.0830259,0.29308,0.0898029,-0.015971,-0.0507623
-7.5247,1.92975,0.0882873,0.543504,-0.0179233,0.0387815,-0.440935,-0.503963,0.141154,0.296466,0.563188,0.52029,-0.0119362,-0.449021,-0.493619,0.0617948,0.355247,0.225956,0.0650701,-0.0620188
-7.03715,1.63181,0.106711,0.333502,-0.253726,-0.26267,-0.334406,-0.224628,0.344529,0.104355,0.302595,0.274842,0.409766,-0.154808,-0.304289,-0.106507,0.0898397,0.120253,-0.0258957,0.113692
-7.32298,1.67925,-0.463968,0.624231,-0.305463,-0.239276,-0.250136,-0.128416,0.311508,-0.319324,0.367693,0.272216,0.412598,-0.136884,-0.382602,-0.0104281,0.0763164,0.2226,-0.192048,-0.0822148
-6.98078,2.04295,0.235318,0.93871,-0.342558,-0.114723,0.165165,-0.480324,0.251131,-0.672825,-0.190509,0.569839,0.0622516,-0.181016,-0.823039,0.0142494,0.0363167,0.1793,-0.389092,-0.458667
-6.28355,2.60179,0.944105,1.01429,-0.48957,-0.417364,0.163129,-0.40357,0.0112393,-0.551985,-0.383849,0.044561,-0.0656311,-0.12231,-0.718527,0.285771,0.149375,0.286045,-0.12689,-0.360944
-5.44603,1.77564,0.45793,0.756726,-0.633057,-0.387469,0.194149,-0.554042,0.00267003,-0.159759,-0.107193,-0.0580776,-0.164559,-0.0335104,-0.737653,0.331581,-0.135907,-0.189081,-0.41757,-0.839319
-5.5312,1.89118,-0.179086,0.662532,-0.286788,-0.553874,0.062141,-0.546054,0.109057,0.048466,0.100732,-0.184734,-0.213372,0.187365,-0.534264,0.00696681,0.00484631,-0.540037,-0.782185,-0.78992
-5.53902,1.95625,0.215509,0.967323,-0.0750085,-0.478936,-0.0259828,-0.453505,0.0486277,-0.0308173,0.312,-0.0245217,-0.194212,0.150849,-0.6262,0.0500362,-0.17589,-0.481457,-0.536131,-0.539439
-6.07535,2.21652,0.317354,0.513098,0.0178366,-0.318015,0.0333095,-0.453991,0.166802,-0.284312,0.0453343,-0.0817764,-0.0191183,0.273942,-0.579324,-0.030136,-0.30268,-0.2102,-0.489387,-0.610153
-5.79073,2.90283,1.45708,0.447193,0.616564,0.149473,0.816173,-0.0772209,0.510492,-0.351517,0.310703,-0.0863418,-0.311972,-0.0901488,-0.485443,0.0742114,0.0561237,0.0706338,-0.242567,-0.664455
-7.06392,2.30311,1.69578,0.600122,0.918883,0.207858,0.571096,-0.139041,0.535066,0.0520594,0.530075,0.240915,0.20492,0.0461566,-0.0947983,0.531005,0.274197,0.350493,0.137196,-0.0327412
-7.3877,1.77157,1.14559,0.599069,0.503343,-0.0898101,0.54309,-0.17324,0.564477,0.0467945,0.250715,-0.0253799,0.597818,0.211687,0.0501468,0.0571184,0.26728,0.167586,0.149248,-0.0460875
-6.19299,1.69509,0.892062,-0.0210093,0.317147,0.0492002,0.249233,-0.160002,0.389707,0.251539,0.31823,-0.178651,0.297356,0.122275,-0.172676,-0.0243094,0.249682,-0.196148,-0.132058,-0.287341
-5.66478,2.13524,0.770892,0.159998,0.28985,-0.183292,-0.0638242,-0.162901,0.150001,-0.141962,0.0427189,-0.258359,-0.226057,-0.0885226,0.324475,0.336443,0.0974778,-0.276329,-0.0571666,-0.0410062
-4.75341,2.21162,0.154246,0.549975,0.193458,0.0923803,-0.481741,0.283267,0.174369,-0.0961332,0.359474,0.357473,-0.000652675,0.206268,0.0361723,0.000890941,0.227704,0.0670011,-0.01793,-0.196259
-4.99969,2.30326,-0.161945,0.459275,0.156345,0.149438,-0.324788,0.141652,0.179062,-0.0602289,0.0857647,0.19068,0.0877494,0.12408,-0.058731,-0.0192542,0.162953,0.201929,-0.105647,-0.00870681
-5.35844,2.01679,-0.0221393,0.3547,0.363682,0.28353,-0.0181976,0.440669,0.0757864,-0.0624668,0.079003,0.303617,0.0171528,0.0123167,0.0226393,0.319027,-0.0665088,-0.0690014,-0.163428,-0.175465
-5.76532,1.98625,0.0626599,0.624562,0.523166,0.388293,0.0789936,0.198353,-0.23865,-0.0507752,0.246642,0.527494,0.429568,0.0899144,-0.178297,0.055784,-0.172097,-0.300541,-0.0087726,-0.0446943
-5.82239,2.23177,-0.0793273,0.69962,0.461399,0.497639,-0.00329494,0.0337386,-0.107796,-0.104926,0.243142,0.689316,0.423861,0.16358,-0.124495,-0.0678803,-0.050974,-0.480773,-0.105514,-0.238723
-5.6608,2.1384,-0.00317093,0.518877,0.0114793,0.214079,0.0396259,0.0639487,-0.0664405,0.0329725,-0.0446908,0.644457,0.0661943,0.0591171,-0.204901,-0.113878,0.00255335,-0.473952,-0.122512,-0.414871
-6.3568,2.83237,-0.0308768,0.832677,0.209724,0.529178,0.0274967,-0.185783,-0.322376,0.291596,0.186699,0.287915,-0.0909791,-0.111342,-0.259574,-0.104624,0.163699,0.14567,-0.167403,-0.318486
-4.82462,3.17232,0.317256,0.481037,-0.184346,0.285274,0.234346,-0.00480089,0.329197,0.247211,-0.00506338,0.0934518,-0.193837,0.137716,-0.187252,-0.135377,-0.0166867,-0.208815,-0.23656,0.0135213
-5.65747,2.40531,1.29356,1.13194,0.487258,0.53986,0.498979,-0.047449,0.205359,0.272483,0.52537,0.551044,0.080895,-0.12652,-0.241458,-0.290063,0.141854,0.204773,-0.182111,-0.0532329
-7.04264,2.08246,0.775436,0.716381,0.542751,0.615118,0.399674,-0.0375991,-0.057129,0.141384,0.589846,0.432294,0.102487,0.272043,0.109693,0.0565977,0.207141,0.120948,0.040463,0.107525
-6.48132,2.37713,0.343129,0.466738,-0.0990567,0.403546,0.429824,0.658128,0.239201,0.536157,0.358396,0.0704653,0.127512,0.0192046,-0.146738,-0.117116,0.0356561,0.227122,-0.000968703,-0.148376
-3.7858,1.74211,0.105684,0.787588,-0.92218,-0.107561,0.336567,0.66333,0.247985,0.151963,0.326024,-0.0970068,0.159386,0.333294,-0.347548,0.140262,0.348101,0.148129,-0.0217484,0.0471637
-2.96248,1.61781,-0.314354,0.61002,-0.885421,-0.186141,0.285551,0.622004,-0.00751026,0.09917,0.375403,-0.134057,0.148374,0.24289,-0.363612,-0.124432,-0.090433,-0.0916971,0.305341,0.103449
-4.39225,1.26393,-0.394766,0.929939,-0.630919,0.000796097,-0.0756401,0.360973,0.0669632,0.214533,0.328517,0.0736628,0.187195,-0.011383,-0.835065,-0.531344,-0.591139,0.0860123,0.687258,0.744996
-4.53243,1.31793,-0.764786,1.03728,-0.886802,0.28958,-0.219241,0.596095,-0.400498,0.497468,0.169953,0.315757,0.166668,0.17172,-1.22314,-0.500429,-0.501724,0.297762,0.479298,0.542283
-4.31484,1.63589,-0.867651,0.950599,-0.771879,0.390151,-0.28381,0.70397,-0.434112,0.29231,0.29949,0.0650657,-0.190361,0.0391694,-0.647553,-0.353402,-0.0053624,0.183889,0.576994,0.312006
-4.31235,1.83814,-0.933021,0.963972,-0.789427,0.232329,-0.278819,0.609599,-0.647964,0.072714,0.299831,-0.242833,-0.456552,-0.29177,-0.63792,-0.0973432,0.57357,0.507486,0.514505,-0.124041
-5.41836,2.07131,-0.376982,0.882091,-0.411631,-0.0108342,-0.138339,0.547131,-0.640777,-0.210193,-0.101877,-0.144256,-0.498504,-0.591844,-0.222126,0.172615,0.712207,0.462006,0.309388,0.0383416
-6.03343,2.37775,-0.0985368,1.11957,0.283983,0.151978,-0.407994,0.428982,-0.617647,-0.134633,-0.0601553,-0.0239411,-0.205195,-0.562744,-0.406813,-0.42337,0.467685,0.807846,0.546029,0.0485604
-5.70457,2.13327,0.100425,1.15497,0.153023,-0.164709,-0.280047,0.347158,-0.396578,-0.357672,0.0657025,-0.0589451,-0.196155,-0.605614,-0.530109,-0.324441,0.615762,0.683513,0.527993,0.0260241
-5.75215,2.19442,0.28903,1.05772,0.211036,-0.0827711,-0.15339,0.597642,-0.361108,-0.550324,-0.235466,-0.23635,0.151695,-0.299699,-0.540679,-0.335056,0.287443,0.43664,0.578937,-0.0483421
-5.82459,2.36424,-0.39193,1.09847,-0.00824432,0.257477,-0.473606,0.289665,-0.194602,0.0711048,0.0239488,-0.540795,-0.436474,-0.606625,-0.283632,-0.501722,0.4431,0.27678,0.698959,0.0856343
-6.04891,2.46717,-0.398825,1.51216,-0.133892,0.28912,-0.557112,0.425568,-0.413107,-0.111653,-0.362934,-0.23845,-0.119148,-0.501061,-0.180084,-0.458646,0.65904,0.406601,0.828839,-0.107071
-4.95745,2.03879,-0.739375,1.10264,-0.311221,0.217223,-0.714857,0.49477,-0.430308,0.298241,0.390768,-0.440482,-0.723343,-0.677999,-0.608724,0.0415528,0.954564,0.849407,0.457779,-0.557961
-5.04319,2.05679,-0.986609,0.912158,-0.348495,0.396478,-0.44581,0.4533,-0.420534,0.166048,0.321809,-0.322966,-0.607648,-0.803903,-0.595562,0.122843,0.606547,0.794175,0.321306,-0.497985
-5.10505,1.84542,-0.958835,0.844079,-0.339946,0.287341,-0.195031,0.459029,-0.171867,-0.0183463,0.376069,-0.0920194,-0.40763,-0.704819,-0.682799,0.0473756,0.623521,0.959148,0.187085,-0.443086
-5.35681,2.34264,-1.2483,0.820679,-0.0913388,0.329491,0.150744,0.484645,-0.243976,0.113028,0.303888,-0.211977,-0.203282,-0.914513,-0.285755,-0.451299,0.553225,1.01535,0.110282,-0.184134
-5.3612,2.3003,-1.34429,0.731656,-0.122761,0.56485,-0.118194,0.227392,-0.05338,0.106949,0.404029,-0.515133,-0.280771,-0.992219,-0.133806,-0.445059,0.58245,0.806576,0.141425,-0.352815
-5.39553,1.7561,-1.07303,0.460532,0.0401787,0.440564,-0.311925,0.50844,0.104427,0.0382565,0.450202,-0.320354,-0.300767,-0.945999,-0.605736,-0.229055,0.718312,0.94659,0.240797,-0.234862
-5.31837,1.4104,-0.678383,0.145301,0.543755,0.384096,-0.295767,0.00170721,0.288126,0.346329,0.577195,-0.482594,-0.353792,-1.05495,-0.699115,-0.18725,0.948219,0.812088,0.365792,-0.302232
-5.26749,2.04792,-1.0278,0.27466,0.075302,0.369625,-0.469432,0.123688,0.209397,0.061031,0.512502,-0.303244,-0.135563,-0.657072,-0.961723,-0.366604,0.664499,0.815934,0.277453,-0.32565
-5.53445,2.09917,-1.07682,-0.0322925,0.0586457,0.646891,-0.433304,0.309653,0.218883,0.505419,0.628706,-0.141071,-0.365722,-0.443413,-0.592172,-0.148874,0.737375,0.777449,0.173769,-0.179091
-5.55845,2.16448,-0.800133,0.129763,-0.00425718,0.738808,-0.0285707,0.554986,0.136276,0.430819,0.340069,0.0884805,-0.142998,-0.582781,-0.565525,-0.177823,0.880569,0.885015,0.158009,-0.246808
-6.1059,2.28598,-0.606354,-0.0154259,0.213744,0.711805,-0.145725,0.34655,-0.231424,0.351514,0.499084,-0.0625476,-0.131334,-0.774666,-0.639863,0.153408,0.742618,1.17198,0.13127,-0.363366
-6.0956,2.31646,-0.434619,0.0473896,0.293463,0.437484,-0.287304,0.288498,0.00084456,0.365549,0.422797,-0.111086,-0.308015,-0.762761,-0.612838,0.0509562,0.702283,0.982026,0.362099,-0.0307926
-6.42855,2.1334,0.141939,0.0132256,0.201395,0.445045,-0.00841384,0.299308,0.18662,0.242732,0.0701079,-0.267897,-0.297578,-0.604257,-0.601619,-0.0437399,0.137437,0.653608,0.32076,0.251207
-6.87408,2.15565,-0.159203,0.440022,0.390941,0.23545,-0.0496066,0.429068,0.331684,0.154357,0.140237,-0.134971,-0.306748,-0.411531,-0.368377,-0.19732,-0.18772,0.212897,0.238949,0.222324
-7.49958,2.46698,-0.351821,0.415633,0.205556,0.273021,-0.0202645,0.139933,0.142998,0.0204098,0.305911,0.0898374,-0.369566,-0.386919,-0.329208,-0.0109897,-0.038413,0.270814,0.18057,-0.131009
-7.99498,2.83833,-0.687009,0.785955,0.292605,0.322839,0.0691764,0.0332701,-0.114498,-0.0698812,0.46015,0.171396,-0.0123387,-0.142023,-0.300718,-0.173521,0.101738,0.530113,0.0794565,-0.278424
-7.9726,2.65408,-0.786511,0.527771,0.254882,0.389917,-0.0279018,0.335349,0.090474,0.145557,0.426096,0.00216767,-0.294166,-0.252277,0.00788166,-0.0020364,0.0403517,0.305147,0.010887,-0.371208
-7.33519,1.77662,-0.431824,0.861979,-0.0563115,0.249383,0.0405389,0.231994,0.0709851,0.102033,0.446381,0.253171,-0.0286874,-0.195562,0.0340566,-0.219121,-0.0259557,0.350276,0.214301,-0.364859
-7.45819,1.97301,-0.762877,0.756135,0.0500871,0.0836769,0.192679,0.396014,0.217978,0.442214,0.421803,0.0900097,-0.148186,-0.29841,-0.312581,-0.15381,-0.0267751,0.298694,0.0200955,-0.222454
-7.27579,1.81595,-0.693415,0.896312,0.297923,0.176103,0.102099,0.222196,0.231094,0.0611594,0.242431,-0.0736937,-0.20362,-0.349238,-0.373758,-0.368984,-0.0861852,0.255196,0.239729,-0.0772279
-7.22014,2.46916,-0.917627,0.444587,0.14604,0.419391,0.324224,0.266396,0.0410793,-0.0587348,0.258152,-0.139894,-0.511732,-0.342603,-0.157752,-0.0688956,-0.0316419,0.259172,0.200877,-0.181112
-7.25656,2.54146,-0.909744,0.785066,0.321626,0.330158,0.118386,0.305599,0.0390735,-0.0640498,0.0221016,0.0729887,-0.405344,-0.629095,-0.08258,0.154122,0.151212,0.245803,-0.00188314,-0.102298
-7.55576,2.37605,-0.837327,0.567553,0.421188,0.561552,-0.063086,0.29068,0.274711,-0.0311729,0.0627621,0.206694,-0.253739,-0.443912,-0.422787,0.0899063,0.203662,0.118961,-0.106258,0.14666
-7.55882,2.58567,-0.648483,0.601382,0.25629,0.426665,0.118616,0.342382,0.109512,0.143054,0.0305161,0.0839111,-0.468493,-0.216953,-0.528776,0.00849963,0.113541,0.167045,0.00529857,-0.0250734
-7.61888,2.55302,-0.681092,0.517143,0.0702532,0.593686,-0.145984,0.0414274,0.200861,0.274215,0.147585,0.0978662,-0.317987,-0.510154,-0.268905,-0.0369975,0.0423421,0.0492493,0.25785,-0.088186
-7.85952,2.65844,-0.505083,0.668621,-0.123319,0.380341,0.107295,0.174299,0.0173826,0.182468,0.180326,-0.059471,-0.419908,-0.416214,-0.186811,-0.240299,0.309074,0.149047,0.122926,0.537442
-5.85675,1.57226,-0.0537688,0.315822,-0.435927,-0.0579683,0.103296,0.225746,-0.00598786,0.0977554,-0.211419,-0.401859,-0.126904,-0.0843945,0.0743861,0.0421919,-0.208792,0.322362,0.304854,0.210968
-3.24415,1.97948,0.446539,1.05464,-0.0170158,-0.0313076,0.267288,0.372896,0.198938,0.109678,-0.229094,-0.100892,0.0848371,0.202361,0.0909896,-0.174527,-0.378817,-0.0521182,-0.135545,-0.0442302
-4.80912,2.01511,0.641514,1.36405,0.366687,0.0462412,0.17989,0.187372,0.521113,0.14089,0.118857,0.145459,0.0353175,-0.108916,0.106142,0.209644,0.0915064,0.151889,-0.102264,0.0348285
-5.14217,2.68057,0.395827,0.752276,0.371648,0.285431,-0.343515,0.109442,0.156073,-0.255258,0.0054878,0.433167,0.0327246,-0.23987,0.0233707,0.176765,-0.0284349,-0.22053,0.182739,0.00113956
-3.97487,2.419,-0.0548403,1.00087,-0.374655,-0.153343,-0.796579,0.364356,0.229462,0.165955,0.141383,0.268637,-0.125364,0.100265,0.0884238,0.137522,-0.193992,-0.845114,-0.506174,-0.364361
-5.00492,2.84036,-0.370494,0.712189,-0.364276,-0.161182,-1.05234,0.55809,0.0732122,0.206621,0.248939,0.337181,-0.503342,-0.0136303,0.0243538,0.0198436,-0.0871814,-0.857678,-0.78804,-0.610876
-4.79248,2.39121,-0.721965,0.777609,-0.420626,0.177301,-0.942392,0.464915,0.182938,0.249193,0.395167,0.274524,-0.595588,-0.117116,0.210761,0.0798541,-0.190544,-0.817046,-0.905212,-0.926781
-5.04109,2.51296,-0.621748,1.03683,-0.379427,0.234372,-1.27084,0.312229,-0.234391,0.148464,0.176895,0.455687,-0.380864,-0.0076552,0.284633,0.151045,0.0295907,-0.760648,-0.71872,-0.871591
-5.79802,2.50807,-0.358263,1.14599,-0.141121,0.0144567,-1.02421,0.198602,0.0837869,0.0575212,0.205713,0.491794,-0.280594,-0.0380281,0.0986147,-0.430502,-0.266076,-0.743153,-0.311301,-0.527303
-7.22431,2.86008,-0.35452,0.651609,-0.0952455,0.13339,-0.229506,0.122045,0.17677,0.224511,0.173072,0.356572,-0.219787,-0.212856,0.0589139,-0.279531,-0.379693,-0.228384,0.15017,-0.205867
-7.58021,2.61328,-0.26173,0.733494,0.136949,0.0140381,-0.0330237,0.0165541,-0.0498089,0.268414,0.516018,0.0743789,-0.337693,-0.058679,0.152263,-0.180617,-0.224416,-0.180595,0.0805285,0.0126913
-7.24411,1.67605,0.277884,0.404248,0.330747,-0.547869,0.14341,-0.191382,0.258041,-0.173525,0.318069,-0.242382,-0.0666806,-0.18854,0.176245,-0.119651,-0.155662,0.0158462,-0.0158978,-0.106025
-6.82273,0.985108,0.75602,-0.177735,0.532748,-0.400359,-0.107064,-0.0957056,0.314559,-0.0405053,0.0654505,-0.102746,0.0964922,-0.112911,0.156187,0.230942,-0.166231,-0.0905221,-0.113223,0.0742913
-6.74471,0.833341,0.825277,-0.21548,0.508832,-0.346713,-0.365429,-0.263393,0.0396253,0.26856,0.28667,-0.0247553,0.0269477,-0.0812169,0.189665,0.209718,0.0391508,-0.126286,0.0404182,-0.141141
-6.16423,1.93422,0.685377,0.363776,-0.0111853,-0.0838541,-0.576098,-0.54403,-0.0291797,-0.260571,0.114983,-0.0186259,0.054289,-0.0971001,0.233409,0.185088,0.140693,-0.274838,0.0116333,-0.270452
-4.6458,2.70653,-0.148366,0.751718,-0.318833,0.382556,-1.14302,-0.294523,-0.0238647,-0.0893114,-0.325721,-0.0558073,0.318956,0.235857,-0.208576,0.00331348,0.369099,-0.0551821,-0.349403,-0.362204
-5.26753,2.56873,-0.221881,0.299683,-0.422327,0.617983,-0.88766,-0.438712,-0.0361487,0.348811,-0.273758,0.140134,-0.0438569,0.189619,0.149527,0.194643,-0.134693,0.0415379,-0.164185,-0.185793
-5.53219,2.80838,-0.23326,-0.160309,-0.450948,0.483224,-0.458479,-0.457725,-0.424978,0.196352,-0.0199767,0.0864945,-0.243322,-0.118187,0.153498,0.166399,-0.0590526,-0.128006,-0.0787054,-0.249573
-5.8607,3.02759,0.201805,-0.13468,-0.468474,0.469482,-0.372093,0.0255624,-0.31875,-0.256045,-0.078283,0.0747286,-0.00210452,0.441047,-0.0403647,-0.0620592,0.121181,0.0855741,0.100254,-0.331757
-5.92021,3.06471,0.328489,-0.201367,-0.551374,0.227782,-0.122271,0.0471162,-0.286575,-0.307586,-0.322433,0.492498,0.0712545,0.293696,0.0197388,-0.0344479,-0.0956326,0.0220888,0.222426,-0.258779
-5.62145,3.43955,0.119189,-0.269764,-0.68156,0.127786,-0.0323455,-0.145275,-0.626128,-0.214843,0.0669437,0.709267,0.0610925,0.146129,-0.0659117,0.140206,-0.1228,-0.240783,0.0357919,0.00871954
-5.95373,3.54954,-0.453084,-0.540363,-0.696914,0.127472,-0.444661,-0.503226,-0.794895,0.0939565,0.307855,0.760267,-0.0487202,0.2072,-0.154572,0.0225723,-0.121006,-0.262441,-0.173823,0.0123448
-6.42814,2.14269,0.30779,-0.222639,-0.19264,-0.198893,-0.529963,-0.446592,0.019031,0.515996,0.321929,0.172703,-0.0484067,0.0191267,-0.144661,-0.201536,-0.0715846,0.0559379,0.00226623,-0.0484437
-7.01044,2.1113,0.293587,0.239382,0.189428,-0.269668,-0.228862,-0.362254,0.205454,-0.00742641,0.303092,0.194609,-0.394503,0.0565922,0.0931174,-0.0500975,0.0253174,-0.187088,0.165316,-0.0524724
-7.60849,2.54601,-0.364655,0.441697,-0.306753,-0.191811,0.156834,0.239837,0.063136,0.189191,0.0741625,0.25384,-0.252657,0.14659,0.0236298,-0.383707,-0.234719,-0.198017,0.136898,-0.0220851
-3.62092,1.31028,-0.892692,0.0447165,-0.929113,-0.418575,0.315055,0.636702,0.237787,-0.136487,-0.0229359,-0.0431502,-0.426625,0.197208,-0.0157987,0.173437,0.156311,-0.100294,-0.224647,-0.0777262
-2.89176,1.58045,-1.03306,0.0634574,-1.14183,-0.250848,0.363757,0.524884,-0.125883,-0.134486,0.194631,0.0041122,-0.0852097,0.444869,-0.178043,-0.0092455,0.0697864,-0.0287565,0.0448633,0.0277009
-3.94324,1.26847,-0.911446,0.622913,-0.825361,-0.336253,-0.0052836,0.216058,0.0512149,-0.183275,-0.0245997,0.124029,0.0900098,0.0972372,-0.507848,-0.437871,-0.110973,0.202061,0.433138,0.372631
-4.17086,1.56995,-0.839703,0.485576,-0.589936,-0.144619,0.114433,0.214237,0.0348083,-0.0926097,0.0312133,0.104309,0.213357,0.222028,-0.409955,-0.371464,-0.172461,-0.0612025,0.459875,0.374989
-3.98513,1.16698,-1.16332,0.426053,-0.732437,-0.302415,-0.0616664,0.103959,-0.189206,-0.111299,0.233248,0.206604,0.0589276,0.159951,-0.628221,-0.553396,0.0642199,0.338618,0.583593,0.260699
-3.61037,1.28302,-0.806401,0.624635,-0.313368,-0.118049,0.265744,0.140381,-0.297672,-0.0397337,0.220665,0.0488616,-0.539143,-0.350373,-0.696953,-0.121562,0.626903,0.541212,0.246171,-0.227617
-3.77316,2.6185,0.498311,1.13422,0.0987625,0.446308,0.421881,0.241837,-0.00981501,0.555048,0.580896,0.0383832,-0.342267,-0.369454,-0.47373,0.078121,0.665497,0.418001,0.0299663,-0.517992
-4.63103,1.8806,0.117595,0.701519,-0.144652,-0.00552434,0.363852,0.415653,-0.104354,0.822311,0.643702,0.248938,-0.185234,-0.275698,-0.287483,0.386345,0.685171,0.811527,0.315532,-0.185546
-4.96851,1.54368,0.19423,0.713053,-0.383972,-0.338765,0.259177,0.82819,-0.00165632,0.107982,0.383357,0.11836,-0.0975812,-0.362345,-0.436894,0.55869,0.783619,0.801761,0.287929,-0.309121
-5.61432,1.79926,0.319973,0.311013,0.0911135,-0.0594365,0.405585,0.48199,-0.0329178,-0.19689,0.110933,-0.136964,-0.221034,-0.200368,-0.440711,0.13593,0.559338,0.673757,-0.0303487,-0.344865
-6.19195,1.56162,0.456719,0.486782,0.154598,0.122187,0.0788584,0.116697,0.0927261,0.0939727,0.0414928,0.0282374,0.0600784,0.117089,-0.376525,-0.0347467,0.346086,0.0545377,0.113377,0.104635
-6.08824,1.59583,0.411961,0.477189,0.410738,0.186781,-0.113242,-0.298756,0.144966,0.0843743,0.392627,0.438779,-0.118093,-0.139544,-0.201721,-0.0763705,0.179586,0.115641,0.107485,0.134452
-6.42386,1.6759,0.171624,-0.0144364,0.025432,-0.217008,0.275524,-0.221439,0.00182157,0.17369,0.56243,0.338575,0.204374,-0.118053,-0.118478,0.105905,0.302822,0.290715,0.165542,0.222087
-6.53065,1.3709,0.228932,0.156466,0.0583516,-0.557509,0.0664826,-0.264581,0.106192,0.0805827,0.375187,0.0126733,0.0963315,-0.359322,-0.229826,-0.169299,0.437079,0.342282,0.357264,0.0631159
-5.21415,1.58315,-0.0345953,0.819992,-0.223311,-0.327797,-0.771762,-0.0611624,-0.0940811,-0.490789,0.438382,-0.0613087,-0.374585,-0.437025,-0.492545,0.0649118,0.948569,0.692097,0.599161,-0.433718
-4.7953,1.64378,-0.75136,0.309919,-0.78667,-0.0740677,-0.783428,0.150701,-0.0721437,0.0766492,0.245615,-0.212396,-0.777649,-0.590328,-0.3338,0.244257,0.848572,0.527895,0.472028,-0.495507
-4.89797,2.03154,-1.07106,0.240191,-0.649127,0.249896,-0.41668,0.601415,0.0377508,0.166023,0.249856,0.124734,-0.280121,-0.600473,-0.391767,0.0788768,0.618059,0.79186,0.263612,-0.458051
-4.52793,1.57964,-1.27454,0.0454924,-0.336047,0.388044,-0.209593,0.145846,0.0345045,-0.0842075,0.20862,0.0934297,-0.543032,-0.442619,-0.747479,-0.199627,0.504773,0.539703,0.280031,-0.325124
-3.22731,2.56869,-0.227411,0.510691,0.0520065,0.662394,0.139025,0.252159,0.456389,0.229825,0.508898,0.178413,-0.259278,-0.156325,-0.438506,-0.00555468,0.291959,0.256387,-0.317053,-0.638216
-3.98348,2.4295,-0.0592621,0.641542,0.361093,0.77949,-0.0231216,0.520648,0.30768,0.0646777,0.519412,0.273111,0.0272939,-0.113842,-0.638268,0.0735327,0.813127,0.784048,0.0833209,-0.53084
-4.95782,2.08241,-0.791674,0.430598,0.0653069,0.973514,0.10928,0.470175,0.414053,0.194737,0.133559,-0.0888143,0.0324804,-0.16871,-0.668641,0.312442,1.0994,0.769954,0.00595355,-0.53792
-5.18957,1.85698,-0.428558,0.543371,-0.0670309,0.947377,-0.177636,0.0887846,0.292201,0.401069,0.269207,-0.183552,-0.206999,-0.226425,-0.708492,0.236249,1.18117,0.820627,-0.0382309,-0.786625
-5.4866,2.08198,-0.651048,0.081544,-0.178336,0.789686,-0.307991,0.28801,0.230487,0.405591,0.228671,-0.431127,-0.21838,0.0626099,-0.709107,0.0927719,1.13056,0.861328,0.0426484,-0.835465
-5.75734,1.66571,-0.292211,-0.288973,-0.163644,0.829707,-0.0749898,-0.0171616,0.320602,0.352431,0.0913807,-0.287121,-0.316027,-0.191355,-0.568877,0.201277,0.807578,0.925851,0.234843,-0.70094
-5.39512,2.5681,-0.959264,-0.537348,-0.537242,0.516485,-0.226431,0.188095,0.237821,0.199936,-0.0398769,-0.153478,-0.094607,-0.00277143,-0.18743,-0.118349,0.211095,0.553777,0.566426,-0.104382
-5.74054,2.70422,-0.759084,-0.230914,-0.43285,0.0692987,-0.0799681,-0.0307569,-0.102717,0.331185,0.164832,0.0249025,-0.117257,-0.0398381,0.293545,-0.0940529,0.28432,0.491164,-0.0321288,0.0697062
-6.69755,2.18019,-0.565477,0.448092,0.26991,0.585483,-0.148398,-0.026351,-0.0561061,0.2094,0.186979,-0.098827,-0.249948,-0.29583,0.0366807,0.103134,0.554271,0.351259,-0.0416033,-0.0628773
-6.84553,2.09535,-0.610949,0.07118,0.00119168,0.56849,0.0111062,-0.0770544,0.233439,0.0817972,0.0834953,0.0222467,-0.282038,0.0589558,0.205053,0.25953,0.19432,0.223409,0.0404527,0.15508
-7.1127,1.88063,-0.485462,0.0769626,0.0253753,0.256978,0.0361545,0.0237751,0.0749559,0.42958,-0.00482244,-0.0606565,-0.0655113,-0.122348,0.0289644,-0.0121837,0.0621612,0.0535392,0.0528243,0.122383
-7.10564,1.86923,-0.56869,0.113504,-0.164678,0.296208,0.11671,0.24852,0.206199,0.370195,0.350982,0.462276,-0.0248068,-0.178676,-0.223538,-0.171776,0.100875,0.187171,-0.157469,-0.224145
-6.96751,1.91322,-0.178203,0.233113,0.242362,0.26461,0.0493725,0.132505,0.206715,0.245668,0.444756,0.585212,-0.0728161,-0.706592,-0.587992,-0.336126,0.0551327,0.257851,0.0938542,-0.216338
-6.93971,1.94284,-0.70858,0.045702,0.00771221,0.275369,-0.0175979,0.258068,0.303045,0.285534,0.19959,0.211174,-0.0582108,-0.160028,-0.478744,-0.216317,0.273457,0.375862,0.166522,-0.0610058
-6.73678,1.92805,-0.719769,-0.0765763,-0.162978,0.551166,-0.0860685,0.26257,0.243377,0.183843,0.135649,0.197179,-0.0669933,-0.0554986,-0.33071,0.0349743,0.125553,0.504859,-0.0859181,0.138128
-6.7219,1.70706,-0.556854,0.0716166,-0.379999,0.386951,-0.00401477,0.275621,0.0400123,-0.0179117,-0.142048,0.0685127,0.161879,-0.102493,0.0314689,0.349947,0.244562,0.294353,-0.135892,0.172514
-6.92635,1.76286,-0.510163,0.281818,-0.137683,0.402048,0.0351909,0.416573,0.209241,0.0892686,-0.164676,-0.000398496,0.0162518,-0.0350191,-0.205195,0.291979,0.12943,0.0571526,-0.230984,0.079334
-6.46488,1.90273,-0.236479,0.421801,-0.0809401,0.747693,0.353216,0.528186,0.208848,0.211335,-0.284791,-0.137129,-0.333182,-0.154702,-0.238244,0.247312,0.0938001,0.229147,-0.15576,0.156561
-6.8148,1.87838,-0.382163,0.70757,0.102468,0.416154,0.205822,0.306755,0.28065,0.490466,-0.230251,-0.145158,-0.196809,0.0223775,-0.115636,0.215093,0.301744,0.236454,-0.144142,-0.0420853
-7.14809,2.01553,-0.408855,0.536675,0.176736,0.378733,0.22771,0.118827,0.157393,0.24158,-0.327446,0.0651091,-0.415847,-0.0190005,-0.163726,-0.0919242,0.16756,0.221588,-0.189712,-0.0596923
-7.43436,2.07767,-0.485333,0.779988,-0.114312,0.134146,0.0999102,-0.0308792,-0.00576821,0.403836,-0.429105,-0.47625,-0.583994,-0.0375121,-0.0587599,-0.302075,0.312856,0.0465044,-0.0969345,-0.258228
-7.38274,1.92761,-0.467974,0.246731,0.0973702,0.276954,0.0944594,0.0366438,0.148383,0.184401,-0.429428,-0.416771,-0.420079,0.062216,-0.123611,0.108369,0.143955,-0.0184423,0.154266,0.102312
-6.91043,1.46997,-0.0203795,0.266878,-0.018995,0.138883,-0.00628428,0.181578,0.233651,0.144199,0.0212744,-0.278642,-0.387391,0.0927566,0.171798,0.0110502,0.370192,0.159538,0.115516,0.172108
-6.84897,1.33922,-0.0295054,-0.00752199,0.0420557,0.281673,0.32116,-0.145065,0.0761127,-0.00546459,-0.252048,-0.205345,-0.0689402,-0.180932,0.233477,-0.202773,0.341475,0.0790707,-0.136488,-0.0803634
-6.23748,1.0064,0.422179,0.111927,0.56295,0.189431,0.478167,-0.403874,0.128782,0.0531774,0.113853,-0.197829,0.0876288,0.0108487,-0.248889,-0.281093,0.408886,0.0890631,-0.109647,0.0388596
-6.13027,1.34386,0.569641,0.0612662,0.350831,-0.0160234,-0.0194344,-0.620087,-0.0490183,-0.158937,-0.052547,-0.0389304,-0.404689,-0.0524683,0.021855,0.11408,0.0848812,-0.060332,-0.0575223,-0.146828
-5.42485,1.98143,0.561866,-0.0535527,0.128106,0.202239,-0.578014,-0.418238,-0.235889,-0.494491,-0.644895,-0.623654,-0.716993,0.262252,0.6685,0.769823,0.738483,-0.213235,-0.264515,-0.100348
-5.12739,2.1492,-0.181216,0.115489,-0.230262,0.363321,-0.671917,-0.120889,-0.126216,-0.227822,-0.640625,-0.671304,-0.813363,0.177612,0.590547,0.705828,0.46139,-0.177833,-0.248139,0.0894067
-5.24702,1.89625,-0.122769,0.39614,-0.492845,0.328727,-0.723881,-0.0706375,-0.0665184,-0.218738,-0.503604,-0.624434,-0.603632,0.00962362,0.814061,0.755122,0.411371,-0.581678,-0.107274,0.186781
-5.49916,1.81693,-0.31047,0.241128,-0.841958,0.397238,-0.696225,-0.0810202,-0.268594,-0.397561,-0.710023,-0.925394,-0.66945,-0.155733,0.618276,0.650126,0.437037,-0.595225,-0.177439,0.177252
-5.56092,1.93221,-0.450745,0.218255,-0.702738,0.252855,-0.523768,0.13326,-0.168298,-0.494548,-0.506457,-0.729151,-0.618851,-0.206605,0.570266,0.549744,0.576514,-0.19804,-0.00947835,0.468536
-5.90777,1.63598,0.297891,-0.108037,0.0388813,0.200271,-0.423517,-0.446713,0.183149,-0.414251,-0.663461,-0.658821,-0.459729,-0.627641,-0.11224,0.432116,0.593281,-0.185564,-0.226024,0.260512
-6.71598,1.37867,0.924479,-0.186804,0.0778238,-0.0486967,0.40188,-0.147294,0.374136,0.0984708,-0.0740263,-0.497145,-0.313376,-0.112738,0.0360511,-0.145491,0.010813,-0.348391,-0.0262621,0.097696
-6.89673,1.2621,0.398194,-0.132597,0.137706,0.105623,0.657611,0.119021,0.713452,0.238596,0.0140919,-0.373353,-0.304361,-0.117639,0.041778,0.064919,0.107825,-0.0966536,-0.217696,-0.154657
-6.91156,1.23922,0.319075,-0.183744,0.284898,0.0385638,0.53425,-0.264814,0.691156,-0.051009,0.0939221,-0.253476,-0.264004,0.105397,-0.355378,0.0185143,0.0234044,0.0501382,-0.595015,-0.372795
-6.34106,1.29303,0.688207,-0.119011,0.599351,-0.213051,0.815142,-0.126577,0.353616,-0.108221,0.0902425,-0.139457,0.0238909,0.00935318,-0.341081,0.0674909,0.00274988,-0.0220012,-0.323798,-0.115252
-5.39077,2.3496,0.640859,0.0136316,0.591899,-0.0076408,-0.112263,0.188117,-0.049017,-0.374519,-0.383948,-0.352629,-0.247576,-0.286448,-0.0469748,0.628088,0.712862,0.114452,-0.0942895,-0.18051
-5.24644,2.40579,-0.0329983,0.447187,0.0644788,0.53382,-0.366073,0.474267,0.123767,-0.180482,-0.142172,-0.791146,-0.670254,-0.607325,-0.153726,0.492977,1.13302,0.44565,0.143585,-0.387438
-5.49423,2.41965,-0.307384,0.604259,0.00545777,0.748831,-0.384137,0.425322,0.0249668,-0.151728,0.141599,-0.702254,-0.704712,-0.793134,-0.449679,0.426336,1.22319,0.674374,0.182269,-0.608332
-5.53277,2.36574,-0.177811,0.495362,-0.314509,0.818735,-0.0848935,0.327915,0.166388,-0.262488,0.187187,-0.730799,-0.521612,-0.815652,-0.407638,0.367413,0.982111,0.849468,0.165605,-0.573169
-5.3304,2.42057,-0.277086,0.501636,-0.432564,0.924538,-0.365121,0.240355,0.203944,-0.047997,0.281646,-0.462761,-0.142925,-0.758557,-0.45941,0.112087,1.03014,0.764335,0.159867,-0.443473
-5.34088,2.56512,-0.473395,0.0635592,-0.449695,0.7521,-0.783812,0.497561,0.422483,0.155038,0.224046,-0.301253,-0.0849104,-0.556708,-0.642117,-0.190021,0.501628,0.704871,0.20882,-0.309336
-5.69296,3.7533,-0.41259,-0.100939,-0.187257,0.856194,-0.384136,0.392206,0.372857,0.456925,0.170748,-0.19432,-0.0260385,-0.205241,-0.177325,0.151001,0.24899,0.122369,-0.0861704,-0.0285864
-5.60869,2.63912,-0.138888,0.726878,0.141093,0.22568,0.155829,0.435844,0.242981,0.392103,0.0742587,0.228606,-0.0379622,-0.0801233,-0.242922,0.229321,0.103974,-0.091021,-0.139517,0.0313892
-3.50322,1.69244,0.906053,0.886523,0.174248,-0.000522953,0.443888,0.197763,0.388692,0.185638,0.0557206,0.0756805,-0.0807874,-0.000705676,-0.0928853,0.136174,-0.0529368,-0.0871273,-0.146972,-0.16885
-4.29056,1.77969,0.197522,0.346776,0.782255,0.871271,0.383531,0.266502,0.365179,0.119155,0.0807173,0.250691,0.151963,-0.253497,-0.266919,0.388417,0.351556,-0.186609,-0.31009,-0.223569
-3.15798,2.0105,-1.17467,0.29611,0.572615,1.07746,-0.135949,0.334902,0.437774,-0.296682,0.221865,0.0925317,0.207357,-0.227538,-0.195538,0.0124696,0.222812,-0.0208303,-0.28823,-0.188317
-3.04687,1.73499,-1.51127,0.225778,0.365075,0.839533,-0.108622,0.276765,0.356141,-0.254252,0.360735,-0.425852,-0.349072,-0.540415,-0.180107,0.174449,0.296178,0.163118,-0.140611,-0.229107
-4.33591,1.90013,-1.10766,1.0104,0.065,0.601966,-0.198466,-0.0235756,-0.135134,-0.158651,0.505317,-0.252094,-0.511964,-0.674502,-0.303707,0.177864,0.699675,0.448404,-0.308832,-0.676501
-4.1519,1.76651,-1.34289,0.907284,-0.209384,0.625876,0.247591,0.0802207,-0.145762,-0.177188,0.276602,-0.316807,-0.639422,-0.638062,-0.00949044,0.295356,0.692435,0.101899,-0.324759,-0.589589
-4.35721,1.59184,-1.1606,0.683005,-0.505538,0.134684,0.150852,0.170463,-0.223901,-0.0680012,-0.231121,-0.60633,-0.720714,-0.453433,0.50078,0.474727,0.617458,-0.147938,-0.597464,-0.0518792
-4.98841,1.45263,-0.713679,1.05482,-0.338167,0.0591781,-0.116946,0.397911,-0.0476163,-0.0238815,-0.512883,-1.02903,-0.624231,-0.184964,0.558799,0.647705,0.410544,-0.19413,-0.224021,-0.247941
-5.66051,1.86467,-0.635839,1.07168,-0.445672,0.381296,-0.0534058,0.257426,-0.0480219,0.00308765,-0.312476,-0.837086,-0.526474,-0.0424511,0.563496,0.554827,0.760113,-0.479759,-0.0242281,-0.363424
-5.68899,1.9477,-0.577656,0.855062,-0.430732,0.350944,-0.091983,0.0867398,-0.249016,-0.314387,-0.330021,-0.740408,-0.381094,-0.18494,0.596958,0.564653,0.787544,-0.285979,-0.138798,-0.287653
-6.38771,2.17551,-0.312796,0.657604,0.71174,0.286775,0.00207387,-0.021575,0.0931846,-0.366625,0.0191079,-0.67865,-0.576261,-0.449983,-0.0415065,0.48931,0.860155,0.0264237,0.0239102,0.0423588
-6.69349,1.87098,-0.241385,0.185282,0.979597,0.271495,0.249798,-0.175111,0.273822,-0.243342,0.0988249,-0.644977,-0.543937,-0.456362,0.143459,0.192544,0.481533,-0.285852,-0.263528,-0.193223
-6.56815,2.08089,-0.440585,0.0832746,0.893477,0.345689,0.414999,-0.39108,0.297041,-0.314002,0.212546,-0.273321,-0.145937,-0.492397,0.0441088,0.292246,0.100739,-0.0223065,-0.121217,-0.264026
-7.25811,2.61072,-0.672415,0.65466,0.470683,0.371107,0.17252,-0.252813,0.155159,0.0159009,0.285613,-0.107495,-0.536909,-0.600825,-0.0848712,0.142728,0.0978411,0.323901,0.0671079,-0.14439
-7.58875,2.69511,-0.724102,0.707511,0.114885,0.452382,0.129724,0.0982942,0.176401,-0.0197957,-0.138306,-0.281268,-0.406352,-0.267512,-0.109709,0.210575,-0.261783,-0.0373558,-0.318025,-0.102666
-8.3806,2.34159,-0.724449,0.995746,-0.0278892,0.453202,-0.116545,0.133676,0.273102,-0.0233847,-0.0756613,0.194184,-0.201769,-0.170763,0.0132495,0.141841,-0.242649,-0.270244,-0.120005,-0.463302