-37.3638,0.0449873,0.199607,-0.122424,0.548194,-0.581831,0.477296,-0.276652,0.0520672,-0.0345751,-0.0161398,-0.304489,0.0100644,0.0718981,-0.206374,0.172036,-0.29964,-0.191904,0.0317881,0.114559
-36.4044,0.13036,-0.0253707,-0.0498285,0.439921,-0.603866,0.319689,-0.577486,0.343874,-0.0450977,-0.112471,0.150174,-0.106587,0.0153389,-0.0315235,0.0474722,-0.0545899,-0.0697683,0.175346,-0.0332539
-36.2401,0.245904,-0.111796,-0.2712,0.280226,-0.761514,0.431971,-0.240099,0.267917,-0.0475412,0.0974311,0.157311,-0.192183,-0.0963248,-0.0288029,0.156423,0.0148144,-0.0618165,0.0394696,0.162106
-36.4279,0.174712,-0.110524,-0.391948,0.202147,-0.545797,0.423459,-0.315823,0.466947,0.0734381,-0.0447427,0.0968121,0.212195,0.298852,-0.344686,-0.166715,0.0456432,-0.0455397,0.117043,0.0202766
-36.3555,0.305353,0.106183,-0.270796,0.300002,-0.623268,0.62832,-0.532087,0.399828,0.0412236,-0.0291581,0.0119614,-0.0914233,-0.0558198,-0.1977,0.137132,0.197982,-0.0677861,0.0607665,0.187227
-35.065,-0.289817,-0.0935605,-0.159767,0.088817,-0.17686,0.10788,0.184939,0.293625,-0.293172,-0.0223395,-0.184641,0.0897762,0.214672,0.0434866,0.167297,0.104139,-0.0876569,-0.152298,0.00907642
-27.8123,1.03924,0.629643,-0.739219,0.175376,-0.294647,-0.471734,0.839578,-0.261424,-0.537882,0.282028,-0.0636661,-0.137311,-0.204843,-0.232662,0.479123,0.694379,-0.23616,-0.193914,0.121415
-25.7136,0.886661,0.65297,-0.841654,-0.0004555,-0.289332,-0.347362,0.807729,-0.461236,-0.766184,0.474301,0.123031,-0.329348,-0.274845,0.0947912,0.572205,0.715809,-0.386407,-0.229417,0.490886
-21.0286,1.67753,0.668798,-0.763611,-0.102184,-0.163507,-0.159306,0.285544,-0.0752371,-0.142611,0.309826,0.0378523,-0.40627,0.247783,0.66816,0.275719,0.00104848,-0.302602,-0.247862,0.375735
-20.0518,1.476,0.581747,-0.399392,-0.00343389,-0.219703,-0.310974,0.132165,0.0916422,-0.0756196,-0.124475,0.14979,-0.278787,0.142839,0.47906,0.0196144,-0.398132,-0.418636,-0.200439,0.229094
-19.915,1.33354,0.344904,-0.158137,0.185302,-0.209915,-0.00992305,0.308912,0.294216,-0.195492,-0.315361,0.227825,0.0551747,0.00767017,0.186565,0.124402,-0.263252,-0.491088,-0.237657,0.100888
-19.8496,1.07527,0.118252,0.0311262,-0.0033258,-0.107992,-0.190783,-0.0299582,0.125714,0.257941,-0.0957984,-0.15836,0.133449,0.249918,0.187421,0.00420587,-0.475275,-0.294104,-0.280921,-0.0814899
-19.6825,1.50971,0.485318,-0.270998,-0.150448,-0.0712625,-0.211336,-0.101136,0.16413,0.342671,0.0818571,-0.182797,-0.102092,-0.16134,-0.0162152,0.054231,-0.0755114,-0.337429,-0.323818,-0.0949456
-19.9668,1.292,0.345014,-0.0898713,0.201916,0.237102,-0.12732,0.0619442,0.0468525,-0.104391,-0.29224,0.188014,-0.0441252,-0.0138432,0.0890787,0.0252508,-0.253985,-0.295999,-0.257894,-0.014548
-20.0805,0.929898,0.110843,0.0403525,0.0160758,-0.187253,-0.133626,0.341314,0.145961,0.155976,0.143905,0.0240565,0.0304908,0.0608665,-0.0282129,0.0131239,-0.139679,-0.154738,0.0311361,0.099483
-19.2881,2.29893,1.47124,1.02815,0.726793,0.306436,0.475687,0.576012,0.359057,0.0612932,-0.0211067,0.317202,0.0191741,-0.0671784,0.232954,0.320114,0.134716,0.00834371,0.156305,0.249463
-18.9185,2.72077,1.73695,0.730748,0.630461,0.370537,0.342066,0.433038,0.447757,0.250701,0.402854,0.260366,0.107541,0.314748,0.113906,0.0579076,-0.0123011,0.137637,0.0911058,0.0890679
-18.4931,2.73814,1.44413,0.327757,0.305702,0.656641,0.605445,0.514726,0.508256,0.427329,0.218542,0.15531,0.18933,0.275919,0.266517,-0.135914,-0.24031,0.0651866,0.0508392,0.267691
-18.0217,3.16381,1.18081,0.222501,0.257461,0.544896,0.698802,0.822629,0.633666,0.378274,0.170116,0.0163375,0.240433,0.349116,0.372224,-0.09651,-0.145169,0.182301,0.0431966,0.203758
-17.6848,3.07284,1.55749,0.335367,0.25984,0.781078,0.704977,0.544447,0.435056,0.12027,-0.0573113,-0.131522,-0.248913,0.55457,0.511276,0.0533713,-0.147968,0.128655,0.0798423,0.14782
-17.0996,3.66214,1.63908,0.108875,0.128438,0.805953,0.619515,0.275408,0.250737,0.248515,-0.136319,0.0592854,0.173503,0.256463,0.294513,-0.0603912,-0.180781,0.0715456,0.0942655,0.141312
-16.7852,3.75734,1.94048,0.386386,0.199746,0.611493,0.634606,0.308589,0.188016,0.219506,0.0765579,-0.138367,-0.0510125,0.330747,0.0311444,-0.191349,-0.519835,-0.119573,0.190626,0.414845
-16.8551,3.38452,1.52877,0.222587,0.486394,0.910102,0.758115,0.317804,0.0179785,0.101337,0.168953,0.0540101,0.235677,0.121987,0.0895018,-0.0824701,-0.309435,-0.17505,0.216147,0.288134
-16.6379,3.00854,1.00127,0.010217,0.382093,0.97195,0.700742,0.862698,0.296384,-0.199758,0.163886,0.106214,-0.188048,-0.223689,0.0742702,0.0766356,0.108233,0.230787,0.135353,0.0303513
-16.6885,3.1678,1.57064,0.0906209,0.577928,0.831879,0.82153,0.409112,0.157277,0.156438,0.122404,-0.102988,-0.0697806,0.0324507,0.0910608,0.00470735,0.173723,0.0535531,0.0228521,0.00884583
-16.2969,3.12725,1.40479,0.244352,0.498119,0.487335,0.653691,0.394524,-0.0364476,-0.0388153,0.0332052,-0.260221,-0.136049,0.116239,0.314876,-0.290077,-0.23232,0.0937211,0.209722,0.0783641
-15.709,3.48233,1.88595,0.450793,0.763176,0.572109,0.176494,0.292515,0.168648,-0.00865619,0.0807447,-0.294026,0.218381,0.309103,0.225876,-0.0216753,0.0767808,0.203937,0.211425,-0.0209526
-15.3689,3.54875,2.39223,0.746426,0.63146,0.467445,0.356872,0.246563,0.00221455,-0.105477,-0.0673258,-0.291898,-0.00408419,0.197061,0.0789515,0.110262,0.0374597,0.164915,0.228729,-0.165611
-15.0495,3.69942,2.67323,0.798009,0.273823,0.515868,0.419662,0.0354986,-0.0542229,-0.250567,0.087278,-0.273045,-0.108902,0.0198695,0.0957038,-0.00660161,0.132522,0.100514,0.0811221,4.24575e-05
-15.2269,3.56693,2.67945,0.539743,0.36152,0.0990395,0.31209,-0.0189724,0.268095,0.00340516,-0.102522,-0.179233,-0.146541,-0.24497,-0.263588,0.0287703,0.240272,0.16661,0.154643,-0.0413717
-14.7287,3.45991,2.65055,0.471316,0.533368,0.442884,0.236982,0.388974,0.307159,-0.213877,0.247438,-0.165887,0.0305721,-0.180357,-0.161094,-0.0353821,0.145081,0.15168,0.340482,0.348466
-14.6186,3.11367,2.62558,0.360752,0.694646,0.395598,-0.0376955,0.230088,0.455886,0.29846,0.410313,0.0190539,-0.153327,-0.287897,0.0309197,-0.284441,0.0425008,0.346445,0.185492,-0.0248377
-14.8759,2.55159,2.76685,0.852611,0.504287,0.199758,0.208733,0.461488,0.251204,-0.0304145,0.299867,-0.127246,-0.192401,-0.298539,-0.0812355,-0.201143,-0.0102207,0.192918,0.0636436,-0.0336858
-15.0712,2.5472,2.68372,0.803361,0.753821,0.431155,0.279572,0.42765,0.229884,-0.0399572,0.333051,-0.171431,-0.185997,-0.0741087,-0.0878639,0.0351324,0.312756,0.226829,0.174055,0.242738
-14.9454,2.45037,2.75716,0.879911,0.719204,0.401122,0.229555,0.703745,0.188,-0.00878548,0.3472,-0.258278,-0.120454,-0.305783,0.0931166,-0.387626,0.0840111,0.333626,0.465421,0.308838
-14.6016,2.48982,2.33813,0.77776,0.633031,0.332228,0.35172,0.562618,0.332457,-0.0371114,0.424988,-0.297723,-0.15223,-0.0929045,-0.0220642,-0.00547554,0.209239,0.0860128,0.194653,0.482303
-14.23,2.6466,1.90358,0.151336,0.854215,0.787818,0.364602,0.398919,0.0355561,0.0885622,0.192277,-0.122183,-0.081901,-0.138462,0.148885,-0.0294889,0.128097,0.157226,0.271098,0.295012
-14.4721,2.5542,2.09641,0.494276,0.735887,0.679073,0.759618,0.369859,-0.191827,-0.119317,0.336582,-0.107094,0.0173697,-0.309327,-0.0168902,0.130281,-0.0542694,0.147355,0.525864,0.165631
-14.2436,3.07812,2.71599,0.703981,0.807433,0.503413,0.251804,0.322439,-0.0115736,-0.176151,-0.183989,-0.159146,0.0993735,0.0372508,0.435607,0.03216,0.136014,-0.0768678,-0.132646,-0.228733
-13.9504,3.03194,2.44316,0.430558,0.633834,0.604484,0.520701,0.518954,0.011135,-0.0671304,0.0792141,-0.407524,0.00813495,0.158958,0.305527,0.0949549,0.123962,0.0919689,-0.0536705,-0.401857
-13.6291,3.14894,2.2675,0.399856,0.619173,0.889994,0.244412,0.197132,0.210472,0.178941,0.29079,-0.108102,-0.105501,-0.0494881,0.0906647,0.0153391,0.122057,0.0399026,-0.270048,-0.422515
-12.5422,3.6753,2.31277,0.502349,0.467361,0.314861,0.148919,0.372704,0.155972,-0.0158693,0.168004,-0.208038,-0.349232,-0.235355,0.113046,-0.139869,-0.0764572,0.17244,0.188308,0.115145
-12.9591,3.39946,2.02604,0.421908,0.488752,0.550587,0.389047,0.27636,0.0399635,0.114131,0.194104,-0.228207,-0.216125,-0.409816,-0.0420484,-0.040936,0.0396454,-0.0663392,0.0351159,-0.0713279
-12.9316,3.21611,1.91403,0.0839912,0.300221,0.583649,0.446025,0.46083,0.0561606,0.125058,0.164072,-0.293196,-0.221646,-0.0960093,0.138143,-0.108834,0.0129951,0.197334,0.0453364,-0.14122
-13.4095,3.19851,2.25903,0.496523,0.347971,0.204337,0.420845,0.775179,0.724069,0.13722,0.240184,-0.243699,-0.150369,-0.18085,0.077275,-0.256646,-0.0376836,-0.0108685,0.192518,0.131652
-13.758,2.82472,2.40618,0.575938,0.557422,0.279783,0.363763,0.669164,0.204011,0.0601408,0.397031,0.142115,-0.0215119,-0.273852,0.136947,-0.236125,-0.136586,0.102841,-0.00626905,0.0142966
-13.6463,2.84548,2.21727,0.409424,0.505931,0.452257,0.427123,0.431289,-0.139458,0.208201,0.348802,-0.179544,-0.142638,-0.276911,-0.0244041,-0.313196,-0.0944791,0.0296623,0.13849,0.108791
-13.8141,2.67373,2.12616,0.319511,0.565055,0.128247,0.242463,0.525068,0.146997,0.28875,0.270318,0.0665413,0.0859845,-0.408889,0.0518682,-0.236333,-0.127014,0.162546,0.0430394,0.108905
-13.4248,2.83788,2.09473,0.560843,0.452121,0.146814,0.043962,0.240107,-0.172923,0.16438,0.417543,-0.0477048,0.0878618,-0.406895,-0.156277,-0.409208,-0.196427,0.178423,0.0685214,0.0873347
-13.1731,3.03343,2.14107,0.171443,0.412066,0.375404,0.192018,0.280985,-0.281774,-0.0209962,0.199348,-0.0189796,-0.194671,-0.357575,-0.0904905,-0.307192,-0.0801074,0.0161002,-0.051184,-0.0294989
-13.5577,2.98495,2.30647,0.256136,0.365361,0.410261,-0.129657,0.233203,0.0380083,-0.28946,0.119962,-0.148042,-0.143128,0.110608,0.0572221,-0.515447,-0.403106,-0.16766,-0.0352173,-0.0790353
-13.5017,3.14197,2.15632,-0.20901,0.222577,0.502455,0.302435,0.372968,0.0693751,-0.0122421,0.038737,-0.0642752,-0.169704,-0.12218,0.112224,-0.323608,-0.339684,-0.0663746,-0.0805051,0.0874017
-13.5734,3.20771,2.12655,-0.133567,0.288932,0.246532,0.174015,0.541632,0.350715,-0.0488185,0.131026,0.0171072,-0.298908,-0.0313884,0.138698,-0.423545,-0.185821,0.123066,-0.103926,0.0624164
-13.8833,2.8057,2.40193,0.130104,0.213752,0.179108,0.211949,0.451533,0.0032412,-0.08174,0.244646,0.321185,-0.254178,-0.272915,0.171155,0.0203204,0.0570177,0.149048,-0.314356,0.0512739
-14.1842,2.87237,2.1948,0.390195,0.212423,0.190781,-0.0726108,0.362381,0.112697,0.0249073,0.412557,0.436382,-0.292798,-0.45388,0.121338,-0.15413,0.0971379,0.0147571,-0.261481,-0.19708
-13.8982,2.73538,2.14112,0.382555,0.26646,0.0229067,0.0228571,0.0563642,0.124849,0.0639522,0.404853,0.301442,-0.362397,-0.352691,-0.253779,-0.348158,0.169887,0.471924,-0.0129854,-0.103363
-14.3365,2.67613,2.01277,0.138198,0.14459,0.459027,0.0664433,0.520185,0.145793,0.124143,0.44717,-0.143562,-0.418972,-0.294436,-0.0610175,-0.432367,-0.148836,0.16655,-0.201951,-0.0828283
-14.2136,2.80446,1.85306,-0.0777595,0.243436,0.761113,0.340509,0.39326,0.304898,-0.0321018,0.132279,-0.149266,-0.318915,0.209365,0.192361,-0.187808,-0.469006,0.08476,-0.0576682,-0.382627
-14.0529,3.20406,1.77977,-0.0171412,0.373605,0.475539,0.557737,0.580201,0.129268,0.114826,0.130792,-0.353996,-0.0708289,0.104757,0.0373704,-0.142971,-0.454543,0.0282473,-0.156407,-0.0910392
-14.3338,2.90893,2.11473,0.232985,0.612879,0.489721,0.244673,0.557564,0.131392,0.137313,0.116924,-0.662043,-0.392389,0.192073,-0.0174979,-0.50473,-0.404617,-0.165198,0.000699539,-0.191128
-14.4248,2.89298,2.19417,0.474339,0.36262,0.505133,0.129826,0.402591,-0.0834496,0.00165542,0.326796,-0.262314,-0.56968,-0.233851,-0.0441087,-0.388582,-0.251034,0.0801361,-0.034177,-0.343593
-14.4382,3.00704,2.03768,0.426221,0.749638,0.293632,0.0487363,0.602205,0.00515967,-0.0444676,-0.0367208,-0.222837,-0.256478,-0.011809,0.14186,-0.196515,-0.0710718,0.0863973,-0.181909,-0.108901
-14.2933,2.78537,1.87415,0.450343,0.603116,0.514739,0.100925,0.518508,0.223659,0.23924,0.168822,-0.203427,-0.146352,-0.300187,-0.0777611,-0.378759,-0.0964932,0.160998,-0.0608961,0.0476741
-14.7294,2.77594,1.97182,0.232565,0.145719,0.0955942,0.232073,0.332203,0.483144,0.0539283,-0.0821295,-0.399383,-0.0789,-0.26245,-0.195482,-0.291407,0.0203747,0.0538465,0.026977,0.27183
-14.5799,3.01306,2.0953,0.429962,0.277796,0.379624,-0.120734,0.0821202,0.308407,0.0302679,0.106604,-0.387296,-0.10945,0.0529946,0.221429,0.0131413,-0.0288002,-0.0930778,-0.186264,-0.151605
-14.2753,3.17915,1.9748,0.717295,0.535353,0.264716,-0.199913,0.123632,0.430449,-0.0202679,0.0567504,0.113752,-0.104827,-0.0554386,0.320614,0.0329078,-0.35502,-0.111206,0.013385,-0.0463609
-14.6223,3.05496,1.62936,0.555777,0.362401,0.124999,-0.1855,0.140006,0.288478,-0.0494736,0.124564,-0.0176039,-0.0778822,-0.0521871,0.142795,-0.218492,-0.32634,0.0998949,0.0203546,-0.0763585
-14.5743,3.01119,1.87605,0.572993,0.443666,0.214164,-0.0206225,0.0379147,-0.00044988,0.164622,0.308739,-0.163514,0.0115124,-0.125641,0.19954,-0.126912,-0.314946,0.265099,0.0957956,-0.270327
-15.3918,2.84498,2.10779,0.757484,0.520291,0.338762,0.073929,-0.239149,-0.0680149,0.119939,0.339844,-0.423008,-0.124135,-0.286145,-0.189362,-0.393345,-0.336961,0.419135,0.0748783,-0.0429356
-15.0305,2.78217,1.86696,1.09715,0.700851,0.435011,0.030885,0.205332,0.00905531,0.0101741,0.330393,-0.275757,-0.201125,0.0207373,-0.054954,-0.117245,0.0455363,0.121014,0.0396532,-0.053257
-15.5427,2.4183,1.8041,1.05025,1.01008,0.594657,0.290705,0.226589,0.0703298,0.0463817,0.0662677,-0.49058,-0.283095,-0.0761396,-0.0722351,-0.283566,0.0717114,-0.148142,-0.0747564,0.132935
-15.9504,2.49098,1.80667,0.907732,1.02547,0.666245,0.530208,0.558724,0.223559,-0.069176,0.211513,-0.279065,-0.361156,-0.151158,-0.206339,-0.315112,0.108323,0.0607752,-0.0465903,0.0101358
-15.7311,2.52553,1.54694,0.593852,0.972354,0.424802,-0.192228,0.211942,0.302053,0.21747,0.253604,-0.0637828,-0.302144,-0.20686,-0.0601136,-0.375463,0.00460888,0.398457,-0.0996466,-0.10897
-15.8356,2.75386,1.48679,0.547619,0.746876,0.247902,-0.129273,0.191711,0.0764683,0.00523153,0.0718231,-0.281067,-0.22232,-0.249074,0.180964,-0.48442,-0.164541,0.0439635,-0.0638028,-0.235502
-15.8626,2.72649,1.81586,0.642114,0.786149,0.503705,0.149951,0.384405,0.148278,-0.0448875,0.19778,-0.0538106,-0.423087,-0.500622,-0.136706,-0.360612,-0.315504,0.0835969,-0.0120343,-0.216186
-15.9039,2.4427,1.67032,0.841458,0.875957,0.246185,-0.067356,0.332555,0.290339,0.108511,0.324611,0.160052,-0.280952,-0.0975489,-0.202713,-0.500541,-0.244905,0.0324453,-0.12663,0.0227989
-15.6027,2.73691,1.70027,0.478054,0.745342,0.588473,-0.0711246,0.0823077,0.202368,0.154166,0.266327,-0.00292324,-0.188498,0.10638,0.1286,-0.305457,-0.297413,0.0786143,-0.0749177,-0.234776
-15.3256,3.12003,1.80704,0.716356,0.637327,0.32696,-0.120742,0.259988,-0.213293,0.00628964,0.457015,-0.180313,-0.280782,-0.0120046,0.0965745,-0.0814934,0.0501051,0.102817,-0.0379394,0.0429882
-15.4408,3.30766,2.43893,0.8214,0.585853,0.0919708,-0.0880592,0.263923,-0.28419,0.186029,0.294243,-0.308373,-0.176591,0.0707087,-0.0786523,-0.0123193,0.145464,0.0799256,-0.18411,-0.0708657
-15.5017,2.9629,2.01572,0.828429,0.758436,-0.0418206,-0.31731,-0.165047,-0.219991,0.0580199,0.330491,-0.336298,-0.102264,-0.190631,-0.288601,-0.165717,0.0523982,0.0931527,0.0704654,0.0217408
-15.6788,2.84594,1.94827,0.81548,0.77168,0.256224,0.042684,-0.109089,-0.00569285,0.264835,0.207683,-0.411403,-0.271453,-0.0246961,0.0153382,-0.310422,-0.0558887,0.193684,0.193105,-0.0413139
-15.6084,3.03225,2.16691,0.765596,0.567442,0.294175,0.318854,-0.0299234,0.0412109,0.0017935,0.105999,-0.238427,0.119549,0.170576,0.246222,-0.179902,-0.210405,0.276119,-0.0348207,-0.200948
-15.7665,2.77144,2.01029,0.628606,0.491889,0.194269,-0.0417844,0.0504504,0.226945,0.304518,0.431804,-0.0308224,0.0338352,-0.0132012,0.166729,-0.094771,-0.0535967,-0.00585559,-0.0873159,-0.219238
-15.1958,2.3227,1.82528,0.384621,0.688471,0.526898,0.000919535,0.216772,0.131244,0.157435,0.268471,-0.174792,-0.116104,0.177753,0.21578,0.0854382,0.000803974,0.0872584,0.0915708,-0.14885
-15.0102,2.65424,1.83277,0.652623,0.623355,0.452509,0.0595832,0.0971801,-0.123839,0.213219,0.286387,-0.1079,-0.147964,0.128186,0.0980319,-0.216683,-0.192672,-0.0179717,0.0625157,-0.0655551
-15.0394,2.58399,2.2329,0.827543,0.727628,0.132846,0.13759,0.077941,0.042525,0.0263942,-0.0175987,-0.241188,-0.232326,-0.211488,0.214754,-0.14819,-0.294226,-0.00668544,-0.221884,-0.00181354
-14.9446,2.41136,2.14464,0.725562,1.07992,0.54256,0.00175067,-0.022505,-0.174072,-0.000862965,-0.0547669,-0.201371,-0.276178,-0.253502,-0.168658,-0.189403,-0.218104,-0.00248102,0.0154279,-0.188365
-14.8823,2.8043,2.4458,0.541362,0.742656,0.124737,-0.1142,-0.193086,-0.0214834,0.0434135,0.00921946,-0.211323,-0.08801,-0.288799,-0.0767955,-0.12415,-0.0639315,-0.0685,-0.0855377,-0.142542
-15.0695,2.45923,2.53062,0.570368,0.825863,0.307896,0.0304789,0.0506045,-0.0539349,-0.251307,0.274343,0.180308,-0.278788,-0.392545,-0.0718548,-0.293806,-0.352231,-0.0686347,-0.0362915,-0.266668
-15.0459,2.42276,2.35723,0.527732,0.936629,0.528049,-0.120031,0.191185,0.14872,-0.349964,0.233494,0.208864,-0.306737,-0.562915,-0.146034,-0.392531,-0.433455,0.0850278,0.177118,-0.125222
-14.958,2.24062,2.14247,0.436661,0.933502,0.488258,0.0313232,0.224955,-0.0255891,-0.0231835,0.0064489,-0.0849234,-0.100379,-0.287724,-0.000696311,-0.618674,-0.230187,0.148657,0.134413,-0.112034
-14.8386,2.29497,2.00731,0.498103,0.911745,0.529923,0.0665229,0.439008,0.0622115,-0.100536,0.0463189,-0.00480105,0.01305,-0.081339,-0.110689,-0.347628,-0.295811,0.0819505,-0.0801471,-0.244969
-14.461,2.37037,2.26583,0.533021,0.708594,0.172489,0.051287,0.209572,-0.174254,0.030242,0.354525,0.129693,-0.0512964,-0.271698,0.0779677,-0.402885,-0.200878,0.0126879,-0.00308088,-0.203638
-14.6159,2.55683,2.01044,0.486133,0.732677,0.513332,-0.126143,0.265989,-0.153177,-0.361373,0.0925476,-0.139826,-0.159595,-0.29135,0.122864,-0.278915,-0.304301,-0.242452,-0.213082,-0.143003
-14.6603,2.37752,2.04436,0.321801,0.728579,0.0406141,-0.437744,0.30418,0.101331,-0.0956035,0.268272,-0.0343655,-0.14809,-0.506352,0.211686,-0.403756,-0.406228,-0.0438288,0.102681,-0.1914
-14.478,2.02827,1.74932,0.343643,0.821138,0.4037,0.0439942,0.229117,-0.0205515,0.00254811,0.254027,-0.0585789,-0.0976573,-0.260921,0.00650401,-0.221593,-0.03392,0.0789124,0.0855854,-0.10895
-14.3715,2.13154,1.65034,0.285243,0.816019,0.124942,-0.013639,0.329546,-0.000406376,-0.209551,0.0148159,-0.206497,-0.32862,-0.282118,-0.0351629,-0.159209,-0.110896,0.046764,0.23241,-0.270056
-14.078,2.06273,1.73245,0.369735,0.642628,0.0612219,0.0228382,0.339771,-0.239393,-0.387226,0.101726,-0.0349759,-0.142129,-0.388028,-0.0285654,-0.408107,-0.209433,-0.0842865,0.176004,-0.253621
-13.9201,2.35405,1.92695,0.278892,0.499247,0.56068,0.164143,0.500137,-0.0266235,-0.207101,0.172047,-0.251455,-0.143901,-0.314088,0.158141,-0.329537,-0.0625252,-0.0413895,-0.0756394,-0.011633
-13.762,2.40284,1.67684,0.523935,0.617727,0.225481,0.246638,0.493747,-0.186223,-0.175915,-0.0580007,0.0114482,-0.034244,-0.0970721,0.0996264,-0.219725,0.206813,0.184058,-0.0289895,-0.308944
-13.6892,2.48556,1.69532,0.686504,0.654653,0.196302,-0.0866429,0.247538,0.0456693,-0.237584,-0.177064,0.0538333,0.128891,-0.0134556,0.17652,-0.361739,0.15967,0.0903269,0.022902,-0.351186
-13.5286,2.2489,1.86042,0.255372,0.561323,0.524161,0.195799,0.477833,0.0196373,-0.143058,0.0728858,-0.0704144,-0.251337,-0.275216,0.305107,-0.00418975,0.0396892,0.273927,0.223644,-0.168621
-13.3037,2.43295,1.75316,0.252011,0.652085,0.319322,0.086854,0.491084,-0.126064,-0.00363305,0.332388,-0.252125,-0.139738,-0.260904,0.120555,-0.12689,-0.0993667,0.263267,0.253082,0.0306049
-13.1174,2.21178,1.75576,0.101016,0.575918,0.226501,-0.143237,0.107298,-0.0141993,0.115448,0.136113,-0.143416,-0.12768,0.154887,0.304379,-0.291474,-0.316303,0.0816308,0.185556,0.00616179
-13.4598,2.18224,1.76299,-0.0433575,0.681755,0.467601,-0.0852637,0.154048,-0.105175,0.100176,0.272756,-0.226591,-0.0955963,0.076994,0.200798,-0.347549,-0.136894,0.475276,0.314983,0.0691528
-13.3463,2.33286,1.90725,0.164666,0.993653,0.429913,-0.142042,0.298963,-0.182465,-0.323219,-0.301177,-0.134274,0.139778,0.0325568,0.123862,-0.258859,-0.021168,0.382837,0.21739,0.0737796
-13.0792,1.99954,1.76456,0.0826323,0.706016,0.217326,-0.17858,0.287222,-0.022751,-0.368988,-0.0403145,0.107544,-0.209775,-0.0736262,0.253736,0.0947055,0.163479,0.285885,0.111079,0.0809886
-12.9622,2.06291,1.36047,0.141978,0.608005,0.066209,-0.30981,0.0549176,0.00558091,-0.244301,-0.0177114,-0.0469458,-0.0381755,0.248942,0.150708,-0.0412422,0.257005,0.113002,-0.0876342,-0.0424229
-13.0606,2.18004,1.75898,0.145955,0.701921,0.374517,-0.11832,0.141849,-0.0981753,-0.273954,0.316608,0.127005,0.0771813,0.394452,0.24136,-0.134484,-0.135595,-0.0556727,0.0468797,-0.117127
-12.6296,2.43396,1.94643,0.448072,0.466149,0.138914,-0.255257,0.125695,-0.334649,-0.196173,0.198926,0.242385,0.313169,0.39797,0.267716,-0.0396987,-0.0688514,-0.0402723,0.217773,0.101696
-12.528,2.12157,1.57382,0.19385,0.485329,0.524265,0.206639,0.141675,-0.0840641,-0.22725,0.137525,-0.133019,0.128221,0.171391,0.226783,0.0539008,0.237008,0.159412,-0.0965737,-0.149276
-12.5433,2.31355,1.54895,0.402403,0.444505,0.316159,-0.189665,0.370289,0.153392,0.113894,0.171335,-0.356153,-0.108846,0.0532108,0.0930502,-0.302474,-0.08217,-0.0104206,-0.0101995,-0.217153
-12.1992,2.0801,1.50083,0.463483,0.405518,0.350975,0.204374,0.310578,0.0257709,-0.257509,0.15081,-0.0498848,0.0540752,-0.068399,0.00604944,-0.322156,-0.0594614,-0.0438841,-0.0218561,0.052213
-11.8546,2.22697,1.43435,0.406072,0.148803,0.320885,0.285834,0.500813,0.426926,0.0190941,0.179849,-0.0885239,0.0235258,0.0330797,0.0528573,-0.34357,-0.0132231,0.111298,0.0204759,-0.104289
-11.8129,2.22714,1.44271,0.714202,0.399948,0.227409,0.122195,0.266443,0.466262,0.225302,-0.21877,-0.124126,0.0033353,-0.200371,0.431889,-0.0480644,0.134211,0.116124,0.0170976,0.0980784
-11.5449,2.25333,1.14182,0.435585,0.491162,0.510756,-0.120307,-0.0763315,0.183144,0.239519,0.157672,-0.066517,-0.314763,-0.21313,0.147499,-0.0586681,-0.0553963,0.0300393,0.0515093,-0.0591726
-11.877,1.9717,1.3563,0.348319,0.283459,0.18939,0.0502223,0.39346,0.328911,0.261287,0.216624,-0.164373,-0.171467,-0.124439,0.0186175,-0.345339,-0.0771121,-0.040053,0.116785,0.333311
-11.9693,1.86856,1.23983,0.277303,0.286295,0.139224,0.205711,0.567266,0.276727,0.37415,0.499516,0.0966737,0.151848,-0.134041,-0.0214527,-0.0853714,0.0738863,0.0387078,0.0939033,-0.0928446
-12.1724,1.83483,1.24047,0.412027,0.550614,0.129884,-0.0265457,0.291005,0.221489,0.14885,0.358429,0.164884,0.0780253,-0.0222666,0.283627,0.0515247,0.0893964,-0.0605703,0.0167185,-0.0181699
-12.0304,1.81424,1.20144,0.363901,0.561514,0.110074,-0.164662,0.146139,0.201835,0.304269,0.362571,0.0662952,-0.149944,-0.0979611,0.106506,-0.0045724,-0.0231346,0.0426796,-0.069464,-0.30244
-11.8322,2.06072,1.37538,0.618376,0.375979,0.163953,0.196274,0.491489,0.142068,0.0217248,0.408028,-0.133444,-0.134989,-0.257378,0.163992,-0.014722,-0.0498585,-0.0399015,-0.0701837,-0.201213
-11.8296,2.28335,1.19171,0.534749,0.686122,0.216784,0.149586,0.479982,0.0834095,0.251,0.0322191,-0.196805,-0.249346,-0.247605,0.154954,-0.208847,0.110988,-0.147237,-0.056043,0.219744
-12.242,2.41283,1.46941,0.326853,0.649865,0.109001,0.186158,0.249741,0.0549706,0.353419,0.319197,-0.175696,0.0272115,-0.0804818,0.444109,-0.0459616,-0.30648,-0.0776521,0.0513107,-0.299531
-11.9356,2.26418,1.59603,0.841702,1.0529,-0.0626525,-0.271597,0.0807086,0.183005,0.601681,0.227346,-0.122044,-0.203034,-0.327756,-0.0205276,-0.0347079,-0.530147,-0.00478838,0.178717,-0.0741144
-11.8372,2.18876,1.32348,0.878285,1.05391,-0.0515534,-0.334323,0.0373153,0.207771,0.430819,0.458511,-0.168577,-0.00487299,-0.218743,0.141825,-0.105384,-0.505983,0.122209,0.167305,-0.150911
-12.4135,2.32463,1.34727,0.667631,1.04841,0.468509,-0.351811,0.0699009,-0.0584964,0.153128,0.283435,-0.0506156,-0.0853753,-0.0773551,0.318176,-0.00952784,-0.0261313,-0.030366,-0.151267,-0.13833
-12.1291,2.25412,1.34047,0.515608,0.777816,0.489122,-0.0238803,0.102337,-0.144397,0.0370579,0.211806,0.056397,-0.223019,0.0525435,0.244567,-0.2173,-0.0712449,0.00632075,0.195585,0.133977
-12.2319,2.11875,1.08199,0.614576,0.866744,0.224855,0.018121,0.211523,-0.00965766,0.0939547,0.219031,-0.155533,-0.0871531,-0.31135,0.0838113,-0.165269,-0.129643,-0.190416,-0.0780902,0.00744461
-12.1739,1.95303,0.953428,0.65548,0.530599,0.274278,0.334954,0.287911,-0.194436,-0.0918464,0.272456,0.176076,-0.0659244,-0.238616,0.0483122,0.0894441,0.135459,-0.393417,0.0517008,0.222849
-12.2951,1.94828,1.2866,0.568718,0.818009,0.386126,0.074979,0.0641286,-0.250474,-0.20067,0.153573,0.119642,0.0891821,-0.0302426,0.11124,-0.281174,-0.305352,-0.186045,0.116754,0.188782
-12.124,1.92554,1.13974,0.848186,0.878424,0.427345,0.110713,0.482613,-0.00278974,-0.00284088,0.0846912,0.00541928,0.20768,-0.337427,-0.267369,-0.459064,-0.358535,0.00608015,0.0637656,-0.165922
-11.8007,1.94854,0.950263,0.617238,0.563435,0.548124,0.682181,0.437918,-0.0462179,-8.02227e-05,0.360255,-0.193905,-0.431937,-0.104536,-0.123018,-0.121031,0.0912021,0.0497318,0.112962,-0.0287457
-11.4946,2.13759,0.851104,0.31358,0.680589,0.731579,0.41367,0.391666,0.413362,-0.0310752,0.0642492,-0.0416803,-0.340237,-0.491776,0.115532,-0.0931906,-0.113567,0.19028,0.0348316,-0.202679
-11.5245,2.13287,1.01163,0.634759,0.870284,0.56093,-0.0169099,0.00557514,0.30911,0.303225,0.177937,0.132638,-0.0627006,-0.354558,-0.0201825,-0.112505,-0.381008,-0.0522217,0.0806238,-0.224257
-11.744,2.094,0.856308,0.460447,0.53264,0.382536,0.313309,0.49916,0.349422,0.327856,0.269962,-0.0647651,-0.136084,-0.533196,-0.0895212,0.115405,-0.00318072,0.119816,-0.00583534,-0.189778
-11.3681,2.27465,1.08341,0.348624,0.260976,0.439576,0.153457,0.186239,0.32873,0.319653,0.20558,0.218191,0.0158863,-0.227011,0.348423,0.0420579,0.188556,-0.145211,-0.0575639,-0.4682
-11.4244,2.33492,1.11757,0.271061,0.352255,0.042083,0.0499023,0.14088,-0.299299,-0.101165,0.133455,0.239513,0.195075,-0.073573,0.543017,0.0123786,-0.0833592,-0.0140213,-0.016595,-0.194374
-11.4012,2.20279,1.29534,0.407941,0.499972,-0.0270753,-0.461301,-0.0377777,-0.0948863,0.107987,0.360272,0.00456152,-0.336505,-0.0305366,0.588326,0.199247,0.405897,0.108281,-0.181141,-0.156934
-10.7681,2.41803,1.07285,0.396993,0.496092,0.165066,-0.288106,0.201399,0.0482356,0.224797,0.231891,-0.226403,-0.335323,-0.287757,0.184623,-0.0315605,0.370527,0.152932,-0.137074,-0.242862
-11.0141,2.15406,0.834541,0.399929,0.378434,0.165319,-0.0224795,0.111658,0.382993,0.534486,0.051774,-0.245966,-0.156995,-0.565062,-0.0529625,0.0232397,0.22914,0.216065,0.198254,-0.132435
-11.2591,1.89066,1.05118,0.463595,0.171481,-0.0848165,-0.354522,0.461732,0.60173,0.111793,-0.182229,-0.25942,-0.175018,-0.298681,-0.233775,-0.210515,0.157275,0.283465,0.354805,-0.110031
-11.2763,1.85657,1.10173,0.474039,0.206963,0.217246,0.177076,0.398847,0.508774,0.132132,-0.314702,-0.119483,-0.0275573,-0.415578,0.0206772,0.293403,0.13434,0.366816,-0.0162618,-0.327345
-10.9786,1.74245,0.75781,0.212573,0.131964,0.344882,0.124335,0.110383,0.380126,0.224135,-0.195857,-0.0104155,-0.149017,-0.326667,0.0577573,0.143445,-0.126499,0.329443,0.0870696,-0.449498
-11.1438,1.83447,1.02333,0.389178,0.54429,0.44181,-0.00990362,0.11483,0.227046,0.134915,-0.0398088,-0.206259,-0.185042,-0.150329,0.2589,0.0915863,0.0425405,0.32983,-0.00968621,-0.345486
-11.4227,1.69124,0.967302,0.610349,0.487385,0.203182,-0.265416,-0.0320045,0.201288,0.233483,-0.127095,-0.107889,-0.0456885,-0.227218,0.295435,0.225709,0.0620952,-0.0535275,-0.0303448,-0.340783
-11.4495,2.00793,1.22164,0.579001,0.648329,0.347791,-0.117434,0.0898243,0.0899123,0.116114,0.006891,-0.0115923,-0.185226,-0.330404,0.171327,0.353781,0.117027,0.427237,0.0736295,-0.337322
-11.5909,2.16411,1.34893,0.366711,0.587841,0.529927,0.0825449,-0.188993,0.0182296,0.262893,0.248126,-0.192914,-0.569046,-0.285399,0.269137,0.303983,0.185404,0.432908,0.179231,-0.407049
-11.5784,2.12687,1.29515,0.722911,0.633916,0.396601,0.0483591,-0.0376082,-0.141612,0.212055,-0.00833006,-0.163388,-0.219372,-0.313131,0.30872,0.157762,0.219394,0.257344,0.0567807,-0.125932
-11.6437,2.1586,1.37577,0.579915,0.437977,0.447495,0.0151014,-0.260435,-0.170486,0.183006,0.0987189,0.0765744,-0.115192,0.0100201,0.168041,0.26627,0.0555856,0.0365352,0.123714,0.0350252
-11.8805,2.29353,1.43513,0.512249,0.163441,0.538354,0.241614,-0.0777512,-0.142598,0.221458,0.416872,0.00287817,-0.102839,-0.0843563,0.18793,0.0707646,-0.02058,0.190844,0.089266,0.0777055
-11.8793,2.0659,1.23102,0.451515,-0.05047,0.693771,0.643093,-0.0591546,0.134973,0.323478,0.216588,0.0372467,-0.191931,-0.213206,-0.0599118,0.375048,0.118349,0.0540363,0.183945,-0.0367244
-11.6101,1.70475,0.919868,0.612546,0.206989,0.156968,0.239301,-0.003241,0.527742,0.194191,-0.362923,-0.100476,-0.198374,-0.198832,0.0659089,0.383983,0.117789,0.237015,0.189276,-0.237087
-11.6114,1.91226,1.00927,0.557827,0.31725,0.17143,-0.0854432,0.0708614,0.42608,-0.1186,-0.19043,-0.246862,-0.406149,-0.19403,0.185444,0.178469,0.234121,0.337367,0.159063,-0.371395
-11.818,2.10265,1.21168,0.621694,0.268119,0.360297,0.21703,0.068498,0.268383,-0.347364,-0.350309,-0.417486,-0.188708,0.0351694,-0.0268137,0.0788577,0.15928,0.295323,0.108231,-0.0274106
-11.7701,2.076,1.06013,0.496189,0.567966,0.486655,0.065367,0.127213,0.35888,-0.289013,-0.313775,-0.357753,-0.0684689,-0.0342137,0.0586238,-0.126351,0.166759,0.302963,-0.157004,-0.0944286
-11.741,1.98487,1.1726,0.690133,0.13077,0.387123,0.302918,0.323309,0.381995,0.291772,-0.326766,-0.404909,-0.245998,-0.26838,-0.0829771,0.11732,0.513595,0.490207,0.10999,0.0223279
-11.544,1.92575,1.37071,0.686547,0.252318,0.0249092,0.0614333,0.183775,0.227039,0.150552,0.173723,0.119508,-0.202369,-0.246886,0.102084,0.119992,0.381705,0.277184,-0.504746,-0.110513
-11.3923,1.89683,1.78055,0.784816,0.270316,-0.04337,-0.0154354,0.166255,0.428281,0.18185,-0.124085,-0.216582,-0.0529849,-0.253101,-0.0517125,0.165464,0.337696,0.571741,-0.328343,-0.116089
-11.4319,2.27947,1.33789,0.678717,0.121813,0.0418402,-0.24436,-0.156257,0.521624,0.454585,-0.135615,-0.181895,-0.178823,-0.114704,0.0573216,0.15301,0.424147,0.472167,0.0542071,-0.225931
-11.4839,2.50937,1.31009,0.515894,0.325518,-0.0342005,-0.0479378,0.285136,0.1548,-0.000981539,-0.102399,-0.00172334,0.0145435,-0.150302,0.0443688,0.14854,0.301382,0.470296,0.195627,-0.0699062
-11.3046,2.35153,1.1366,0.424264,0.452654,0.381502,0.122443,-0.0654184,0.0735372,-0.0212959,-0.161115,-0.246361,-0.143277,-0.135383,0.0376562,0.267627,0.272181,0.206843,0.119132,-0.0726909
-11.3725,1.76113,1.2214,0.458362,0.459511,0.158477,0.250061,0.0178986,0.0595731,0.00522019,0.00542093,0.0816441,0.078357,-0.18183,0.0281134,0.408342,0.0520834,0.411759,0.301186,0.154273
-11.75,1.51849,1.01901,0.374052,0.237037,-0.0762213,0.148518,-0.264072,0.111548,0.0658259,-0.240835,-0.132151,-0.213354,-0.288609,0.0626541,0.496352,0.167854,0.394956,-0.136152,-0.27715
-12.1523,1.63827,0.883221,0.151851,0.162578,0.0277336,-0.202106,-0.353186,0.318675,0.40981,-0.0290605,-0.214855,-0.504461,-0.512099,0.0263712,0.450663,0.407148,0.152654,-0.133504,-0.0464328
-12.5324,1.3501,0.962366,0.659836,0.337664,-0.139108,-0.0386306,0.0881254,0.318595,0.0105182,-0.0442224,-0.181143,-0.496337,-0.3873,0.2693,0.607602,0.242737,-0.0799663,-0.00959026,-0.0769361
-12.4814,1.15743,0.816622,0.43826,0.396018,-0.0435869,-0.210122,-0.014892,0.371442,0.345253,-0.185701,-0.354016,-0.263439,-0.3537,0.30558,0.414856,-0.0247793,0.378335,0.0366027,-0.181808
-12.505,1.47079,1.33771,0.184441,0.374085,0.0772747,0.0837483,-0.495644,0.64406,0.540433,-0.40382,-0.56318,-0.398414,-0.503427,-0.180958,0.175446,-0.0539933,0.248287,-0.141448,-0.0402254
-12.2502,1.31505,0.933878,0.248551,0.487281,0.309682,0.129452,-0.0924311,0.46031,0.195451,-0.426134,-0.539583,-0.242965,-0.434875,-0.161511,0.217856,-0.0641947,-0.0913092,-0.313889,-0.135067
-12.9085,1.36911,1.03481,0.211478,0.794796,0.200979,0.000453742,-0.0232885,0.676553,0.12791,-0.215954,-0.0868059,-0.172841,-0.14957,0.153366,0.16388,0.00715582,0.189057,-0.0369452,0.0235966
-12.7474,1.87711,1.36454,0.332743,0.59835,0.185176,-0.0699913,-0.409748,0.23347,0.104709,-0.47529,-0.258166,0.00946164,-0.261588,-0.172277,0.377616,-0.110211,-0.0484778,-0.0381436,0.223716
-12.6354,1.55204,1.19316,0.118075,0.544455,0.427297,0.0201814,0.119079,0.527287,0.211131,-0.437607,-0.22905,0.122721,-0.0755332,-0.21725,-0.0278166,-0.0271938,0.0677353,-0.212817,-0.116781
-12.7003,1.48837,0.963913,0.237001,0.715998,0.0665984,0.157689,-0.0942502,0.800088,0.412662,-0.526497,-0.50438,0.129522,-0.155954,0.00914345,0.211413,-0.042466,0.383936,-0.188429,0.0783521
-12.8303,1.55008,1.07138,0.415376,0.257028,0.067175,0.160407,-0.000499743,0.603719,0.353591,-0.228747,-0.625848,-0.0500179,-0.308259,-0.0616768,0.233905,0.297647,0.418198,-0.0832989,0.112384
-13.2517,1.43056,0.776807,0.166953,0.292057,0.184077,0.371285,-0.0386897,0.444565,0.391376,-0.0707296,-0.555337,-0.0512216,-0.340827,-0.0206848,0.341579,0.268503,0.262466,0.0234128,-0.0595439
-12.8769,1.54136,0.896022,0.39549,0.441434,0.432236,0.478586,0.0566693,0.331467,0.666325,-0.197447,-0.422975,0.00290287,-0.609875,-0.188551,0.386834,-0.0684563,-0.0491554,-0.00267798,-0.147365
-13.0067,0.92638,1.00701,0.0895084,0.432795,0.320743,0.136957,0.0224225,0.682427,0.367733,-0.639492,-0.358581,0.253132,-0.250562,-0.278825,0.329668,-0.00573342,0.432548,-0.205948,-0.121198
-12.9632,1.58101,1.12031,-0.0843335,0.369527,0.276414,0.162986,-0.046162,0.700978,0.338316,-0.615571,-0.188261,0.146974,-0.528658,-0.384109,0.210725,-0.0342992,0.242219,-0.105186,-0.0227319
-13.3095,1.31,1.01049,0.0567691,0.398723,0.447974,0.420068,-0.0200051,0.377818,0.192948,-0.318459,-0.421047,-0.272122,-0.401186,-0.206584,0.263491,0.232001,0.0351387,-0.263263,-0.197294
-12.9087,1.92947,1.01246,0.111624,0.148995,0.26515,0.289325,0.00736313,0.449561,0.118977,-0.342554,-0.205079,-0.200585,-0.293169,0.0439034,0.250386,0.226103,0.0364349,-0.233733,-0.144836
-13.3401,1.82238,1.22876,0.0920891,0.44117,0.408899,0.184232,-0.0845981,0.578536,0.514599,-0.248573,-0.434628,-0.41871,-0.457333,0.0800496,0.500025,0.521603,0.367436,-0.324465,0.0883157
-13.355,1.51298,1.08963,0.183384,0.339668,0.0481921,0.392441,-0.0780386,0.111632,0.453357,-0.239062,-0.400474,-0.450317,-0.397791,0.0998775,0.287014,0.091719,0.660354,-0.265956,-0.0601332
-13.7348,1.61979,1.21619,0.483405,0.23607,0.0930354,0.216474,-0.37185,0.271562,0.775079,-0.41151,-0.647876,0.0087905,-0.258353,-0.189259,0.659726,0.489349,0.202942,-0.45476,-0.272642
-14.2775,1.16655,1.36626,0.576117,0.503724,0.248802,-0.0919228,-0.322287,0.112076,0.262642,-0.0511151,-0.156554,0.0166699,-0.133732,-0.219793,-0.0104456,-0.102865,0.104388,-0.33952,-0.0753018
-13.8927,1.63955,1.2424,0.322916,0.126202,-0.0575352,0.354588,-0.0830465,0.121686,0.424219,-0.148309,-0.54896,-0.294293,-0.309007,-0.142683,0.35484,0.212376,0.285578,-0.245214,-0.145405
-13.858,1.51899,1.44767,0.108028,0.358795,0.253754,0.353866,-0.169399,0.401974,0.504715,-0.270869,-0.474319,-0.802194,-0.693153,-0.139029,0.349385,0.429212,0.609187,-0.460083,-0.143995
-13.6148,1.75216,1.28281,-0.0284143,0.0332455,0.00759016,0.378884,-0.260603,0.360516,0.43468,-0.300964,-0.395655,-0.352756,-0.425845,-0.170716,0.210447,0.0777599,0.467747,-0.350834,0.0958015
-14.1387,1.65502,1.30323,0.268607,0.302663,0.175054,0.0196464,-0.28137,0.516188,0.69932,-0.171302,-0.476442,-0.417692,-0.713809,-0.0687253,0.439707,0.19634,0.264694,-0.52375,0.103648
-14.4267,1.5194,1.20543,0.428815,0.535439,-0.0815319,0.0721566,-0.027346,0.354643,0.257674,-0.57158,-0.412449,-0.270441,-0.311601,-0.0106353,0.152312,0.115268,0.225804,-0.313385,0.130999
-14.2436,1.88714,1.19593,0.187917,0.244669,-0.0485087,0.421373,0.184639,0.3439,0.230989,-0.468732,-0.363523,-0.0749775,-0.191951,-0.075612,0.180076,0.0275181,0.185064,-0.377255,0.170999
-14.0313,1.60086,1.43689,0.139917,0.224036,0.0192791,0.55374,-0.217828,0.278389,0.594122,-0.500712,-0.425532,-0.165798,-0.431628,-0.335595,0.348107,0.267472,0.247897,-0.722934,0.0493479
-14.5654,1.7986,1.55758,0.321946,0.135509,0.0974632,0.218043,-0.0758136,0.250228,0.756301,-0.620911,-0.715586,-0.380579,-0.538919,-0.0783549,0.616936,0.233979,0.250632,-0.720911,-0.338703
-14.6718,1.86119,1.27968,0.251485,0.0980131,0.334532,0.0988893,0.0400085,0.340749,0.46242,-0.328323,-0.513849,-0.252888,-0.380161,-0.0785565,0.278278,-0.0575596,0.158862,-0.42493,0.0161106
-14.9104,1.65311,1.0673,0.362801,0.36637,0.0934461,0.397301,0.173732,0.593979,0.242867,-0.579275,-0.346364,-0.175199,-0.602695,-0.176285,0.302975,0.141664,0.0390657,-0.506026,0.263348
-14.6934,1.29806,1.04415,0.596851,0.402994,0.142149,0.412342,-0.0323361,0.302003,0.221196,-0.549272,-0.757496,-0.29659,-0.423574,-0.178291,0.109369,-0.0558643,0.304612,-0.561399,0.164646
-14.5423,1.41049,1.52087,0.615785,0.375924,-0.0432539,0.426322,-0.296663,0.319898,0.219444,-0.534873,-0.562731,-0.243559,-0.238015,-0.314168,0.0608126,-0.256592,0.456459,-0.318322,0.149158
-15.1618,1.40651,1.72002,0.487254,0.229851,0.413306,0.413719,-0.268435,0.137484,0.138179,-0.708811,-0.472076,-0.248002,-0.39045,-0.11016,0.251264,-0.0696111,0.323079,-0.250695,-0.0810217
-15.3273,1.6857,1.44059,0.441919,0.256272,0.195467,0.299628,0.122515,0.207962,0.161045,-0.406946,-0.426799,-0.117993,-0.268802,-0.130362,0.120621,-0.0483974,0.217469,-0.222821,0.169875
-14.8844,1.70637,1.40005,0.403558,0.350935,0.271064,0.0373109,-0.126,0.215977,0.289178,-0.467195,-0.384269,-0.282466,-0.535194,-0.188038,0.171382,0.0162605,0.216086,-0.293688,0.042088
-14.9621,1.10128,1.51478,0.684717,0.451986,0.0957302,0.309688,-0.0740046,0.140295,0.346231,-0.245943,-0.330952,-0.244019,-0.615148,-0.16362,0.165095,0.159614,0.415866,-0.264646,0.100422
-15.3481,1.41147,1.37166,0.388517,0.297766,0.283575,0.372711,-0.362058,0.307417,0.3104,-0.715163,-0.560437,-0.160481,-0.622358,-0.190247,0.2088,-0.26191,0.489649,-0.35472,0.098296
-15.3809,1.73851,1.47015,0.46011,0.216178,0.33066,0.243017,-0.291689,0.0880386,0.305231,-0.245526,-0.404284,-0.072296,-0.56497,-0.191454,0.228429,-0.107869,0.374365,-0.139338,0.102707
-15.0287,1.9849,1.25607,0.537244,0.232475,-0.0176513,0.399932,-0.0550533,0.209797,-0.0157923,-0.196992,-0.253933,-0.27833,-0.378982,0.0874005,0.342815,-0.146072,0.27224,-0.458805,0.117434
-13.6421,2.2373,1.57019,0.947357,0.492728,-0.0527585,0.118351,0.172719,-0.32167,-0.0401688,-0.201088,-0.396191,-0.0390182,-0.27569,0.297507,0.337858,-0.222748,0.296797,-0.117642,0.316878
-10.0761,2.53796,1.31828,0.909254,0.614002,-0.0410834,-0.350814,0.357386,-0.236091,-0.144031,-0.0131176,0.492578,-0.332147,0.228065,-0.291479,-0.0282291,0.0352122,0.102347,0.173405,0.364076
-7.71875,2.35523,0.301887,0.281739,-0.210382,0.232466,-0.35961,1.03385,-0.140866,-0.249332,0.253943,0.539955,-0.579805,0.231566,-0.288304,-0.267523,-0.0105459,0.0684163,0.278841,0.314177
-7.44731,2.02821,0.129527,0.173441,0.0741988,0.216467,-0.0913783,0.938565,-0.249334,-0.459231,0.183541,0.458201,-0.580718,0.217741,-0.10746,-0.45684,0.0166715,0.194192,0.201584,0.185044
-8.20352,1.97203,0.542642,0.22336,-0.136836,0.12411,-0.0168453,0.678817,0.0580344,-0.439359,0.176389,0.220628,-0.594695,0.345213,0.0937157,-0.352554,-0.0929419,0.238504,0.226469,0.132496
-9.52288,2.02806,1.12939,0.977425,0.1382,-0.18105,0.0583455,0.638386,-0.0794549,-0.593649,0.204865,0.275542,-0.170027,0.30648,0.12113,-0.504784,0.0279996,0.107311,-0.00815506,0.185456
-11.1008,1.64469,0.238551,0.0243533,-0.130884,-0.100395,-0.127759,0.299524,0.177925,-0.267155,-0.0275923,0.132114,-0.117086,0.162392,-0.243794,-0.45145,-0.138962,0.214002,-0.0544703,0.211822
-10.3464,0.998447,-0.385465,0.829337,0.147846,-0.743711,0.2701,0.902978,-0.474476,-0.0551292,0.217473,0.26215,-0.504648,0.183973,-0.257109,-0.366095,0.0707057,0.197433,0.0368869,0.0397286
-9.5502,0.916753,-0.252768,0.770702,0.469028,-0.847673,0.188185,0.808753,-0.50087,-0.0852803,0.356664,0.317947,-0.377943,0.343072,0.0225552,-0.414409,0.0599942,-0.173889,0.00355756,0.0336293
-9.17198,2.20864,0.744591,0.957682,0.727112,-0.360085,-0.228372,0.41257,-0.171906,-0.311403,-0.0726182,0.35097,-0.405861,0.14579,0.226345,-0.332043,0.053469,-0.113182,-0.0722186,0.254107
-9.13081,2.29855,0.597016,0.354373,0.609172,0.125483,-0.216753,0.503473,0.00228586,0.0427907,0.149189,0.0556719,-0.341778,0.0293392,0.117545,-0.367528,0.07465,0.385374,-0.199387,0.259978
-10.4385,2.46201,1.04203,1.21977,0.917967,0.0721089,0.187197,0.401219,-0.0181525,-0.000949706,0.313417,-0.0648107,-0.546357,0.134513,0.0897403,-0.123416,0.0866311,0.269707,-0.0936452,0.0946938
-10.8076,2.41444,0.757501,1.03039,0.983248,0.51534,0.39115,0.681443,0.057205,-0.0620471,-0.0952703,0.00482428,-0.471051,-0.0107451,0.192971,-0.140005,0.102204,0.333426,0.0861676,0.373058
-11.5268,2.24527,0.997147,1.29089,1.25837,0.548368,0.275848,0.59721,-0.173286,-0.00595896,0.153528,-0.0134551,-0.294199,-0.0544118,-0.0326556,-0.111169,0.0334996,0.327717,-0.0154733,0.501175
-10.9591,2.04672,1.06792,1.16933,1.22369,0.43553,0.266018,0.806008,0.0172562,-0.0638193,-0.184895,-0.0759184,-0.170903,-0.231261,0.072775,-0.0481576,0.119043,0.361417,-0.00131687,0.260274
-10.0885,2.53873,1.5001,1.17207,0.534015,-0.0862269,-0.415834,0.27214,-0.00761966,0.228602,0.20366,0.0818225,0.133532,0.0295261,0.0261322,-0.201115,0.00911242,0.467766,0.0392956,0.188638
-8.94104,3.08656,0.727704,-0.0218094,0.13964,0.572316,-0.00763567,0.485002,0.0641477,-0.0414821,0.191073,-0.279343,-0.3166,0.0627227,0.134275,0.00793767,-0.0831083,0.165926,0.279044,0.309917
-8.74238,2.62426,0.378138,-0.0632545,0.166646,0.737822,-0.0184114,0.692079,0.401712,-0.156488,0.321125,-0.488909,-0.323653,0.014344,0.213377,0.0087567,0.206657,-0.0533257,0.422852,0.503786
-8.82148,2.73291,0.588963,-0.117837,0.176465,0.786682,0.0498972,0.831583,0.583805,-0.450375,0.227373,-0.549301,-0.445026,-0.0410321,0.184954,0.145627,0.0831496,-0.00506872,0.433924,0.344017
-8.84438,2.48398,0.898628,-0.328607,0.296282,0.762403,0.0371372,0.656272,0.577605,-0.26316,0.139452,-0.316564,-0.356817,0.0212046,-0.11024,-0.00686259,0.0492708,0.0776858,0.217594,0.442801
-8.72514,2.16314,0.515172,-0.509221,0.115907,0.906928,-0.0371845,0.404571,0.494864,-0.297721,0.350423,-0.406525,-0.255978,0.0826498,0.22106,-0.175214,0.185206,0.24332,0.112765,0.379469
-8.76254,2.36154,0.617085,-0.0513259,-0.190005,-0.112248,-0.359815,0.0733408,0.424823,-0.393223,0.370916,0.179065,0.287081,0.0661343,0.0677547,-0.0316855,0.072684,-0.0481358,0.106488,0.418113
-8.69208,2.1445,0.686204,0.163404,-0.117523,-0.152436,-0.828594,-0.197177,0.388181,-0.0943504,0.240275,0.0252135,0.0950755,-0.0139603,-0.0747727,0.213801,-0.0707841,-0.0405277,0.0455353,0.510686
-9.27979,1.97731,0.772075,0.213078,-0.289085,-0.776656,-0.84009,-0.000672464,0.328443,0.155329,0.0143018,-0.00957152,-0.187804,-0.311531,-0.0453203,0.210341,0.147067,0.245887,-0.0819389,0.281311
-9.1973,2.15833,0.712947,0.19794,-0.180315,-0.669354,-0.314241,-0.15622,0.192053,0.299252,0.131056,0.17938,0.262254,-0.0498671,-0.144408,0.0790836,0.169302,0.178828,0.0687388,0.337096
-9.82516,2.14457,0.973103,0.244859,-0.375628,-0.568179,-0.888128,-0.261814,0.315811,0.209434,-0.0790795,0.0328357,0.296712,-0.101359,-0.0609625,0.0662625,0.200865,0.238671,-0.0214565,0.361805
-10.3393,2.31179,0.888668,-0.068259,-0.306455,-0.778809,-1.14801,-0.491871,0.202825,0.0338556,0.047599,-0.0758832,-0.000101333,-0.0701857,-0.189049,-0.111408,0.195141,0.335571,0.0727813,0.387308
-9.21041,1.56623,0.832917,0.248249,-0.263827,-1.24823,-0.798819,-0.401339,-0.26508,0.196771,0.0770274,-0.353228,-0.400874,0.00662492,-0.0560114,-0.0427708,0.0334282,0.0530916,-0.0756759,0.272253
-8.86425,1.77244,1.34078,0.700034,0.0867603,-1.07477,-0.689711,-0.0927588,0.132293,0.28331,0.327789,-0.189599,-0.190748,-0.026113,-0.166619,-0.223873,0.225215,0.152836,-0.215555,0.356626
-8.91876,1.85137,1.30039,0.667939,-0.134411,-0.783336,-0.549311,-0.182068,0.158393,0.337165,0.386709,-0.0473309,-0.243118,-0.0809889,-0.257076,0.225806,0.00966725,0.307248,-0.25513,0.360508
-9.15589,2.54013,1.20257,0.562287,0.287634,-0.402453,-0.753133,-0.394198,0.385334,0.531082,0.292856,-0.0260296,-0.391148,-0.0582438,-0.232039,0.202164,0.394369,0.161499,-0.344539,0.400913
-9.10658,2.88508,1.29684,-0.0226032,0.00756707,0.0860224,-0.281737,-0.0752964,0.218514,0.498381,0.276021,0.0571196,-0.270263,0.237265,-0.124212,-0.124393,0.171772,-0.0300734,-0.336879,0.219068
-9.0859,3.0787,1.50269,-0.232688,0.161905,0.13166,-0.0619567,-0.253583,0.130748,0.414931,0.210674,-0.0260068,-0.0995253,-0.0372205,-0.273695,-0.0292678,0.186286,0.187927,-0.204103,0.467546
-8.84152,2.73983,1.67335,-0.0054701,0.107759,0.360844,-0.181102,-0.703562,0.125834,0.709495,0.120551,-0.0660368,-0.22124,-0.13534,-0.202171,-0.039335,0.154594,0.477146,-0.211983,0.109189
-8.82996,2.89654,1.57067,-0.00240566,-0.0619092,0.268274,-0.29989,-0.470343,0.255563,0.615719,0.156254,-0.207348,-0.447548,0.049224,-0.111035,0.0798999,0.126003,0.166598,-0.351491,0.283697
-8.87925,2.97198,1.38133,0.169893,-0.00367021,0.170024,-0.508575,-0.17805,0.449577,0.652775,0.0258467,-0.0650115,-0.307167,0.025192,-0.109529,-0.152152,0.0478639,0.219495,-0.0678733,0.213182
-8.62321,2.61279,1.32249,0.0660681,-0.137665,-0.0630783,-0.468129,-0.0530847,0.430152,0.543302,0.0606704,-0.215413,-0.081876,0.05764,-0.23978,-0.0550034,-0.105624,-0.0256052,-0.133001,0.461458
-9.49547,2.18622,1.41866,0.3216,-0.191451,-0.329952,-0.833803,-0.295501,0.0745501,0.318086,0.109486,0.225704,-0.028676,-0.298223,-0.618364,-0.114641,0.161497,0.169443,-0.119755,0.28415
-9.2716,2.13918,1.19471,0.400329,-0.0530294,-0.464515,-0.726352,-0.556326,0.220254,0.574339,0.0277508,-0.151056,-0.0598953,-0.148949,-0.544437,-0.0539438,0.25781,0.213402,-0.103301,0.332242
-8.99675,2.14314,1.19625,0.267039,-0.179581,-0.535618,-0.862005,-0.540295,0.601706,0.44737,-0.113641,-0.445928,-0.322573,0.00765548,-0.335377,-0.0802961,0.383469,0.0193108,-0.297288,0.291584
-8.84853,1.78086,1.42341,0.111204,-0.573685,-0.597633,-0.777201,-0.348376,0.250405,0.112623,-0.0737493,-0.306061,-0.289029,-0.36905,-0.248047,-0.0991598,0.283835,0.107707,-0.203526,0.256403
-7.93427,1.2598,1.46197,0.613103,-0.533434,-0.251681,-0.69261,-0.0203515,0.115026,0.049777,0.189964,-0.143733,-0.494321,-0.340674,-0.40942,0.0499622,0.377674,0.235374,-0.262981,0.137484
-7.92132,1.9697,1.56758,0.877347,0.00657319,-0.173969,-0.421891,0.174873,0.338441,0.286158,-0.263026,-0.185863,-0.282126,-0.40507,-0.285347,0.350378,0.371164,0.306199,-0.0685654,0.0673935
-8.42126,2.48822,1.89353,0.6082,0.062198,-0.128355,-0.79696,-0.0499349,0.562432,0.338312,-0.0328937,-0.070378,-0.181582,-0.348356,-0.0106076,0.358447,0.0216466,0.152827,-0.0699811,-0.0109952
-7.78414,2.72496,1.24414,0.481377,-0.0387175,-0.307091,-0.391807,0.422991,0.192346,0.174359,-0.0314432,0.109234,-0.171714,-0.0752302,-0.124819,0.0098296,0.0675462,0.0071688,0.157703,0.212036
-7.15057,2.29252,0.888762,0.458873,0.0421193,0.0548392,-0.464379,0.398038,0.277256,-0.116315,0.173414,0.0444413,-0.417099,0.165327,-0.188899,0.00469038,0.320905,0.0787416,-0.148432,0.161027
-7.38647,2.33295,1.29689,0.765315,-0.376752,-0.136731,-0.365286,0.362184,0.267397,0.252629,0.086227,-0.385422,-0.128245,0.19195,-0.374289,-0.0733245,0.553038,0.105114,-0.221412,0.269769
-7.48393,2.07972,1.56829,0.685651,-0.302286,-0.174941,-0.209259,-0.0328154,0.291505,0.389446,0.0373844,-0.450063,0.0586971,0.129601,-0.279374,0.114139,0.396087,0.0407271,-0.121901,0.0891208
-7.69535,1.86536,1.59505,0.743229,-0.481366,-0.128267,-0.181269,-0.0485385,0.3456,0.204938,-0.0839383,0.0733676,0.0113856,0.0460755,-0.365785,0.0620846,0.460035,0.369857,-0.397767,-0.104483
-7.95858,2.10397,1.48833,0.791102,-0.698004,0.0981908,-0.111981,-0.032484,0.473407,0.0929742,-0.0959367,0.0354137,0.137316,-0.0956568,-0.418856,0.0890305,0.4711,0.19662,-0.452807,-0.0889792
-7.98396,1.74491,1.65147,0.689677,-0.629542,0.23797,-0.23336,-0.307349,0.749708,0.435711,-0.392667,-0.0758768,0.0974554,0.161446,-0.390386,-0.120649,0.523538,0.438355,-0.416803,0.0479048
-8.6244,1.92606,2.00077,0.613338,-0.708402,0.0408535,-0.192784,0.00314356,0.613577,0.493151,-0.133971,-0.0319032,0.156273,-0.204786,-0.374735,0.214081,0.570224,0.243944,-0.484388,-0.0913515
-8.45854,2.10571,1.77652,0.506575,-0.441895,-0.192777,-0.417718,-0.264186,0.562463,0.541181,-0.266062,0.00378895,-0.0557455,0.14932,-0.513055,0.232422,0.518955,0.414948,-0.315571,0.0792839
-8.57304,2.26213,1.64609,0.638101,-0.346359,-0.324872,-0.371036,-0.511185,0.483214,0.517341,-0.410613,0.0380077,0.0578037,0.156777,-0.292099,-0.0918709,0.663888,0.396849,-0.0272073,0.337203
-8.40608,2.57435,1.57302,0.21234,-0.249106,-0.154952,-0.427972,-0.169272,0.356914,0.440902,0.0848765,0.14223,-0.208543,-0.0680894,-0.310978,0.326421,0.791919,0.037927,-0.362258,0.413812
-8.18542,2.54874,1.4831,0.207014,-0.348054,0.0673217,-0.162636,-0.304223,-0.0976653,0.419417,0.242986,0.188487,-0.258223,-0.263059,-0.255995,0.39752,0.653115,-0.0462661,-0.389583,0.44348
-8.71799,2.52611,1.50609,0.173287,-0.00964262,-0.0667198,-0.160386,-0.609467,0.174296,0.678363,0.155895,-0.0681084,-0.0623675,-0.104181,-0.158834,0.449772,0.539789,0.24617,-0.420729,0.273086
-9.01222,2.38615,1.62657,0.183879,-0.210595,-0.316678,-0.119881,-0.592577,0.103697,0.618835,0.445163,0.202874,-0.382682,0.133853,-0.338628,0.390337,0.868186,0.136864,-0.219831,0.376622
-9.3775,2.39761,1.53628,0.375059,-0.0906584,-0.446025,-0.62492,-0.645538,0.0731836,0.267993,0.481787,0.27972,-0.190794,-0.26552,-0.582082,0.349362,0.851422,-0.0323682,-0.0184702,0.503538
-9.06204,2.38558,1.1373,-0.114873,0.0354921,-0.243374,-0.89726,-0.553296,0.273037,0.182914,-0.00290799,0.335417,-0.292904,-0.386306,-0.610452,0.382766,0.988315,-0.131916,-0.25516,0.419698
-8.81196,2.5891,0.798328,0.293719,0.34204,-0.216635,-0.69019,-0.370108,0.159114,0.320166,0.158301,0.1284,-0.0512939,-0.256411,-0.66258,0.393068,0.692188,-0.149729,-0.267073,0.468231
-7.77817,3.04305,0.981184,0.237257,0.158956,0.0292317,-0.337966,-0.104295,0.457333,-0.0352525,0.02592,0.300531,-0.360542,-0.215638,-0.167459,0.511143,0.119518,-0.0285206,0.0154098,0.546328
-7.60279,2.84958,0.683367,0.396687,0.426993,-0.210296,-0.308191,0.142034,0.299114,-0.112296,0.0337158,0.21568,-0.132162,-0.285886,-0.439616,0.607733,0.183604,-0.036365,-0.0483305,0.554058
-7.7383,2.78578,0.795521,0.355352,0.296626,-0.0744787,-0.253301,0.325248,0.170191,-0.327059,0.302143,0.448106,-0.07562,-0.226008,-0.38525,0.640862,-0.0900859,-0.203964,0.0653381,0.469712
-7.57945,2.66253,0.782518,0.469146,0.325907,-0.114679,-0.236508,0.193374,0.480959,-0.193701,0.211012,0.359133,-0.127371,-0.206022,-0.38306,0.463602,-0.249363,0.0622674,-0.0674806,0.571497
-8.10382,2.78904,0.984352,0.339135,0.144768,-0.269121,-0.360645,0.435554,0.631491,-0.229103,0.1222,0.302065,-0.0661156,-0.18437,-0.341439,0.37598,0.144007,0.0288931,0.0250958,0.379616
-8.6489,2.68855,1.35825,0.388126,0.119362,-0.31251,-0.555203,0.132305,0.539568,0.278764,0.139047,-0.0127135,-0.221262,0.0253185,-0.215482,0.27067,0.0180621,0.108572,-0.0312596,0.536198
-8.76305,2.78547,1.6811,0.461427,-0.179662,-0.176777,-0.616861,0.237344,0.57069,0.23904,0.252351,0.0883111,-0.100029,-0.159536,-0.154796,0.269865,0.281959,-0.013666,0.00112744,0.437778
-8.96501,2.75118,1.75733,0.396957,0.0720704,-0.337997,-0.699057,0.00858286,0.437737,0.468501,0.118218,0.215744,0.0952113,-0.169179,-0.396135,0.373646,0.419241,0.0957658,-0.0786162,0.521771
-9.08131,2.93403,1.67657,0.695093,0.425698,-0.342579,-0.657896,0.0241754,0.568306,0.384379,0.141071,0.329025,-0.293013,-0.0820587,-0.109573,0.134062,0.228528,-0.117692,0.102074,0.609068
-9.4246,3.1927,1.78248,0.432172,0.508518,-0.387008,-0.595637,-0.12179,0.584205,0.612404,0.015515,0.13256,-0.278657,-0.0456457,-0.377126,0.259241,0.560601,-0.0701457,0.0163593,0.538357
-9.29663,3.3647,1.5998,-0.184039,0.282335,-0.224533,-0.161722,0.0586424,0.310809,0.143679,-0.126921,0.68528,0.38024,-0.195424,-0.852482,0.0208117,1.01951,0.343708,-0.431216,0.300971
-9.24136,2.9909,1.3679,-0.19052,-0.464537,-0.207262,-0.0643907,0.108001,-0.00309845,-0.0751368,-0.0126276,0.326775,0.228139,-0.176011,-0.823786,-0.233213,0.862953,0.555815,-0.299641,0.238192
-8.59319,2.64093,0.819778,-0.0327229,0.152414,-0.274362,-0.244188,0.245038,0.0637216,-0.0475212,-0.00430875,-0.0659142,-0.0788889,0.0805906,-0.461071,-0.035114,0.492872,0.423726,-0.254305,0.208728
-7.18347,2.88141,0.688696,0.0273352,-0.386466,0.177511,-0.164573,0.617737,0.515406,-0.498587,-0.194986,0.224987,-0.176089,0.090229,0.00559359,0.077846,0.41253,0.287069,-0.158651,0.496436
-7.09416,2.66342,0.593835,-0.178056,-0.403378,0.178362,-0.178434,0.698521,0.43807,-0.598573,0.0975877,0.236132,-0.119289,0.0354101,0.0208293,0.159102,0.118061,0.414302,-0.0379335,0.453005
-7.14395,2.74852,0.739578,-0.264669,-0.354561,-0.00731227,-0.418648,0.932742,0.461948,-0.821956,0.0374788,0.58567,-0.0555554,0.123048,-0.0322511,-0.0521304,0.242938,0.0321397,-0.0468515,0.366302
-7.90135,2.93651,0.721438,-0.200176,-0.363366,-0.0676166,-0.459155,0.687283,0.288491,-0.474177,0.472278,0.536223,-0.159541,0.0846294,-0.319291,-0.106427,0.282255,0.08816,0.119926,0.352966
-9.22245,2.56766,1.34062,-0.248053,-0.333605,0.0321269,-0.454887,0.315813,0.261498,-0.417371,0.0304322,0.503595,0.0259419,0.253142,-0.404183,-0.0923458,0.473757,0.00115671,-0.131545,0.534434
-9.7695,2.45423,1.2344,-0.171302,-0.105061,-0.524443,-0.840066,0.18638,-0.0115792,-0.209836,0.165443,0.322251,0.0837814,-0.141467,-0.489746,-0.0566561,0.472577,0.251318,-0.272871,0.229617
-8.92936,2.28844,1.00627,0.106683,-0.0548909,-0.43598,-0.653073,0.423757,-0.0494837,-0.13794,0.305596,0.593893,-0.0807631,-0.191467,-0.391544,0.165773,0.542732,0.14635,-0.311545,0.167892
-8.51558,2.54022,1.5216,0.282779,-0.291982,-0.134408,-0.441134,0.759652,0.283592,-0.555395,0.239319,0.347981,-0.112647,-0.00226075,0.221763,0.138776,0.0189537,-0.0196432,0.138016,0.261817
-8.32168,2.60943,1.07403,0.227577,-0.240526,-0.00665684,-0.281991,0.739375,0.275525,-0.655437,-0.0109787,0.523438,0.0110687,-0.172861,-0.138799,0.132236,0.22923,-0.155328,-0.0508472,0.396481
-8.86547,2.00488,0.862027,0.198861,-0.267819,-0.477477,-0.578619,0.586601,0.0261308,-0.285829,0.183217,0.058674,-0.173006,-0.152412,-0.158077,0.149954,0.375706,0.259119,0.0516927,0.417329
-9.02336,1.44677,0.923075,0.169119,-0.190778,-0.479071,-0.854079,0.0807427,-0.170622,-0.000211801,0.357138,-0.234213,-0.178298,-0.178234,-0.283472,0.108379,0.26979,0.0431885,0.0353392,0.384093
-8.65017,1.32234,0.940152,0.19817,-0.613847,-0.432289,-0.815018,0.177801,-0.17265,-0.000778693,0.396157,-0.0441246,0.0964378,-0.187044,-0.179838,0.0711225,0.394158,0.196806,-0.0684626,0.348263
-8.53214,1.39987,0.820386,0.280298,-0.527359,-0.252303,-0.75721,-0.296326,0.0154977,0.0334939,0.505106,0.00617079,0.232109,-0.256578,-0.265375,-0.0692599,0.18266,0.0956473,0.0885859,0.337138
-8.53042,1.18348,0.485571,0.452789,-0.570745,-1.04399,-0.893961,0.0715537,-0.256149,-0.162979,0.327631,0.0334431,-0.126299,-0.401047,-0.401474,-0.107087,0.127303,0.129914,-0.15493,0.200468
-8.56721,2.19269,0.651245,-0.0522343,-0.377363,-0.109795,-0.841482,0.231011,0.0172473,-0.289932,0.26143,0.286005,-0.0215186,-0.475756,-0.438446,-0.0566711,0.157286,-0.0768811,-0.184545,0.100502
-7.1807,3.01897,0.819421,0.057596,-0.242415,0.230768,-0.457455,0.537962,0.218482,-0.428371,-0.0452107,0.240062,-0.0912081,-0.340946,0.0412488,0.28474,-0.121952,0.242814,-0.298881,0.295358
-7.17914,2.77961,0.722892,-0.31041,-0.475062,0.325659,-0.408635,0.834042,0.441143,-0.497594,-0.164047,0.503646,-0.0325112,-0.0579213,0.316723,-0.11129,-0.123953,0.0323391,0.0689696,0.642178
-6.96958,2.40319,0.486932,-0.15513,-0.33198,0.512219,-0.389034,0.611059,0.479796,-0.724397,-0.0514838,0.54815,-0.0223379,-0.12935,0.391302,0.0786742,-0.0640863,0.285743,-0.00506128,0.545367
-6.68509,2.41659,0.546737,-0.0884802,-0.148559,0.370387,-0.354518,0.340243,0.467787,-0.660888,0.13191,0.486352,-0.244761,-0.15763,0.157351,0.0825975,0.0797622,0.0933301,0.0209549,0.542468
-6.6598,2.07112,0.54137,0.154757,-0.135798,-0.17299,-0.178258,0.658824,0.289987,-0.433078,0.0949982,0.318828,-0.171837,-0.200598,0.122842,0.170198,-0.0207833,0.037144,0.151244,0.481601
-6.71873,1.56774,0.817616,0.271363,-0.309135,-0.191235,-0.0439528,0.91586,0.114415,-0.779061,0.170055,0.400459,-0.146584,-0.139514,0.26306,0.191429,-0.111509,-0.209005,0.265239,0.470387
-6.83504,1.96103,0.808498,0.341798,-0.489144,-0.206611,-0.0744327,0.906533,0.0388082,-0.31966,0.232629,0.0935004,-0.417855,-0.0206058,0.286118,-0.0690093,-0.0572695,0.205587,0.0298368,0.366487
-7.21877,1.97565,0.978462,0.431354,-0.478995,-0.212634,-0.189271,0.537892,0.10894,-0.170468,0.382923,0.234305,-0.357498,0.162099,-0.0424926,0.0295367,0.153842,0.366943,-0.103675,0.33101
-7.53655,2.0942,1.15175,0.653446,-0.828518,-0.398749,0.0676852,0.59314,0.00528639,-0.282265,0.112267,0.251279,-0.0561009,0.0542809,-0.158034,0.0429397,0.222698,0.0920559,-0.0577849,0.293565
-7.48256,2.02895,1.12608,0.806767,-0.83148,-0.432193,0.0140762,0.487222,0.137107,-0.215719,0.178866,0.154042,-0.0248727,0.184305,-0.140245,-0.00474079,0.109731,0.168228,-0.15772,0.421638
-7.7778,2.23973,0.962111,0.666217,-0.931221,-0.353599,0.110979,0.433391,0.00623848,-0.114915,0.295273,0.0927025,0.0780862,0.253979,-0.158057,-0.145039,0.00869555,0.343366,0.108982,0.338844
-7.85302,2.07822,1.03669,0.700106,-1.07062,-0.296874,0.0293839,0.484175,-0.0406781,-0.206708,0.108898,0.228295,-0.006269,0.0325545,0.0201345,0.0284092,0.101198,0.129757,-0.0437738,0.349128
-7.46444,2.10918,0.952358,0.432988,-0.831083,-0.504158,0.0408863,0.609795,0.0342945,0.0639725,0.240888,-0.0159184,-0.179665,0.245803,0.0153079,-0.0310955,-0.14829,0.208391,-0.059426,0.605806
-7.68953,2.05543,0.933863,0.632911,-1.00325,-0.539149,0.158052,0.732967,-0.00281272,-0.124117,0.122067,0.0640794,-0.219494,0.199736,-0.0534809,-0.0488879,0.129841,0.285034,-0.127616,0.469211
-7.83443,1.80035,1.03074,0.342414,-0.828161,-0.198698,0.100961,0.746396,0.171261,-0.448999,0.210467,0.39901,-0.306263,0.0312859,-0.0685105,0.0919295,-0.0416409,0.46448,-0.133938,0.522276
-8.03363,2.03451,0.48658,0.414425,-0.587277,-0.181654,-0.0423338,0.791024,0.143347,-0.184054,0.288617,0.230561,-0.223783,0.251785,0.430821,-0.0560605,-0.145776,0.326672,-0.243474,0.410506
-8.02122,2.20635,0.606698,0.435979,-0.582571,-0.264761,-0.0644483,0.60732,0.114992,-0.225673,0.125381,0.324955,-0.030576,0.0130026,0.0239959,0.152746,0.0860342,0.295071,-0.124026,0.235252
-8.17682,2.40598,0.312825,0.538697,-0.743978,-0.223947,0.0923413,0.589557,-0.0422552,-0.265123,0.509023,0.52965,-0.303396,-0.0821763,-0.0711388,0.063338,0.0159782,0.49839,-0.162597,0.332927
-8.55779,2.36905,0.19936,0.218374,-0.377621,-0.547677,0.029172,0.70601,0.296376,-0.322978,0.172488,0.530886,-0.211493,0.101711,0.243369,0.195138,-0.239286,0.273317,-0.237547,0.310317
-8.92726,2.50083,0.518951,0.406892,-0.597209,-0.606582,-0.217182,0.447831,0.103841,-0.364548,0.159667,0.328298,-0.361046,0.0994511,0.0394157,0.104367,-0.252005,0.184891,-0.125602,0.53069
-9.40175,2.61044,0.687453,0.40607,-0.53464,-0.961793,-0.323372,0.506553,0.0856639,-0.265725,0.0114842,0.170198,-0.212213,-0.0216982,0.144088,0.0216794,-0.195713,0.111852,-0.0899861,0.346828
-9.81853,2.756,0.762536,0.0375555,-0.685115,-0.821616,-0.398877,0.359551,-0.156186,-0.533271,-0.0542284,0.438942,0.0828545,-0.313679,-0.165919,-0.0237859,0.0354761,0.209625,-0.00897112,0.239443
-9.99139,2.77904,0.794761,-0.0728705,-0.732309,-0.954901,-0.536255,0.50366,-0.248919,-0.602638,-0.0221413,0.304055,0.111272,-0.117507,-0.319851,-0.0309924,0.101667,0.158317,-0.0286343,0.251089
-9.90038,2.86543,0.90758,-0.413282,-0.587584,-0.704023,-0.524684,0.423342,-0.251859,-0.557774,-0.0273352,0.15084,-0.037246,0.0453152,-0.479099,-0.0780714,-0.0036007,0.280753,-0.392943,0.369656
-10.4362,3.01302,0.820796,-0.354374,-0.546688,-0.808913,-0.651289,0.587994,-0.142188,-0.517251,-0.101222,-0.0259933,0.029864,0.116324,-0.350522,-0.0233962,0.165553,0.0557646,-0.237939,0.350121
-10.7527,2.59042,0.80721,-0.410461,-0.736353,-0.856191,-0.589816,0.429736,-0.0187731,-0.435166,0.0165203,-0.150318,-0.0898036,0.074238,-0.194753,0.124796,0.229294,0.0913669,-0.31232,0.454205
-10.9904,2.82874,0.906445,-0.277489,-0.681754,-1.04141,-0.372152,0.197171,-0.0848905,-0.357862,0.106854,0.0773923,-0.092153,0.0221844,-0.232386,0.080849,-0.0402813,0.0678469,-0.374662,0.464416
-10.5817,2.55759,0.693714,-0.258716,-0.550939,-0.777822,-0.575158,-0.101884,0.0157109,-0.185846,0.169856,0.0793797,0.0549461,0.214513,-0.403135,-0.121716,-0.0721567,0.0523952,-0.227588,0.136489
-10.6658,2.80824,0.964281,-0.514554,-0.584208,-0.795956,-0.660688,0.00361649,-0.0787106,-0.396452,0.233236,0.108683,0.0494809,0.0571122,-0.369768,-0.103109,-0.0592375,0.179727,-0.192304,0.220385
-11.008,2.99806,1.22934,-0.465748,-0.612848,-0.587529,-0.853374,0.0254851,-0.120715,-0.381989,0.181256,0.324923,-0.0558673,-0.160611,-0.531645,0.0883035,0.218628,-0.110162,-0.177491,0.168257
-10.8575,3.02717,1.1482,-0.294343,-0.446446,-0.744343,-0.601126,-0.280757,-0.418346,0.00542075,0.242492,-0.0279498,-0.271011,-0.119588,-0.376935,-0.0671946,0.0819332,0.0599786,-0.108306,0.421362
-11.0585,3.16165,1.08659,-0.394005,-0.316913,-0.725014,-0.798637,-0.304442,-0.521679,-0.326552,0.29072,0.269815,-0.240346,-0.358366,-0.630815,-0.308468,0.200683,0.210455,0.147654,0.33679
-10.8659,2.98907,1.35987,-0.573795,-0.372904,-0.759248,-0.723221,-0.012596,-0.444086,-0.56503,0.445521,0.27843,-0.407794,-0.130402,-0.470905,-0.169455,0.120194,0.181584,0.100952,0.514959
-11.3262,3.22998,1.23586,-0.462937,-0.404342,-0.840138,-0.792836,-0.0409619,-0.293376,-0.34,0.485373,-0.243159,-0.443422,0.276289,-0.299098,-0.0120826,-0.0151171,-0.0651327,0.24372,0.528444
-10.9041,2.7292,1.15138,-0.609775,-0.446284,-0.914431,-0.846954,0.0829127,-0.0899098,-0.413999,-0.00334246,-0.0245875,-0.139391,0.104764,-0.429181,-0.0242588,0.0507186,0.0703173,0.151704,0.613026
-11.1466,2.68045,1.21722,-0.482172,-0.527754,-0.626296,-0.696514,-0.156479,-0.205797,0.0628241,-0.152932,-0.118142,-0.144253,-0.193625,-0.398715,0.389708,0.186789,-0.152309,-0.102051,0.554025
-11.1504,2.73054,1.19568,-0.653628,-0.616873,-0.630713,-0.433496,-0.25448,-0.238468,-0.28205,-0.219938,0.262885,0.0269648,-0.0591323,-0.375494,-0.00429019,-0.179315,0.00107104,0.145567,0.214202
-10.2148,2.76882,0.431319,-0.634999,-0.0246262,-0.522415,-0.819309,-0.233976,0.0766799,-0.0177038,0.0440668,-0.0699732,0.145457,0.434807,-0.391953,-0.396202,-0.152948,0.00216175,0.0161561,0.234246
-10.4351,3.03109,0.478342,-0.480307,-0.12667,-0.664444,-0.779646,0.118414,-0.0396193,-0.096097,0.114558,-0.0750786,0.0954871,0.338687,-0.516101,-0.536244,-0.114501,0.0302846,0.119571,0.250196
-10.2678,2.78292,0.760919,-0.535665,-0.306546,-0.917986,-0.866643,0.168278,-0.0920415,-0.13062,0.0364944,-0.147348,0.0994812,0.234333,-0.604044,-0.46463,0.102437,0.372593,-0.0401119,0.178568
-10.4676,2.92162,0.777294,-0.34814,-0.608879,-0.775828,-0.629942,-0.239159,-0.275849,-0.114391,0.00273701,0.132605,-0.000794264,0.035038,-0.655995,-0.271675,0.19254,0.106072,-0.0731431,0.274564
-10.6437,2.76098,1.07799,-0.240091,-0.225188,-0.95848,-1.19459,-0.224545,0.0678134,-0.0441086,-0.0176209,0.0244789,-0.0847205,0.0052791,-0.609581,-0.385987,0.220098,0.351484,-0.032938,0.152945
-10.5374,2.88916,0.917882,-0.569829,-0.140772,-0.630995,-1.03563,-0.248837,-0.147554,-0.28328,0.102883,0.0774524,-0.208986,-0.00773927,-0.500395,-0.453009,0.0653128,0.564384,-0.0901127,-0.0291542
-10.7548,2.86933,1.07726,-0.550329,-0.300589,-0.472019,-0.936414,-0.202832,-0.0400088,-0.385788,0.0604699,0.256759,-0.115634,-0.0112687,-0.423919,-0.704046,-0.0492592,0.482383,0.268455,0.14737
-10.716,2.60742,1.02169,-0.686626,-0.20271,-0.507877,-0.878538,-0.492139,-0.169553,-0.0671368,0.105631,-0.0356406,-0.165086,-0.112955,-0.741741,-0.2589,0.00519296,0.215216,-0.0896913,0.143651
-10.7949,2.43259,1.04667,-0.400727,-0.401592,-0.651898,-0.912878,-0.366096,0.0656893,0.0969723,0.118567,-0.0987754,-0.252037,-0.124478,-0.498664,-0.0217333,0.133941,-0.156533,-0.351722,0.249304
-10.8719,2.41794,1.2407,-0.373141,-0.445701,-0.876823,-0.676245,-0.191357,0.208278,-0.0221418,0.133722,0.0449655,-0.359862,-0.106409,-0.199233,0.039628,-0.0498885,-0.0794782,-0.400277,0.38228
-10.9582,2.52558,1.15866,-0.47855,-0.66516,-0.962121,-0.800806,0.134859,0.258713,-0.311852,-0.126086,0.191139,0.171549,-0.132689,-0.795214,0.0686698,0.291418,-0.0701068,-0.246069,0.140644
-10.9464,2.66816,1.25351,-0.578629,-0.37744,-0.964417,-1.08017,0.173168,0.317238,-0.273486,-0.401583,0.0792044,0.187235,-0.14975,-0.359765,-0.325982,0.255593,0.244214,-0.414222,0.0606936
-10.9353,2.7588,1.1654,-0.463289,-0.51017,-0.697493,-0.734833,-0.213675,-0.0849277,-0.289502,-0.412969,0.174877,-0.00143589,0.0862445,-0.4942,-0.212756,-0.0528115,0.00125083,0.0632796,0.131598
-10.4346,2.73393,0.981679,-0.784266,-0.286597,-0.859568,-0.883144,-0.121717,-0.0260809,-0.380394,-0.358991,0.0657523,0.128818,-0.021028,-0.515602,-0.29928,0.383456,0.144025,-0.114923,0.182204
-10.5988,2.69575,1.15984,-0.566529,-0.587264,-0.891402,-0.825543,-0.109033,0.157849,-0.304875,-0.265453,-0.141414,0.189341,0.345559,-0.772294,-0.115096,0.297954,0.282956,-0.0726004,0.097287
-10.6253,2.67431,0.926234,-0.482027,-0.427559,-0.609799,-1.15711,-0.15771,0.138082,-0.419678,-0.495515,-0.021472,0.234242,0.0946852,-0.59197,-0.167012,0.268142,0.092496,-0.188303,0.0934366
-10.4253,2.66444,0.952812,-0.659315,-0.302193,-0.646423,-1.09841,-0.35025,0.104738,-0.165572,-0.376632,0.036888,0.177849,-0.279651,-0.636193,0.140073,0.329803,0.0148637,-0.211843,0.286665
-10.6123,2.71545,0.851016,-0.403852,-0.610922,-0.651889,-1.06996,-0.114923,0.278431,-0.745444,-0.222186,0.419449,-0.148916,-0.342846,-0.675899,-0.23096,0.430558,0.265191,0.000209583,0.0491221
-10.1683,2.36094,0.814339,-0.436634,-0.527476,-0.823255,-0.85374,-0.132022,0.048471,-0.447533,-0.187856,-0.0612673,-0.0291996,-0.200773,-0.610619,-0.109602,0.259945,0.30905,-0.104828,0.314473
-10.448,2.59726,0.600995,-0.444171,-0.528295,-0.720512,-1.21016,-0.47347,0.225034,-0.403671,-0.512775,0.165869,-0.158858,-0.172472,-0.519193,-0.21993,0.198826,0.0635614,-0.0933924,0.269673
-9.95605,2.31665,0.843492,-0.207775,-0.563023,-0.91376,-0.761965,-0.344019,-0.359424,-0.177839,-0.231842,0.42964,0.301189,0.0374896,-0.397497,-0.130456,0.018111,0.27334,-0.296425,0.28175
-10.2875,2.3366,0.857727,-0.322424,-0.371442,-0.878822,-0.772999,-0.304144,0.133598,-0.161682,-0.413687,0.5585,0.431377,0.0500311,-0.515003,-0.412396,0.171909,0.278654,-0.302196,-0.012526
-10.0581,2.39197,0.789141,-0.100293,-0.65118,-0.665579,-0.788572,-0.24304,0.16351,-0.302475,-0.236556,0.40766,0.402968,-0.0384331,-0.404557,-0.031862,0.333772,-0.101503,-0.416768,0.09592
-10.2098,2.51093,0.915877,-0.201586,-0.572403,-0.48649,-0.89403,-0.460555,0.0816008,-0.262836,-0.0669308,0.33583,0.0210541,0.186717,-0.483827,-0.181398,0.347339,0.123062,-0.306574,0.1534
-10.1221,2.55747,0.916671,-0.0874073,-0.804704,-0.711368,-0.764008,-0.426056,-0.0130468,-0.0846239,-0.29918,0.00178163,0.0204695,0.055714,-0.711428,-0.244897,0.534812,0.0723564,-0.244261,-0.0252068
-9.86882,2.31234,0.825963,-0.576515,-0.495133,-0.6998,-0.911194,-0.676953,-0.199725,-0.120849,-0.219651,0.0724853,0.0310749,-0.0995903,-0.55065,-0.0424268,0.0330806,0.269008,-0.154969,0.246928
-10.3239,2.56737,0.822219,-0.377964,-0.935631,-0.829437,-1.04254,-0.72414,0.0890496,-0.395293,-0.0906915,-0.0134642,-0.189436,-0.112437,-0.450943,-0.121127,0.353051,-0.00987604,-0.0934257,0.0336342
-10.2479,2.40186,1.23093,-0.521968,-1.00381,-1.19615,-0.850469,-0.160981,0.0616567,-0.231755,-0.633579,0.0440605,-0.0536686,-0.089013,-0.549048,-0.368631,0.285228,0.194474,-0.249043,0.103871
-10.0663,2.49815,0.882914,-0.605914,-0.854151,-0.896817,-0.656535,-0.2377,0.00579065,-0.245093,-0.464571,0.0868398,-6.70529e-05,0.155661,-0.659732,-0.227625,0.281435,0.000497886,-0.104234,0.128106
-10.0942,2.30427,0.89811,-0.533016,-0.816272,-0.939534,-0.805826,-0.228326,0.0882752,-0.188441,-0.763293,-0.159124,0.320853,-0.0532263,-0.592729,-0.167755,0.211115,0.00937387,-0.123566,-0.116176
-10.5108,2.2035,1.00447,-0.433427,-0.641853,-0.920625,-1.19921,-0.477747,0.105235,-0.245946,-0.61526,-0.195213,-0.118566,-0.0760049,-0.695901,-0.0832669,0.218352,0.0748885,-0.343471,-0.369928
-10.5217,2.67775,0.876496,-0.918227,-0.52029,-0.748467,-1.06183,0.123268,-0.125954,-0.657691,-0.13464,-0.051285,-0.144674,0.127737,-0.766809,-0.21956,0.417809,-0.297942,-0.298626,0.0810672
-9.84715,2.4758,0.802499,-0.536048,-0.308952,-0.894946,-0.805268,0.0074197,-0.0525343,-0.443581,-0.278427,0.286687,-0.160642,-0.095165,-0.607421,0.0580034,0.110102,-0.0435744,-0.253704,0.362319
-10.1184,2.46056,0.614733,0.133445,-0.678454,-1.15567,-0.931415,-0.221427,0.194883,-0.204442,-0.46624,-0.0101705,-0.0784879,-0.180373,-0.650679,0.112329,0.498836,-0.203154,-0.447365,0.170521
-9.95273,2.42658,0.807892,-0.564102,-0.454045,-1.05294,-1.04048,-0.379618,0.411403,-0.345185,-0.303333,-0.00137031,-0.216815,-0.211959,-0.740335,0.136894,0.257339,-0.0491833,-0.452728,0.416388
-10.4477,2.49485,1.19307,-0.544026,-0.531013,-0.991332,-1.12983,-0.184389,0.0930628,-0.191863,-0.228933,0.306674,0.0369088,-0.498641,-0.809648,0.129883,0.252685,0.0135493,-0.0759878,0.0615243
-10.1908,2.325,1.31118,-0.421738,-0.425833,-1.02007,-1.01878,-0.0405769,0.193505,-0.115407,-0.175691,0.0346495,0.204748,0.0387039,-0.833872,-0.319373,0.487727,0.159391,-0.200542,0.0523418
-10.2386,2.4657,1.27673,-0.15061,-0.690722,-0.806481,-0.758425,-0.218092,0.00203908,0.076823,0.0725164,0.176877,-0.0548675,0.193491,-0.654655,-0.223767,0.453064,0.184461,-0.189467,0.103843
-10.1662,2.30323,1.37891,-0.457395,-0.475577,-0.943949,-1.12294,-0.137882,0.297969,-0.00973511,-0.255908,0.031033,0.0360697,-0.0353083,-0.472116,-0.00627261,0.596798,0.183272,-0.492026,-0.0331557
-9.99414,2.33867,0.775019,-0.901226,-0.496079,-0.846004,-0.936541,-0.246059,-0.0279244,0.0357469,-0.333074,0.108247,0.0539065,0.0751428,-0.572427,0.131477,0.597922,0.186057,-0.568448,0.0656025
-10.0891,2.3185,0.537294,-0.374388,-0.758762,-0.872809,-0.711194,-0.255406,0.0814593,-0.0925094,-0.0676347,0.370636,-0.144202,-0.0131712,-0.0206656,-0.0280982,0.397798,0.404149,-0.105573,-0.0974955
-9.6824,1.90186,0.77255,-0.170483,-0.567656,-1.03197,-0.761894,-0.2633,0.105642,-0.202609,-0.0551018,0.27786,-0.111583,0.290872,-0.269726,0.0255799,0.440935,0.16577,-0.170263,0.485671
-9.82981,2.18326,0.671342,-0.286641,-0.990218,-1.10288,-0.663008,-0.131599,0.133288,-0.233653,-0.251576,0.22307,-0.146161,-0.198539,-0.369653,0.044802,0.540555,0.0529625,-0.25841,0.276524
-9.86111,2.14813,0.945118,-0.139299,-0.947611,-1.1852,-0.863382,-0.00730467,0.293521,-0.479373,-0.293033,0.160518,-0.00884111,-0.157867,-0.351962,-0.183253,0.390277,0.299028,-0.32773,0.300159
-9.75858,2.1067,0.575479,-0.29972,-0.451693,-1.16859,-1.2906,-0.281228,0.315683,-0.0478254,-0.510878,0.0669046,-0.154027,-0.0415422,-0.333018,0.10353,0.120183,0.0910998,-0.170424,0.385875
-9.78402,2.16089,0.805547,-0.261814,-0.743763,-1.11634,-1.1984,-0.375223,0.407563,-0.297486,-0.562183,0.295582,-0.237661,0.0026732,-0.295151,-0.275367,0.493226,0.225375,-0.0246159,0.0260626
-9.8904,2.29895,0.800373,-0.106389,-0.540199,-0.962309,-0.996756,-0.580178,0.100536,-0.150144,-0.231199,0.166144,-0.0587695,-0.0848527,-0.324392,0.0303402,0.285883,0.497816,-0.37499,0.333275
-10.126,2.33882,0.513049,-0.186206,-0.605352,-1.0094,-1.30563,-0.429526,0.344658,-0.603296,-0.552157,0.295243,-0.143784,0.235751,-0.314487,-0.328849,0.522875,0.374898,-0.187702,0.0517353
-9.9685,2.25223,0.735013,-0.260478,-0.330062,-1.05041,-1.09816,-0.215415,0.0784604,-0.300555,-0.58101,0.317071,0.128714,0.00960113,-0.290766,-0.0110145,0.0982737,0.405882,-0.152245,0.489364
-10.4493,2.32991,0.729654,-0.191203,-0.512973,-0.879041,-0.851963,-0.147836,0.194837,-0.663257,-0.619796,0.485332,-0.0235296,0.139956,-0.304282,-0.528709,0.257971,0.230141,-0.15879,0.198713
-10.0751,2.06815,0.865368,-0.00267916,-0.489233,-1.0588,-0.873775,-0.00583322,0.529203,-0.251826,-0.593566,0.133319,0.354888,0.0848913,-0.66557,-0.347247,0.0554576,0.252575,-0.394023,0.445226
-10.1542,2.29216,0.559049,-0.378004,-0.834945,-0.831875,-0.779253,-0.0346854,0.488661,-0.159724,-0.536903,0.288368,0.296481,-0.00180051,-0.697757,-0.356416,0.0717396,0.107137,-0.0917761,0.0710976
-9.84743,2.17153,0.54463,-0.565665,-0.707842,-0.716941,-0.819677,-0.24527,0.466713,-0.273028,-0.338026,0.195122,0.265477,-0.172921,-0.687443,-0.153363,-0.0381433,0.126448,-0.478338,0.244842
-10.0838,2.28638,0.510329,-0.518806,-0.472814,-0.925122,-1.07187,-0.365367,0.133758,-0.252524,-0.338426,0.026664,-0.192047,-0.0299269,-0.579323,-0.200834,-0.153777,-0.0905086,-0.330313,0.252713
-10.0731,2.43292,0.679278,-0.265743,-0.77637,-0.866744,-0.814257,-0.333234,0.087293,-0.194806,-0.363,0.0293042,-0.10055,-0.0517345,-0.722649,-0.278512,0.16726,-0.131094,-0.182687,0.186474
-9.69416,2.19528,0.920514,-0.196275,-0.753456,-0.892244,-0.927053,-0.364793,0.293926,-0.389936,-0.160614,0.160667,-0.426758,-0.272764,-0.557369,0.158033,0.0252909,-0.0465523,-0.417534,0.242296
-10.0429,2.36383,0.791934,0.0556793,-0.901226,-1.02247,-0.939241,-0.417566,0.0462836,-0.0877184,-0.379707,0.266741,-0.156318,-0.299216,-0.710029,0.0321718,0.4931,-0.0404009,-0.479462,0.101185
-9.88057,2.23618,1.11905,-0.158906,-0.589884,-0.953912,-0.851859,-0.411433,-0.00763604,-0.0449558,-0.278253,0.156582,-0.284953,0.0768859,-0.314061,-0.183962,0.232075,0.0788312,-0.304267,0.369283
-10.166,2.57511,0.919619,-0.129139,-0.577443,-1.12712,-0.757014,-0.175354,0.0698974,-0.244532,-0.466741,-0.0696211,0.0472646,0.0989433,-0.546304,-0.0531215,0.361522,0.278286,-0.130081,0.0118386
-9.61713,2.29826,0.619165,-0.223402,-0.569088,-0.778378,-0.750503,-0.234073,0.203218,0.0465745,-0.455018,-0.236809,0.0533,0.359641,-0.183605,-0.0251371,0.0720984,0.0652965,-0.167333,0.353485
-9.52847,2.46662,0.713981,-0.149057,-0.567543,-0.836016,-0.635631,-0.135387,0.16241,-0.0986472,-0.275239,0.00119358,-0.0393818,0.421562,-0.128547,0.102448,0.057397,-0.0601784,0.0742034,0.467374
-9.66039,2.60196,0.191669,-0.271655,-0.533008,-0.89377,-0.84649,-0.144999,0.081507,0.0572139,-0.431804,-0.196718,0.127287,0.0513001,-0.258024,0.120513,0.138715,-0.101748,0.0446281,0.330349
-9.92589,2.61573,0.62904,-0.393618,-0.511019,-0.860685,-0.574589,-0.127383,0.18764,0.000159538,-0.581239,-0.133197,0.210659,0.236448,-0.47112,-0.0824976,0.0452572,0.157087,-0.335856,0.427014
-10.0638,2.65296,0.557202,-0.385184,-0.742123,-0.711512,-0.264323,-0.0656957,-0.212878,-0.161028,-0.584585,0.0546584,0.158848,0.0283019,-0.250153,0.0768045,0.0634176,-0.0486043,-0.178808,0.283956
-10.1264,2.40191,0.758871,-0.477374,-0.50855,-0.772881,-0.540924,-0.013773,-0.00761258,-0.176182,-0.553109,0.191612,-0.0475262,0.154889,-0.203239,-0.0892873,0.0308329,0.216938,-0.324746,0.326131
-10.2388,2.83141,0.334257,-0.362694,-0.468803,-0.727212,-0.543697,-0.252543,-0.0466919,-0.166227,-0.133718,0.131844,0.128724,-0.162835,-0.620878,-0.00157067,0.059037,0.114936,0.0448182,0.376915
-10.0859,2.44293,0.845714,-0.273885,-0.784583,-0.766475,-0.603927,-0.0855415,-0.143861,-0.286018,-0.268045,0.286773,0.00792374,-0.197187,-0.657544,-0.030195,0.149723,0.0971075,0.0336597,0.28255
-10.1066,2.54586,0.693155,-0.138074,-0.779919,-1.00662,-0.739806,-0.0524738,-0.13651,-0.462335,-0.398164,0.175893,0.0867106,-0.0268765,-0.491088,0.0726122,0.216442,0.252802,-0.0938346,0.00897831
-10.4506,2.64689,1.02251,-0.356017,-0.605238,-0.729471,-0.901414,-0.328036,-0.0409564,0.0287395,-0.323953,-0.0568349,0.0138061,-0.0820441,-0.334016,-0.0452849,0.0925831,0.422615,-0.0571956,0.0578857
-10.5353,2.3585,0.884639,-0.245808,-0.667777,-0.727247,-0.816329,-0.319952,-0.0634824,-0.293803,-0.065223,0.189748,-0.117927,-0.094727,-0.327971,-0.0707788,-0.0316957,0.243638,0.171851,0.453496
-10.8357,2.77183,0.829025,-0.166976,-0.635655,-0.803568,-0.939429,-0.313617,0.232974,-0.190505,-0.315224,0.0555417,-0.160515,-0.160077,-0.278607,-0.133007,0.183505,0.306844,0.0423802,0.241215
-10.4425,2.71638,1.06871,-0.0917011,-0.878788,-0.885198,-0.721715,-0.376481,0.0286965,-0.281218,-0.266963,0.136861,-0.00581342,-0.238102,-0.638286,0.0105619,0.182761,0.125543,-0.028359,0.36683
-10.6708,2.89933,1.07727,-0.110507,-0.821699,-0.786424,-0.695585,-0.1838,0.067396,-0.336585,-0.527593,0.192826,0.048588,-0.206767,-0.682166,-0.082478,0.0522853,-0.122176,-0.0953605,0.329058
-10.2184,2.72943,0.983471,-0.346763,-0.79287,-0.791078,-0.737441,-0.105578,0.102224,-0.39224,-0.711061,-0.106782,0.0822404,-0.0942182,-0.436268,0.0245903,-0.293733,0.0734666,-0.142643,0.240593
-10.44,2.7747,0.768367,-0.247908,-0.989372,-0.840279,-0.585512,-0.267352,-0.176251,-0.49903,-0.430565,0.0567483,-0.065718,0.0632236,-0.32219,-0.353301,-0.0819793,-0.00724624,0.0141112,0.282281
-10.4257,2.74972,0.688724,-0.805627,-0.976717,-0.559456,-0.829943,-0.525411,-0.170355,-0.304499,-0.192557,0.014416,-0.00705099,0.050345,-0.484764,-0.124019,-0.0313594,0.00340932,-0.124414,0.354924
-10.5148,2.82182,0.460461,-0.315335,-0.797626,-0.915096,-0.986664,-0.481122,-0.288553,-0.265312,-0.245453,-0.0113086,-0.19422,-0.0818443,-0.395776,-0.104664,-0.197365,0.163625,-0.115504,0.126937
-10.4154,2.91427,0.687193,-0.294613,-0.723005,-0.601706,-0.62254,-0.468856,-0.412275,-0.289162,-0.191254,0.0425133,0.137659,-0.297495,-0.601697,-0.120317,0.114924,-0.00346674,0.0497918,0.211939
-10.2788,2.86244,0.757612,-0.0770385,-0.495163,-0.692943,-0.48838,-0.483891,-0.299789,-0.345114,-0.305581,0.294935,0.0420058,-0.351923,-0.731446,-0.103591,0.0589052,0.348799,0.0359971,0.204874
-10.8037,3.09925,1.00927,0.0199597,-0.609987,-0.574837,-0.749281,-0.363862,-0.222608,-0.226348,-0.162727,0.163671,0.118795,-0.25857,-0.733672,-0.209739,0.168314,0.191175,0.144497,0.305574
-9.9981,2.63015,0.715531,-0.127795,-0.329216,-0.525699,-0.651181,-0.436075,-0.34036,-0.325213,-0.24499,0.17456,0.213749,-0.0540635,-0.600245,-0.150455,-0.0502746,0.288528,0.0760419,0.468634
-9.68389,3.43559,1.16428,0.835046,0.219386,-0.0740921,-0.365353,0.000715416,-0.0674845,-0.137178,0.136857,0.534885,0.105746,-0.238551,-0.315323,-0.401039,0.0235826,0.144823,0.0704153,0.209764
-9.71282,3.09873,1.32117,0.858445,0.0859978,-0.411392,-0.263087,0.216368,0.106735,0.140522,0.2788,0.421754,0.0600054,0.258259,-0.16951,-0.215221,-0.227933,0.245614,0.272136,0.148865
-7.90356,3.27966,0.874453,0.131753,0.0592761,-0.113811,-0.348227,0.256035,0.284149,-0.0911209,0.00167479,0.103419,0.0341186,0.182349,-0.123553,-0.309783,0.129388,0.165846,0.0290182,0.046697
-7.04488,2.56871,0.456643,0.141837,0.0141728,0.0582389,-0.362879,0.756889,-0.00884492,-0.574456,0.191194,0.199452,-0.18549,-0.0976385,0.124495,-0.201635,0.181797,0.163288,0.304251,0.307357
-7.45871,2.51695,0.774609,0.282027,-0.160229,-0.0645864,-0.123126,0.680846,-0.0537385,-0.426982,0.361277,0.252359,-0.226739,0.107051,0.043791,-0.208643,0.0984247,0.1002,0.355708,0.348932
-7.76908,2.86903,0.916977,0.233986,-0.0866637,-0.0377856,-0.287592,0.718799,-0.289086,-0.307017,0.166377,0.251254,-0.344741,0.297857,0.130928,-0.103067,0.109336,0.0218402,0.197398,0.294398
-8.47996,2.99188,1.09974,0.204761,-0.106384,-0.451485,-0.256272,0.651574,0.204884,-0.203513,0.132575,0.33423,-0.167068,0.470467,0.0399911,-0.101118,0.248511,0.0313465,0.2011,0.153881
-8.91838,3.00524,1.38771,0.380679,-0.117633,-0.333184,-0.380444,0.691865,-0.0862737,-0.145298,-0.143025,0.520714,-0.108366,0.145713,0.0698835,-0.216095,0.131226,0.301509,0.415545,0.190211
-8.92467,2.80466,1.37639,0.599919,0.0245969,-0.341501,-0.617238,0.334891,-0.0204238,-0.0100662,0.0278785,0.443508,-0.0381341,-0.122185,-0.229005,-0.113226,0.128757,0.344315,0.614132,0.137468
-8.87222,2.8871,1.05679,0.545597,0.103848,-0.134862,-0.729292,0.3377,-0.0623811,0.0663478,0.0466898,0.296146,-0.256131,0.0690816,0.10272,0.0143899,0.0964989,0.232994,0.32323,0.118293
-8.35486,2.64818,0.901077,0.359516,-0.0594983,-0.0313593,-0.428121,0.745174,-0.127116,-0.456195,0.31658,0.38907,-0.0822872,0.253427,0.112091,-0.151064,-0.00142915,0.17092,0.300294,0.0795667
-7.98666,2.53016,0.776098,0.415049,0.0276883,-0.0738124,-0.077283,0.537448,-0.136346,-0.481866,0.460451,0.299653,-0.28667,0.0410031,0.0820637,-0.222885,0.0463055,0.11916,0.479604,0.0326177
-7.94693,2.31713,0.92881,0.402146,0.124534,-0.258338,-0.464465,0.675429,0.110885,-0.526361,0.429131,0.242638,-0.182524,-0.00890604,0.375191,-0.0460264,0.137672,-0.110452,0.26218,0.305337
-8.32293,2.75466,1.03503,0.316585,0.111182,0.0902198,-0.713282,0.484968,0.2631,-0.567066,0.389612,0.469145,0.103432,-0.164994,-0.0811304,-0.172228,0.227816,0.209704,0.250173,0.26697
-8.57073,2.82509,0.997399,0.466468,-0.0551013,-0.0994887,-0.689506,0.592188,0.318233,-0.302313,0.364731,0.30363,0.169647,-0.130299,-0.000519826,-0.0396836,0.0690462,0.159358,0.175923,0.438442
-9.08643,2.8015,0.712838,0.476578,-0.265741,-0.347009,-0.606359,0.238551,0.16588,-0.0895234,0.369579,0.248016,0.0731611,-0.0551083,-0.159409,0.140156,0.231485,0.0566097,-0.0785791,0.231398
-9.00142,2.38068,0.934112,0.146917,-0.45153,-0.43281,-0.421601,0.085516,-0.10701,-0.126069,0.104432,0.238573,0.0563235,0.129445,-0.149557,0.0531265,-0.133051,0.0253298,0.0174875,0.332937
-9.02705,2.54304,1.08854,0.643335,-0.00611567,-0.434103,-0.41209,0.621599,-0.0254083,-0.322995,0.381254,0.333846,-0.0718749,0.00845612,-0.0752523,-0.176568,-0.141906,0.0626538,0.145797,0.238513
-8.43064,2.39019,1.28933,0.880471,0.0440013,-0.260528,-0.661253,0.516436,-0.260658,-0.208625,0.478268,0.31781,-0.0241123,0.31623,0.0264056,-0.394363,0.25962,0.0312572,0.0529754,0.114424
-8.78839,2.48295,1.25396,0.836646,0.0342531,-0.253706,-0.508307,0.315609,-0.245292,-0.0450475,0.404332,0.236847,0.0329067,0.459661,-0.00348514,-0.364056,0.188109,0.0671535,0.16837,0.228182
-8.10331,1.58364,1.26382,0.220888,0.00848877,-0.472536,-0.0108587,0.382137,-0.166452,-0.0446716,0.499871,-0.0877482,0.180727,0.339337,0.103785,-0.275496,0.048245,0.1214,0.230609,0.225993
-8.04112,0.888819,1.41442,-0.122342,-0.130707,-0.390838,-0.128414,0.220915,-0.211928,0.0276537,0.420408,0.140679,0.132933,0.282659,-0.0795861,-0.338021,0.185599,0.457849,0.10216,-0.0218793
-8.29754,0.927553,1.54874,-0.151066,-0.289214,-0.86891,-0.339706,0.358396,-0.322078,-0.436328,0.0954272,0.548403,0.026126,-0.105121,0.0321109,-0.344376,0.0246711,0.433443,0.0456621,0.0700735
-9.28984,1.82882,1.16898,0.0849515,-0.532621,-0.605894,-0.622121,0.417765,0.0699083,-0.511696,0.136386,0.529199,0.133475,-0.201494,-0.0823504,-0.184894,0.0993023,0.372955,0.191365,0.072086
-9.7543,2.3319,1.07928,-0.0974794,-0.281568,-0.720449,-0.31806,0.140735,-0.507692,-0.126654,0.356438,0.258829,0.083227,-0.122476,-0.293392,-0.336564,0.0817257,0.29138,0.264779,0.306199
-9.77935,2.62281,0.959154,-0.0360672,-0.323447,-0.471093,-0.410216,-0.0930681,-0.569124,-0.0108481,0.177259,0.138259,-0.0617293,-0.104705,-0.398104,-0.465792,0.13483,0.474913,0.270011,0.134104
-10.1574,2.48002,0.974006,-0.28979,-0.431218,-0.520243,-0.498221,-0.00835604,-0.653354,-0.112514,-0.00566738,0.0218121,0.0527684,-0.347672,-0.577235,-0.213459,-0.124022,0.337707,0.218565,0.222886
-9.93013,2.24913,0.892171,-0.191162,-0.24771,-0.655229,-0.788858,-0.0901868,-0.339519,-0.412123,-0.234175,-0.0101544,0.224509,-0.148206,-0.481412,-0.33089,-0.313284,0.238525,0.200611,0.196662
-8.61303,1.7718,1.23752,0.805678,-0.302234,-0.29367,-0.379463,0.061191,0.246042,-0.244492,0.00951109,0.322684,0.225865,-0.122233,-0.373654,-0.221102,-0.329439,0.0347419,0.170241,0.419637
-8.90563,2.92269,1.70043,0.246745,0.368057,-0.0113388,-0.540377,0.519467,-0.0789935,-0.0902877,-0.0524181,0.148293,0.103802,0.081487,-0.127962,-0.173974,0.036755,0.144199,0.3759,0.257975
-8.03227,3.25316,1.05303,0.163619,-0.216109,-0.164777,-0.189676,0.580524,0.099096,-0.433387,-0.160741,0.406316,0.032556,0.00792799,-0.179927,0.0101443,0.071426,0.15878,0.187938,0.0966239
-7.44409,2.64511,0.80428,-0.255907,-0.00727576,0.429675,-0.593713,0.845375,0.377367,-0.441215,0.0971282,0.361527,-0.0925993,-0.00673213,0.0946977,-0.0541375,-0.146679,0.165509,0.281553,0.399893
-7.51369,2.62944,0.590766,-0.214668,0.145371,0.626552,-0.77346,0.782567,0.541297,-0.815851,-0.0362746,0.562901,0.367798,-0.0651044,-0.0471835,-0.112172,-0.0189144,0.128025,0.161848,0.375103
-7.73485,2.56063,0.597746,0.0952701,-0.00556328,0.668832,-0.357278,0.732666,-0.0262197,-0.409516,0.330555,-0.0795002,0.0888403,-0.106029,0.0625944,0.0754597,0.212875,0.0731831,0.209569,0.313121
-7.35048,2.44896,0.621917,0.177089,-0.335848,0.501987,-0.145795,0.644317,-0.0313604,-0.471584,0.389193,0.167501,0.0955459,-0.220316,-0.0925872,0.0581086,0.232809,0.132752,0.326951,0.279708
-7.06381,1.95347,0.472498,0.0569518,-0.00164142,0.552875,-0.505917,0.638634,-0.188751,-0.309442,0.243786,0.146918,0.161162,-0.0567958,0.0269221,0.0715319,0.146404,0.128463,0.403241,0.343694
-7.26573,1.84531,0.79258,0.190318,-0.109227,0.156449,-0.274807,0.67073,-0.18641,-0.379643,0.269073,0.459892,-0.0439312,-0.033582,-0.0757427,0.207785,0.0651805,0.23231,0.247873,0.53721
-7.42688,2.07723,0.709826,0.432069,-0.693153,0.0913242,-0.255453,0.701791,-0.103658,-0.359755,0.481753,0.202273,-0.159966,0.238931,0.338367,0.0315458,0.0169564,0.372736,0.260777,0.273112
-8.01787,2.13104,1.2916,0.909196,-0.89856,-0.0323887,-0.101006,0.241945,-0.0336764,-0.0183587,0.101137,0.272223,-0.101553,0.0739867,0.181524,0.0551901,0.0708115,0.197635,0.041205,0.407172
-8.82284,2.48533,1.08986,0.865065,-0.447938,0.0644082,-0.194837,-0.0306828,-0.0184397,-0.0058304,0.40595,0.474239,0.303015,0.0558456,-0.0367177,0.00745016,-0.155422,0.469334,0.25583,0.186401
-9.20527,2.93555,0.946164,0.509265,-0.258375,-0.215995,-0.484165,0.458184,0.0334024,-0.173498,0.191461,0.440499,0.38339,0.169488,0.00847827,0.00614898,0.0818969,0.319299,0.165961,0.236803
-9.16892,3.02993,0.839708,0.698888,-0.204464,-0.350201,-0.183129,0.373679,-0.0306249,-0.0963279,0.152528,0.230401,0.358419,0.211713,-0.367978,-0.207737,0.045549,0.251127,0.247454,0.26728
-9.41551,3.00894,1.06243,0.222483,-0.18636,-0.245377,-0.106294,0.225057,0.0767274,-0.0787507,0.151441,0.193301,0.382732,0.0333501,-0.307789,-0.00696877,-0.026967,0.195244,0.135551,0.146197
-9.65808,2.80523,0.755324,0.257438,-0.441812,-0.549583,-0.446468,0.0801076,-0.0552683,-0.0579771,0.129766,0.0474292,0.13121,0.115674,-0.161153,0.119968,0.106492,-0.0879845,0.0208462,0.486828
-7.08531,0.43515,0.869234,-0.0496402,-0.880495,-0.0321245,-0.633461,-0.106283,-0.0485386,-0.198869,0.310665,-0.0272813,0.0140664,0.268932,-0.233488,-0.0225794,-0.149587,-0.0141592,0.265882,0.272606
-8.0694,0.808579,1.51961,0.146508,-0.804074,-0.397686,-0.606137,-0.0274457,-0.0126792,0.0281184,0.203886,0.0933514,0.0106905,0.0721502,-0.38049,0.109028,-0.109535,0.0971985,-0.0551405,0.119755
-8.62275,1.08371,1.17199,0.565644,-0.969827,-0.399832,-0.608188,-0.286723,-0.0443875,-0.00618212,0.0432838,0.303497,0.130922,-0.0540224,-0.346711,-0.000146829,-0.195787,0.194052,0.0429884,0.419107
-8.60508,1.20495,1.04716,0.525455,-0.88336,-0.223492,-0.269586,-0.354603,-0.242284,0.146566,-0.0370232,0.345889,0.282025,-0.0368417,-0.110356,0.156042,-0.258737,0.18943,0.0150652,0.252643
-7.91964,1.43617,1.15219,0.926342,-0.889013,0.141639,0.186822,-0.249966,-0.127808,0.186947,0.0459764,0.340297,0.0352384,0.0430993,-0.382145,-0.217587,-0.155024,0.115705,0.0167601,0.0785458
-8.01064,1.56061,1.2565,0.969379,-0.868177,0.0575895,0.273504,0.0412952,0.165182,0.398228,-0.0308829,0.299154,0.126932,0.220678,-0.259787,-0.0726954,-0.167158,-0.0695871,-0.0298927,0.0697178
-8.40385,1.93628,1.09988,0.50486,-0.918992,0.243015,0.302047,0.0343906,0.187492,0.282565,-0.0516386,0.407337,0.341545,-0.140295,-0.289664,-0.109035,-0.134453,-0.0714201,0.0550062,-0.153502
-8.9185,2.30592,1.39443,0.671867,-0.579911,0.00468143,-0.332737,0.0764593,0.118885,-0.25407,-0.142679,0.463988,0.481261,-0.14556,-0.611589,-0.181114,-0.116139,0.165562,0.176173,-0.03625
-9.65017,2.69721,1.58329,0.560776,-0.733189,-0.00480555,-0.40136,-0.0879222,0.275146,-0.0714468,-0.215426,0.240474,0.110696,-0.148921,-0.477073,0.0651141,-0.15836,-0.196984,0.039083,0.2444
-9.78464,2.74803,1.03513,0.182835,-0.587702,-0.279324,-0.442397,-0.176708,-0.271797,-0.0929856,0.0474688,0.0330993,0.152278,-0.123605,-0.319409,-0.031562,-0.436619,-0.311756,-0.0913791,0.074969
-9.41609,2.57821,1.63082,0.806247,-0.604219,0.0311414,-0.022995,0.164433,0.0753762,0.155025,0.102111,0.12526,0.477801,0.34824,-0.312536,-0.396799,-0.488097,0.0520133,0.0239389,0.0340929
-9.21051,2.54738,1.66706,0.843623,-0.689718,0.113719,-0.169344,0.414074,0.105505,-0.112423,-0.149082,0.527541,0.386644,-0.0516957,-0.102164,-0.116605,-0.186045,0.0878955,-0.262562,-0.0125261
-9.22123,2.34133,1.76091,1.17752,-0.417044,0.0544558,-0.425059,0.0667363,0.404565,0.161151,-0.019038,0.526577,0.118075,-0.182514,-0.106769,-0.0598666,-0.0874625,0.188139,-0.15614,0.235625
-8.93095,1.95001,1.48233,1.08228,-0.274455,-0.04985,-0.27699,0.0427264,0.343848,0.49039,0.290073,0.335923,0.0309251,-0.132366,-0.267031,-0.0242568,-0.0482436,0.0459037,0.286753,0.143742
-7.53231,0.895955,1.83132,0.0950987,-0.340431,-0.103449,-0.125238,0.17149,-0.271655,0.34673,0.338609,0.313448,-0.0115198,0.110673,-0.0978518,-0.1252,-0.292173,-0.0161722,0.372667,0.272267
-7.08627,0.286853,1.37392,-0.177555,-0.378183,-0.599862,-0.355563,-0.0638076,-0.233253,0.146103,0.0739333,0.101229,-0.191879,0.14309,-0.28603,-0.216839,-0.209333,0.190097,0.15574,0.0884554
-6.92995,0.299612,1.36083,-0.727885,-0.0916159,-0.473148,-0.0954749,-0.381033,-0.535886,0.306056,0.0614883,0.181154,-0.370555,0.182869,-0.221177,-0.0326829,-0.0233536,0.068925,-0.180323,0.271236
-6.88569,0.231681,1.28606,-0.615157,0.19877,-0.322146,-0.268958,-0.513955,-0.365134,0.250885,-0.00250444,0.199219,0.0751444,0.169078,-0.271104,-0.129093,-0.210675,-0.00685363,-0.0294637,0.315273
-7.43917,0.154032,1.3928,-0.427913,-0.116551,-0.753196,-0.278134,-0.207359,-0.695493,0.198079,0.0358158,0.217005,-0.077283,0.0163714,-0.296489,-0.20523,-0.246407,0.139762,-0.0210983,0.198644
-8.03628,0.622108,1.19635,0.0346247,-0.33007,-0.922324,-0.13429,-0.0855295,-0.668082,0.166217,-0.0395861,0.0824807,-0.000865416,-0.0540421,-0.22012,-0.196623,-0.097731,-0.0328076,-0.0613756,0.23445
-8.78355,1.31221,1.082,0.160114,-0.543879,-0.580402,-0.38112,-0.278379,-0.419595,0.0459489,-0.104262,0.267249,0.0284101,0.0737373,-0.322385,-0.0529793,0.0748283,0.116556,-0.0435429,0.0914839
-8.60048,2.10134,1.61502,0.502516,-0.416111,-0.0887052,0.043025,-0.198446,0.0879643,0.33937,0.0314449,0.454477,-0.0768609,-0.207203,-0.4907,-0.0344443,0.147575,0.293268,-0.149634,-0.227524
-8.05749,2.09349,1.6696,0.940383,-0.543587,-0.141463,0.403706,-0.0418108,-0.138804,0.147168,0.0488224,0.25664,-0.130193,0.00581393,-0.488017,0.0357529,0.315894,0.166147,-0.0129225,0.024445
-8.74145,2.46982,1.60779,0.603062,-0.320727,-0.134418,0.0269788,0.284591,0.185503,-0.0491089,-0.109001,0.337568,-0.0445893,0.0098626,-0.215514,0.00261038,0.186064,0.285446,-0.081466,0.124479
-9.3388,2.73211,1.33353,0.356351,0.184455,-0.0869361,0.0459659,0.0851011,0.0421412,0.0804022,0.0437278,0.359255,0.105882,0.0988745,-0.201368,0.233649,0.140594,0.113748,-0.212091,0.364951
-9.54682,3.06587,1.45494,0.332488,0.0305401,-0.0610218,0.0601246,0.0366644,-0.133853,0.174579,-0.0809621,0.484207,0.119222,0.252697,-0.0846151,-0.0196324,-0.019304,0.235501,-0.0218986,0.188222
-9.58881,2.82647,1.18178,0.497603,0.141956,0.0701564,-0.102234,0.0612478,-0.0766834,0.194275,0.112953,0.82447,0.217087,0.128981,-0.228754,-0.178675,-0.0622864,0.349104,0.154986,0.284901
-9.0097,2.79286,1.04517,0.496033,-0.000130585,0.0196546,-0.22376,0.460275,0.000563086,-0.113174,0.0344542,0.647552,0.208195,-0.2672,-0.566608,0.435393,0.117472,0.166268,0.0958669,0.0923664
-8.03005,2.48425,0.833054,0.504109,-0.22875,0.0448826,-0.343002,0.457767,-0.0649864,-0.339714,0.029641,0.540342,-0.0204194,0.159537,-0.153354,0.319165,-0.103363,0.281953,0.097118,0.382315
-7.87154,2.17778,0.682837,0.754987,-0.216323,-0.324425,-0.275792,0.612568,0.104899,-0.26814,0.108509,0.444716,-0.345148,0.154003,-0.0663233,0.31805,-0.142522,0.300153,0.345794,0.145124
-8.04625,2.12209,0.810004,0.766155,-0.308151,-0.383403,-0.170826,0.596726,-0.220904,0.119701,0.351613,0.609381,-0.233838,0.241363,-0.138364,0.0672102,0.220625,0.166001,0.0169436,0.0916589
-8.93736,2.67912,1.14714,0.815243,0.0286833,-0.362694,-0.523659,0.429962,-0.110576,0.223848,0.168921,0.59,-0.0274164,0.19234,-0.248843,0.00527518,0.0913269,0.310089,0.220161,0.0100624
-9.69431,2.81523,0.914629,0.47159,-0.143209,-0.291591,-0.584828,-0.102536,-0.210011,0.0109949,0.436292,0.472185,-0.0153265,0.157669,-0.0587245,0.0337385,0.115491,0.389117,0.112916,0.0316408
-7.29241,1.26287,0.55423,0.321876,-0.227289,-0.588422,-0.282469,-0.0517671,0.0185012,-0.114816,0.211259,-0.0135399,0.0314831,0.584269,-0.193665,0.0406911,0.113856,0.298816,-0.0268192,0.0507981
-8.03952,1.50275,0.761558,0.475053,-0.101186,-0.762198,-0.373913,0.0762756,-0.421506,-0.144239,0.416438,0.332585,-0.144915,0.457709,-0.168657,-0.339223,0.304124,0.454108,0.063633,0.201917
-8.00223,2.40791,1.20376,0.965154,-0.120653,-0.303301,-0.41798,0.521624,-0.269788,0.149195,0.214404,0.148427,-0.222528,0.283127,-0.159278,-0.159634,0.166186,0.237042,-0.219921,0.0855797
-8.46781,2.24474,1.59443,0.938306,-0.26921,-0.547954,-0.429031,0.454713,-0.292543,0.0628706,0.0715811,0.331907,-0.0789036,0.331078,-0.163885,-0.00761775,0.188472,0.298624,0.0526589,0.283335
-8.36881,2.1793,1.19814,0.999567,-0.107522,-0.414895,-0.258257,0.447764,-0.339909,0.156845,0.0934399,0.205977,-0.164062,0.359442,-0.103063,-0.205227,0.260037,0.414887,0.219392,0.0922501
-7.9025,1.18565,1.6485,0.259543,0.144126,-0.385467,-0.140393,0.310317,-0.0912358,0.159929,0.236392,0.260104,0.0323494,0.338311,0.0508496,-0.211141,0.0498714,0.299937,0.0683171,0.23534
-7.49337,0.299901,1.49231,-0.302475,0.658268,-0.345401,-0.424469,-0.220361,-0.30101,-0.0324368,-0.0876735,0.194375,0.120761,-0.13545,-0.0610251,-0.0294239,-0.0243404,0.140101,0.0443753,0.468142
-7.31526,0.232897,0.968524,-0.299991,0.404659,-0.657891,-0.0227604,-0.446003,-0.476441,-0.252999,-0.178635,0.1991,0.112188,-0.34443,-0.0589034,0.0181985,0.0493848,0.128492,0.280742,0.224658
-7.30961,0.190974,1.10844,-0.390652,0.575951,-0.824707,-0.193367,-0.233302,-0.446237,-0.0570952,0.0608106,0.0254182,-0.0346643,-0.190016,-0.0815422,-0.0379962,-0.0471038,0.231887,0.283351,0.438028
-8.54907,1.22919,1.1451,0.235951,-0.130966,-0.919633,-0.507739,0.299328,-0.452663,-0.287921,0.11293,0.138493,-0.192107,-0.0123292,-0.23093,-0.183235,0.126478,0.397312,0.204121,0.151024
-7.0431,1.65594,0.992579,0.368819,0.0670205,-0.276273,-0.0610782,0.354852,-0.212731,-0.0466311,0.254795,0.48411,-0.463321,0.144058,0.110376,-0.41667,-0.0906067,0.126,0.257669,0.142877
-6.60862,1.83285,0.543219,0.510704,-0.308245,-0.057361,-0.0977834,0.57671,-0.194269,-0.212821,-0.00532909,0.376541,-0.213421,-0.102348,0.187265,0.103558,-0.134766,0.143753,0.16355,0.271404
-6.87316,1.83174,0.413587,0.419118,-0.0453281,0.130257,-0.00751921,0.255238,-0.334365,-0.194246,-0.136258,0.681747,0.131678,-0.164032,0.00915798,0.104471,-0.0702688,0.0480052,0.393545,0.125954
-7.25913,1.83004,0.329507,0.402529,-0.182363,-0.0444001,-0.191824,0.443541,0.030415,-0.137437,0.269991,0.777135,-0.0239803,0.0647222,-0.0432718,-0.202593,0.081531,0.158069,0.321034,0.0904215
-7.20586,2.12991,0.491544,0.303987,-0.0833706,0.0180391,-0.362216,0.446521,-0.0282688,-0.574678,-0.111236,0.826507,0.090232,-0.156605,-0.132155,0.00844733,0.0326473,0.143293,0.247395,0.283271
-7.16473,2.11334,0.431494,0.15003,-0.00878198,0.242195,-0.444016,0.559651,-0.327315,-0.424714,-0.0199076,0.559,0.00798229,0.0445524,-0.0675294,-0.0277904,-0.128994,0.136055,0.304351,0.237775
-7.33975,1.99432,0.220603,0.321857,-0.11293,-0.0144001,-0.0426884,0.625661,-0.321074,-0.404386,0.223376,0.85331,0.104613,0.0204997,-0.0584993,-0.30138,-0.17501,0.394988,0.212949,0.115602
-7.65163,2.25692,0.590111,0.529664,-0.0905697,-0.254897,-0.247819,0.683137,-0.246356,-0.435741,0.0311471,0.445365,-0.267397,0.210393,-0.0786194,-0.103836,0.0149021,0.236934,0.030187,0.195937
-7.75434,1.8753,0.7398,0.663282,-0.269116,-0.218552,0.0672971,0.715114,-0.358651,-0.100825,-0.0211365,0.30921,-0.213927,0.404485,0.0106236,-0.0731878,-0.179028,0.0194525,-0.0968477,0.241097
-7.98754,1.8045,0.590477,0.63928,-0.465899,-0.163309,0.207294,0.632756,-0.341861,-0.152957,0.061613,0.757812,-0.0237574,0.278269,-0.317479,-0.0564892,-0.0390426,0.0224215,-0.288335,0.0604279
-8.0647,1.89479,0.530945,0.78109,-0.363491,-0.495292,0.103933,0.48758,-0.329199,-0.0425825,-0.267143,0.278933,-0.00642576,0.301272,-0.176961,-0.179796,-0.208016,0.195629,-0.0435829,0.331844
-8.1247,1.80641,0.665467,0.978877,-0.635068,-0.536941,-0.0183119,0.333475,-0.386247,-0.0138754,-0.0909763,0.15842,0.00541572,0.229953,-0.392143,-0.038702,-0.145997,0.292595,0.0624077,0.382585
-8.23861,2.052,0.626334,0.75502,-0.609464,-0.385064,0.00251351,0.288257,-0.437351,0.113202,-0.0683594,0.12526,0.00824571,0.294492,-0.318395,-0.121762,-0.206934,0.298008,0.0818951,0.225602
-8.08776,2.11352,0.313421,0.879138,-0.50128,-0.50078,0.0422145,0.362255,-0.371471,0.0172124,-0.138534,0.18563,0.22499,0.0486401,-0.345701,0.163182,-0.161524,0.502788,-0.0776737,-0.0325219
-8.53745,2.21119,0.389015,0.67377,-0.562132,-0.61697,-0.0362104,0.21073,-0.557051,-0.0813118,-0.0647356,0.464645,0.166806,-0.0142579,-0.0791657,0.100169,-0.158713,0.242031,0.0383241,-0.0152607
-8.67154,2.25336,0.287809,0.40201,-0.734919,-0.656555,-0.306255,0.283933,-0.633095,0.0815695,0.0109189,0.133149,0.216715,0.0376644,-0.0043019,0.275073,-0.141103,0.0800858,-0.0706802,0.0621458
-9.09857,2.15198,0.273045,0.394455,-0.761167,-0.741769,-0.297736,0.216501,-0.705687,-0.0658773,0.00893779,0.416256,0.238858,0.195286,-0.222213,-0.166078,-0.032064,0.365897,0.154044,0.047298
-9.44499,2.20918,0.385212,0.250728,-0.632649,-0.885745,-0.551037,0.0232884,-0.607473,-0.0517356,0.128767,0.137027,-0.131827,0.0357718,0.138178,0.127714,-0.507116,0.213122,0.332615,0.0216002
-9.47505,2.30482,0.232493,0.21667,-0.522145,-0.760899,-0.704243,-0.0971652,-0.610121,-0.238687,0.051301,0.201644,-0.0175008,-0.0103419,-0.184929,0.0647947,-0.418882,0.107648,0.134597,0.141632
-10.104,2.43708,0.517671,0.285465,-0.428398,-0.866777,-0.850882,-0.0104441,-0.405383,-0.245303,-0.1956,0.162244,0.0723557,-0.00742887,-0.12154,-0.224785,-0.236763,0.232378,-0.0268043,0.0327077
-10.3915,2.68798,0.448354,0.316115,-0.688388,-0.810029,-0.714494,-0.0312686,-0.41751,-0.284675,0.0623761,0.206828,0.059818,0.039212,-0.0323099,0.0382534,-0.255895,0.0124802,-0.0800496,0.00914702
-10.7117,2.68677,0.527923,-0.115352,-0.766413,-0.898547,-0.870423,-0.294704,-0.343383,-0.0113129,0.0167323,0.0737936,0.0113868,-0.169023,-0.115638,-0.103557,-0.192089,-0.0576501,0.0565655,-0.075981
-10.626,2.55771,0.393806,0.0534095,-0.675487,-0.909961,-0.674167,-0.333122,-0.552249,-0.00246809,0.118244,0.152956,0.150954,-0.194791,-0.270172,-0.334433,-0.364606,0.154032,0.250798,0.0228603
-10.7451,2.87424,0.167413,-0.189068,-0.8076,-0.629285,-0.543106,-0.533179,-0.409107,-0.0719171,-0.0160763,0.0521998,0.0915034,-0.0156005,-0.436053,-0.458039,-0.0633541,0.0799889,-0.0487173,-0.0285227
-10.7001,2.626,-0.00176655,-0.111449,-0.837968,-0.706621,-0.55745,-0.428286,-0.47058,-0.0797425,-0.0403761,0.0529834,0.371288,-0.0961138,-0.680688,-0.438636,0.0237516,0.00339851,0.0658395,-0.0620008
-10.519,2.57786,0.239622,-0.25989,-0.667266,-0.792324,-0.684469,-0.232243,-0.241008,-0.117855,0.0070893,0.0875622,0.219002,-0.102916,-0.432144,-0.326664,-0.0623777,0.231011,-0.0329928,-0.0500996
-8.79852,1.88017,-0.235006,0.339239,-0.276792,-0.832311,-0.798773,-0.0736392,0.144728,-0.289766,0.12767,0.432597,-0.223954,-0.2744,0.166147,-0.19805,0.137286,0.185417,-0.174799,0.0714843
-7.13804,2.80175,0.851626,0.921013,-0.280515,-0.54976,-0.17502,0.269928,0.0498593,-0.50395,0.288667,0.442768,-0.0289573,-0.0277034,0.262512,-0.496287,0.371353,-0.120346,0.174603,0.12245
-6.65468,2.49343,0.759087,0.681713,-0.409975,-0.393783,0.0565755,0.426367,0.167611,-0.510696,0.211079,0.388206,-0.0715945,-0.0861652,0.448586,-0.507471,0.311056,-0.00779165,0.208142,0.118461
-6.4719,2.44358,0.50394,0.521049,-0.246724,-0.501439,0.00884089,0.626355,0.374112,-0.375867,0.328781,0.31641,-0.274263,-0.0369523,0.267708,-0.387114,0.339968,-0.0220655,0.139671,0.0723479
-7.29895,2.22056,0.730983,0.86804,-0.0963638,-0.484241,-0.177432,0.599758,0.5394,-0.321358,0.450782,0.583676,-0.0801964,-0.0691267,-0.105891,-0.488963,0.412423,0.172446,0.157903,0.0493326
-8.23303,2.60743,0.880368,0.973284,0.0573241,-0.350368,-0.152922,0.703373,0.464806,-0.200901,0.535783,0.413155,-0.442618,-0.0512889,0.124944,-0.455317,0.471886,-0.18672,0.054165,0.0776015
-9.20398,2.63438,0.983921,0.732074,-0.153976,-0.430762,-0.1762,0.47548,-0.0444373,-0.129602,0.431825,0.540948,0.037212,-0.056079,0.0406833,-0.255217,0.262779,0.33549,0.353783,0.126106
-9.39839,2.59898,0.867463,0.327826,-0.0530982,-0.61561,-0.644749,0.170728,-0.0164979,-0.165499,0.212557,0.200285,-0.104998,0.0882796,-0.000669252,-0.380623,0.0652247,0.190937,0.282174,0.265564
-8.14279,1.1723,1.36626,-0.47764,0.13078,-0.968126,-0.495909,-0.219177,0.000802418,-0.198834,0.168945,0.194741,-0.150954,-0.0827709,0.0732865,-0.277891,0.0733788,-0.0069763,0.301195,0.398998
-6.92563,0.242758,1.27243,-0.773289,0.159793,-0.975388,-0.342857,-0.160219,-0.339296,-0.228274,0.176875,0.228394,-0.183739,-0.202653,-0.108858,-0.0935342,-0.0707145,0.109518,0.132534,0.432578
-6.88011,0.217788,1.14753,-0.819264,0.157994,-0.680953,-0.126052,-0.356413,-0.414122,-0.0187198,-0.0544622,0.450189,-0.0400591,0.0150146,-0.374936,-0.0651423,-0.15741,0.387628,0.229572,0.410202
-7.32983,0.306711,1.47867,-0.609717,0.195622,-0.945592,-0.516573,-0.198043,-0.0131659,0.0690166,-0.160343,0.203808,0.127853,0.0442077,-0.285891,-0.100127,-0.0590976,0.446158,0.178789,0.352565
-7.41931,0.298905,1.15241,-0.253683,0.0604879,-1.22525,-0.230494,-0.377127,-0.0215887,-0.321019,0.355272,0.0996569,0.296169,-0.145753,-0.354944,-0.226438,0.372241,0.261712,0.0986633,0.014459
-9.3099,1.17274,1.31115,-0.320808,-0.19978,-0.913253,-0.686133,-0.238084,0.350198,-0.197975,-0.0669346,0.17228,0.088037,0.044962,-0.358936,-0.157988,-0.114074,0.146069,0.0524188,0.215881
-9.26046,1.49131,1.05189,-0.558047,-0.29513,-0.713112,-0.198602,-0.085202,-0.0951844,-0.185103,0.138306,0.208241,0.185688,-0.0427386,-0.214093,-0.322529,-0.31507,0.0805871,0.141645,0.116168
-7.9201,1.73589,0.514631,-0.0645064,-0.238479,-0.426733,-0.279047,0.178109,-0.0313437,-0.37656,0.0877843,0.288007,-0.248349,-0.112498,0.150638,-0.0505108,-0.140591,0.161117,0.245449,0.124363
-8.34326,2.41636,1.46638,0.476737,0.363057,-0.311929,-0.502508,0.313006,0.42792,-0.3103,0.230361,0.320531,0.0459949,-0.178097,-0.180617,0.0121974,-0.148325,0.23054,0.140656,0.0145612
-7.83849,2.70265,1.1549,0.288986,0.444017,0.0327711,-0.446997,0.0742969,0.276184,-0.0449013,0.242943,0.0997542,0.19143,0.107616,-0.0202389,-0.0571348,-0.162838,0.309044,0.126029,0.0764146
-8.3707,3.03442,1.04225,0.0713181,0.257939,0.0817785,0.124229,-0.0286398,0.092916,-0.0115305,0.585163,0.115063,0.0920206,-0.252238,-0.136702,-0.0301175,0.0118152,0.271706,0.100053,0.301409
-8.89479,3.01832,1.18737,0.19388,0.0985653,0.160512,-0.043774,0.264093,-0.0581255,-0.153859,0.681019,0.481211,0.0358749,-0.156809,-0.323651,-0.0712639,0.188934,0.245792,0.240014,0.26259
-9.18378,2.81234,1.35847,0.192326,-0.0557943,0.137604,-0.0406268,-0.0197433,-0.0163622,0.166997,0.534343,0.273801,0.126901,-0.0124027,-0.389983,0.02481,0.125421,0.38582,0.330968,0.225928
-8.34433,3.11299,0.934091,0.207989,0.0630298,0.307038,-0.255166,0.0541913,-0.0542457,0.282416,0.598459,-0.0631219,0.0212842,-0.0727092,-0.131443,-0.153991,-0.0331319,0.215908,0.236459,0.159509
-7.73141,2.77603,0.77913,0.884811,0.122634,0.147067,-0.749781,0.148983,0.619949,0.264144,0.161243,0.182472,0.178931,-0.0771175,-0.228124,-0.354146,0.298734,0.461595,0.0898051,0.116006
-7.53785,2.4696,0.862856,1.32802,-0.0596024,-0.382389,-0.318763,0.480192,0.536097,-0.174515,0.329504,0.496306,-0.144163,-0.281688,0.0166059,-0.317307,0.128656,0.402073,-0.0870759,0.0286242
-7.90391,2.37637,0.906895,1.36098,-0.358297,-0.156183,0.0252923,0.312252,0.776287,0.280696,0.388302,0.151102,-0.465934,-0.0344367,-0.0874959,-0.473593,0.0966646,0.148323,0.0907903,0.205312
-7.94304,2.36691,1.10995,1.11684,-0.539354,-0.014297,-0.00957016,0.333146,0.485222,0.440894,0.273824,0.0159953,-0.226214,-0.190099,0.0582895,-0.306069,0.10534,0.191391,0.0451339,0.221455
-8.02407,2.31563,1.01104,0.867718,-0.528491,0.350883,0.216209,0.357081,0.399196,-0.0592785,0.253086,0.295931,-0.234054,-0.269575,-0.058414,-0.371142,0.297448,-0.0444407,0.0768108,0.342901
-8.10833,2.42729,1.06319,0.949239,-0.444392,0.232448,0.0634147,-0.0366067,0.203372,0.190016,0.0140476,0.139034,0.0935976,-0.244242,0.0163425,-0.372348,0.398694,0.0606611,0.0932852,0.29078
-8.45662,2.69258,1.07569,0.889166,-0.297023,0.027595,-0.0579171,-0.152937,0.00771652,0.0993865,0.20547,-0.00191214,0.0217534,-0.036576,0.0604896,-0.368828,0.360766,0.0932903,0.217352,0.424218
-8.6814,2.59078,0.509143,1.02065,-0.55772,-0.533706,-0.224744,0.0371242,-0.206676,0.0145111,0.0441306,0.262336,0.203438,-0.0199961,-0.07878,-0.161224,-0.0169996,0.259339,0.382644,0.181359
-9.04719,3.0091,1.01153,0.728348,-0.015044,-0.133496,-0.45916,0.30366,0.0881754,-0.132263,0.413637,0.285552,-0.146911,-0.347334,0.0764144,-0.118931,-0.0432126,0.101757,0.27964,0.340933
-9.28016,2.98903,1.02072,0.678962,-0.0946971,-0.11651,-0.281273,0.395909,0.267113,-0.24139,0.252201,0.512879,-0.0758327,-0.250454,0.0102035,-0.317776,-0.0160847,0.349662,0.368928,0.233108
-9.41326,3.02993,1.22783,0.651892,0.231247,-0.286668,-0.660947,0.28097,0.124151,-0.0519705,0.0568501,0.253669,0.381355,0.0780462,0.00581665,-0.376568,0.029174,0.3246,0.480204,0.323039
-9.54429,3.27519,1.29288,0.42624,0.232627,-0.0704724,-0.392865,0.222946,0.158749,-0.111812,0.0638117,0.287556,0.210244,-0.175085,-0.04962,-0.188362,0.190551,0.134992,0.341021,0.157858
-9.5113,3.18743,1.24344,0.763993,0.0665067,-0.0976426,-0.414899,0.173527,0.111703,-0.0601758,0.323791,0.234343,0.142136,-0.166876,-0.134757,-0.321405,0.140696,0.287901,0.246224,0.229546
-8.38025,3.0471,1.00938,0.659342,-0.260578,-0.443209,-0.455876,0.508405,0.59475,-0.431574,0.340755,0.229922,0.030392,-0.222336,0.189592,-0.169717,0.107862,0.135637,0.368798,0.0840564
-7.83135,2.91694,0.88222,0.454835,-0.313845,-0.246669,-0.436914,0.525764,0.883674,-0.57499,0.24036,0.381861,-0.0358855,-0.280406,0.231378,0.0211936,0.170749,0.226009,0.284153,0.0995761
-8.16329,2.76084,1.26873,0.472729,-0.223421,-0.14729,-0.611219,0.321498,1.12512,-0.489715,0.388464,0.31172,-0.115629,-0.243142,0.0333744,0.0679495,0.220454,0.273571,0.0118575,0.310513
-7.91952,2.90517,0.801301,0.596925,-0.244046,-0.145967,-0.617181,0.34404,1.13392,-0.484933,0.0125356,0.303784,0.251022,-0.343725,-0.11675,-0.111854,0.10552,0.259859,0.256663,0.113525
-8.02723,3.00476,0.681563,0.564041,-0.251686,0.0576027,-0.56925,0.16575,0.988084,-0.512582,0.00712632,0.342539,0.256108,-0.294485,-0.0226817,-0.0166689,0.338914,0.00203493,0.210559,0.23815
-8.44513,2.92545,0.478976,0.41461,0.0811849,0.457615,-0.437254,0.200661,0.885753,-0.3476,0.0193513,-0.0806776,0.222604,-0.232872,-0.32837,0.00212634,0.625955,0.237968,0.132332,0.239433
-8.85242,3.22624,0.622265,0.447394,-0.0585985,0.298052,-0.51168,0.132413,0.661111,-0.298305,0.0633414,0.415628,0.104548,-0.210869,-0.41078,-0.155221,0.425415,0.386373,0.222427,0.054333
-9.58912,3.14423,0.666357,0.480718,-0.165451,-0.241604,-0.436978,0.181682,0.513917,-0.0490765,0.078628,0.442257,0.00806977,-0.069997,-0.0588316,-0.192212,0.214794,0.26501,0.345545,0.330241
-9.98015,2.87937,0.637678,0.0184237,-0.565093,-0.268003,-0.459581,0.217763,0.309438,-0.220173,0.0257202,0.270299,-0.0441044,-0.0512683,-0.101218,-0.116581,0.166678,0.322879,0.308421,0.250055
-10.3401,2.8817,0.622576,0.027841,-0.570817,-0.407179,-0.946958,0.0233274,0.390492,-0.342718,-0.114184,0.374942,0.144596,0.0731644,-0.0899207,-0.228702,0.0211564,0.521237,0.470927,0.335308
-10.5563,3.28706,0.453534,0.0682964,-0.498387,-0.367174,-1.03009,0.0550824,0.255306,-0.240954,0.00994744,0.354576,0.228959,-0.0202806,-0.336624,-0.341058,0.148857,0.615392,0.163776,0.211264
-10.7274,3.25677,0.675467,0.168569,-0.764359,-0.49072,-0.820667,-0.0877988,0.13903,-0.100989,0.106737,0.563891,0.275871,-0.151766,-0.342762,-0.206897,0.331194,0.360717,0.2478,0.303235
-10.9005,3.32197,0.799075,0.147936,-0.801766,-0.615846,-0.880509,-0.0887636,0.189118,-0.0427884,-0.0853826,0.377746,0.251007,-0.145,0.0157241,-0.16379,0.2539,0.205644,0.372366,0.3022
-10.0401,2.58457,0.586957,0.205412,-0.408258,-0.601176,-1.26274,-0.101487,0.0706115,0.143463,0.106485,0.211151,0.0215461,-0.088659,-0.183448,-0.0155168,0.300555,0.212479,0.467016,0.147944
-7.58414,2.41101,0.618637,0.470442,0.579349,-0.337467,-1.17435,0.638435,0.667121,0.0402988,-0.221327,0.225823,-0.133955,0.0427955,-0.113979,-0.285548,0.234121,0.14257,0.315169,0.103894
-8.08393,3.04059,1.10667,0.331476,0.0408121,0.146816,-0.784116,0.301158,1.04185,0.0294777,-0.216487,0.0835778,0.038329,-0.093817,-0.270386,-0.204034,0.202486,0.378477,0.0345864,0.321847
-7.97392,3.08265,0.962554,0.492332,0.0553287,-0.14496,-0.698772,0.381793,1.16725,-0.0422531,-0.277412,0.0649907,0.288239,-0.226667,-0.280596,-0.0986548,0.352215,0.404484,-0.169243,0.319576
-7.96225,3.28725,0.952508,0.336867,0.024155,0.21085,-0.752087,0.278835,0.850767,0.0612225,-0.0501536,0.314904,0.0149577,-0.215733,-0.221234,-0.084189,0.157555,0.491296,-0.19536,0.256246
-8.18207,3.12682,0.897578,0.555401,0.0682776,0.0832771,-0.635429,0.185243,0.6668,0.0977623,0.017855,0.10235,0.179969,-0.0104607,0.0214153,-0.301352,0.18773,0.398841,-0.0812029,0.419056
-6.25102,3.74135,-0.299521,0.647208,0.511176,0.501005,-0.189202,0.0516739,-0.0259959,0.200719,0.291249,-0.0198658,-0.0198426,4.46942e-05,-0.228297,-0.108145,0.0456682,0.101857,0.0129291,0.126101
-6.0776,3.92932,0.321449,1.31612,0.574153,0.702905,-0.0945259,0.147903,0.145315,0.298934,0.440791,-0.107838,-0.0684063,-0.00888103,-0.00759515,-0.0508255,0.102856,0.266631,0.0085906,0.02631
-8.39921,3.86016,1.55526,0.98583,0.226684,0.77446,0.0904714,0.452913,0.5972,0.496073,0.0248403,0.0273999,0.0368657,-0.142615,0.141781,-0.233038,0.0608948,0.322358,0.21195,0.0858019
-8.70774,3.67969,1.2196,0.846318,0.24071,0.666021,-0.0868505,0.489711,0.475609,0.471211,0.425311,0.262835,0.273153,0.0442565,0.143602,-0.167735,0.242823,0.37031,0.0189271,0.261716
-9.20997,3.79048,1.4852,0.880978,0.149083,0.523535,-0.0524049,0.463184,0.342464,0.310009,0.485782,0.155888,0.306412,0.171175,0.0566614,-0.331791,0.1159,0.341553,0.0800837,0.347509
-9.33627,3.72649,1.51467,0.551066,0.198459,0.569861,-0.134748,0.197996,0.355204,0.558838,0.35807,0.0732124,0.0364941,0.209865,0.115452,-0.189409,0.163797,0.103989,-0.0607905,0.325105
-9.64645,3.49463,1.20572,0.787702,0.295154,0.511757,-0.301653,0.121683,0.172156,0.451974,0.483534,0.366058,0.296645,0.149641,-0.0831953,-0.140037,0.331644,0.117888,0.389665,0.330113
-9.47784,3.59909,1.32314,0.809821,0.189623,0.288832,-0.247399,0.245777,0.351688,0.582862,0.339257,0.110025,0.232025,0.254143,0.0819628,0.0115591,0.00942703,0.219606,0.246852,0.146051
-8.28166,3.97824,0.671385,0.57331,0.270667,0.465948,0.0554356,0.442167,0.231854,0.289755,0.181054,-0.0308948,0.16822,0.0594638,0.0993799,-0.062807,-0.100195,-0.0434813,0.0912783,0.323815
-7.57193,4.26298,0.356258,0.749182,0.298173,0.452777,0.165681,0.168305,0.269144,0.675316,0.345131,0.0499741,0.0909555,0.219421,-0.302244,-0.277265,0.0364644,-0.134211,-0.221943,0.0728081
-8.41202,4.0873,0.631376,0.570428,0.441394,0.660046,0.152353,0.0407401,0.199024,0.766541,0.223043,-0.136411,0.155311,0.0744764,-0.323912,-0.254329,0.155752,0.0671547,-0.130829,0.220166
-8.56199,4.00835,0.65054,0.61738,0.503233,0.440782,0.016339,0.220043,0.25148,0.559282,0.0958937,-0.0388133,0.132756,0.120877,-0.279485,-0.11997,0.0515046,0.0123571,0.0983809,0.159694
-8.28966,3.22828,0.970567,0.708711,0.577115,0.323108,-0.383849,0.287662,0.560763,0.362359,-0.0843506,0.131681,0.149849,-0.0581153,-0.0246632,-0.272714,-0.100687,-0.0537017,0.122213,0.141648
-7.67824,1.75654,1.95526,0.443051,0.3524,0.469884,-0.516095,0.1735,0.318623,0.294562,0.380076,0.799729,0.126335,-0.192929,0.0442511,0.0539363,0.0150924,0.345502,0.18686,0.245915
-7.61858,1.41078,2.10739,0.129892,0.326248,0.134381,-0.58748,0.45278,0.362716,0.567368,0.33962,0.556044,0.131751,0.238448,0.262108,0.170524,0.27141,0.218272,0.185565,0.244229
-7.01599,1.51149,2.06193,0.162588,0.405749,-0.0301371,-0.270071,0.321153,0.401799,0.0817025,0.360117,0.471888,0.209881,0.202347,-0.0896879,0.138663,0.0663944,0.119167,0.0263734,0.243998
-7.63189,1.46621,2.40656,0.744357,0.453996,-0.477696,-0.523451,0.453939,0.529302,0.37368,0.0717788,0.434133,0.338853,0.161815,0.0783058,-0.162439,-0.147302,0.322245,0.0820407,0.273051
-8.1637,1.87741,2.16438,0.905001,0.34764,-0.432531,-0.625416,0.496429,0.596107,0.00223667,0.2084,0.861332,-0.0730545,-0.0394083,0.178332,0.0661719,0.0715722,0.245483,0.202516,0.226406
-8.66173,2.28847,1.76466,0.886042,0.726912,-0.329891,-0.661256,0.352287,0.557992,0.151176,0.15418,0.58873,0.121666,0.151772,-0.0850767,-0.0980087,-0.0637556,0.303987,0.286677,0.446468
-9.41756,2.19147,1.29024,0.579039,0.842141,0.404141,-0.00478527,0.445425,0.158926,0.0612891,0.255192,0.827701,0.0909585,0.0538934,-0.0646127,-0.0474269,0.0299947,0.236528,0.0321265,0.235556
-9.81808,2.02075,0.957907,0.430458,0.875625,0.625859,0.504118,0.801345,0.148594,0.144524,0.366844,0.463719,0.170401,0.144462,-0.000939578,0.0856114,0.0125067,0.0627814,-0.0196428,0.0180251
-9.33839,2.09545,0.917909,0.584753,0.648127,0.804552,0.112495,0.545414,0.296969,0.114746,0.491189,0.442205,0.246406,-0.00790148,-0.325845,0.11529,-0.0944234,0.109795,-0.0647399,0.114328
-7.86908,3.32379,0.732494,0.424734,0.171579,0.52832,0.140687,0.45526,0.146803,0.193966,0.155382,-0.12135,-0.126832,0.0565273,-0.102544,0.066771,-0.16823,-0.178116,0.0893646,0.192242
-7.70495,3.77129,0.294849,0.774443,0.417025,0.327708,0.124022,0.115687,0.249525,0.530679,0.480147,-0.0790454,0.190171,0.119241,-0.386882,-0.276352,-0.0912699,-0.170133,-0.326112,0.0625299
-8.40379,3.504,0.495206,0.67006,0.460404,0.287909,0.188785,0.465402,0.245667,0.629981,0.208733,-0.0955189,0.249004,0.128521,-0.26785,-0.166732,-0.203403,-0.334346,-0.330731,-0.0373187
-9.26033,3.26694,0.558118,0.727045,0.304802,0.302804,-0.0277484,0.27978,0.39092,0.338241,-0.02054,0.132301,0.218844,0.0889061,-0.266378,-0.0799673,0.0490509,-0.255956,-0.336167,-0.0190793
-5.37304,3.98756,-0.472759,0.962932,0.701892,0.631477,0.303419,0.0858986,0.0344437,0.10511,0.204719,-0.107427,-0.163928,0.106598,0.042671,-0.0506409,0.027875,0.164577,0.0578402,0.0204312
-6.64705,4.02048,0.414414,0.978127,0.739389,0.45156,0.222084,0.253066,0.310073,0.355215,0.0912272,-0.0108223,-0.132342,-0.221904,-0.0426474,0.0541868,0.022318,0.258656,-0.0604113,0.207858
-7.17989,3.66834,0.424362,1.0517,0.647767,0.371769,-0.00529921,0.512832,0.650936,0.584016,-0.0154921,-0.116343,-0.12948,-0.103366,-0.0803245,-0.122705,-0.00988612,0.405178,0.302451,0.224981
-8.10605,3.87447,0.567505,0.839411,0.641083,0.21929,-0.196295,0.407787,0.742293,0.561418,0.0758602,0.052768,-0.0170107,-0.0377631,0.0290664,-0.256295,0.166298,0.434546,0.317844,0.371125
-8.53343,3.83425,0.524596,0.558411,0.644765,0.223381,-0.112178,0.436679,0.637693,0.358816,-0.31442,0.216966,0.167791,-0.362948,0.0813534,0.126887,0.254435,0.477224,0.522284,0.405055
-8.73944,3.95392,0.639285,0.502678,0.593488,0.521106,-0.0982153,0.370947,0.830458,0.264821,-0.283852,0.313328,-0.0581422,-0.345593,0.139464,0.0911768,0.0850296,0.461358,0.477934,0.362455
-9.28065,3.69724,0.416548,0.587043,0.74748,0.579214,0.0636362,0.380665,0.807749,0.381505,-0.105021,0.0437659,-0.197249,-0.172092,0.16555,0.014845,0.217056,0.619816,0.408037,0.239198
-9.92229,2.99329,0.192637,0.881455,0.538599,0.68833,0.262391,0.424739,0.672722,0.744359,0.0975573,-0.0110704,0.152194,0.454355,0.284997,-0.160861,0.0250573,0.480117,0.249038,0.181793
-10.1175,3.11255,0.352718,0.733244,0.34298,0.906837,0.0833224,0.329346,0.77078,0.946007,0.179717,0.167314,0.214612,0.361326,0.0264585,-0.372496,-0.147366,0.423956,0.319302,0.24864
-10.056,3.17812,0.401644,0.930192,0.41692,0.543835,-0.193819,0.448384,0.903705,0.902397,0.437309,-0.074425,0.265386,0.286727,0.089539,-0.0685247,-0.104463,0.106642,0.32822,0.188701
-10.0442,3.35114,0.312514,1.09622,0.481841,0.630531,0.0213474,0.581929,0.992374,0.819019,0.289005,-0.072425,0.123311,0.0179741,-0.151968,-0.234162,-0.275155,0.0149703,0.118473,0.332213
-10.225,3.46057,0.397746,0.92226,0.483786,0.774429,0.180849,0.49749,0.840584,0.786672,0.221019,-0.08387,-0.138543,-0.214014,-0.0611677,-0.162692,0.0747813,0.239703,0.284208,0.363969
-10.5163,3.52756,0.372282,0.903254,0.402424,0.821859,0.347209,0.547944,0.834677,0.526754,0.247201,-0.0977705,0.0281013,-0.120341,-0.143209,-0.284407,0.0614928,0.681034,0.251399,0.122446
-9.1455,3.85664,0.0574793,0.92358,0.42668,0.542492,-0.07554,0.195828,0.415141,0.32405,0.116375,0.0345604,0.0589816,0.086454,0.0250776,0.0384916,0.156262,0.467671,0.438483,0.402703
-6.76521,4.23463,-0.00313901,0.706161,0.339954,0.304618,-0.258891,0.393619,0.505112,0.0805002,-0.167249,-0.057315,-0.418987,0.076417,0.251679,-0.0780898,0.369944,0.390313,0.0435264,-0.153076
-8.06681,3.81573,0.230808,0.700782,0.44831,0.336632,-0.107643,0.589015,0.773024,-0.0568413,0.0614459,-0.0637904,-0.337615,-0.0468044,-0.0360973,0.062015,0.544791,0.607455,0.229173,0.13681
-8.54592,3.96744,0.26296,0.591176,0.388067,0.199783,-0.162625,0.798028,0.705339,-0.0766131,0.118244,0.0115474,-0.379781,0.0349,0.0349833,-0.00717666,0.596534,0.439099,0.453115,0.221371
-8.71884,4.10296,0.30219,0.855989,0.291849,0.0940226,-0.215472,0.85129,0.675375,-0.254622,-0.149627,0.177916,-0.38287,0.0894615,0.110018,-0.075606,0.778118,0.649048,0.32761,0.131435
-9.22206,4.13191,0.143019,0.707986,0.580442,0.0731004,0.0701816,0.59176,0.669788,-0.0802917,-0.164819,-0.00903588,-0.491282,0.0345962,0.387089,-0.186636,0.548443,0.585382,0.27953,0.102686
-10.3193,3.64075,0.168651,0.829621,0.75099,0.484464,0.208937,0.346541,0.573114,0.458565,0.0781569,-0.261063,-0.236249,0.0097844,0.464796,0.0103499,0.546675,0.639532,0.112832,0.00362073
-10.6842,3.63938,0.247199,0.828678,0.968208,0.366073,0.0652477,0.432554,0.615867,0.384129,-0.0442189,-0.0990186,-0.112176,0.157223,0.31034,-0.222883,0.411146,0.578059,0.258527,0.0910898
-10.3326,3.45752,0.233537,0.747662,0.64278,0.417887,-0.0272659,0.57753,0.758689,0.18586,-0.0930352,-0.21471,0.0247987,0.137343,0.540888,-0.247209,0.0355285,0.97324,0.555775,0.0589749
-10.489,3.29612,-0.0197279,0.67058,0.585647,0.463242,0.137433,0.478432,0.722266,0.394874,0.147318,-0.0714176,-0.0198946,0.389593,0.471606,-0.24046,0.17587,0.900607,0.436766,-0.163919
-10.759,3.39897,0.129475,0.795701,0.718083,0.444894,0.0339471,0.430806,0.773874,0.60122,0.106077,-0.139727,-0.143241,0.04015,0.267656,-0.274213,0.226149,0.755999,0.229972,-0.0435197
-10.8167,3.29696,0.318148,0.72134,0.560705,0.608192,0.238276,0.120342,0.943281,0.529654,0.0646409,0.220308,-0.176328,-0.0637588,0.211362,-0.241254,0.137906,0.713719,0.368207,0.000919651
-6.22717,3.76981,-0.661085,0.92787,0.819324,0.467448,0.359296,-0.0129486,-0.117069,-0.00875979,0.143792,-0.0120687,-0.104219,0.0790197,-0.0577546,-0.0531368,-0.0404115,0.0305902,-0.130956,0.177124
-6.00036,3.26646,0.926427,0.949774,0.888281,0.391821,0.150381,0.16534,0.202313,0.221654,0.0859301,0.19377,-0.185696,-0.251478,0.218547,-0.038507,0.0751717,0.0427596,-0.131888,-0.0346067
-5.16034,3.19991,0.781975,0.585536,0.744942,0.303946,0.231359,0.278803,0.151464,-0.143973,-0.208553,0.132794,0.346373,0.291996,0.196811,0.00283593,0.0184702,0.0389838,0.0450359,0.0188087
-6.33782,2.76686,0.508918,0.775796,0.432634,0.378385,0.589329,0.23831,-0.149646,-0.146558,-0.111159,-0.0875919,0.252844,0.708441,0.551725,0.353425,0.0438205,0.0920825,0.334495,0.0221049
-7.51498,3.33406,0.574124,0.592534,0.304272,0.310134,0.547533,0.326159,-0.269487,0.0268675,0.0587981,-0.296552,0.312251,0.71012,0.50229,0.0538319,0.0245944,0.149922,0.21792,-0.0254803
-7.37771,3.57859,0.711297,0.746247,-0.0159967,0.0422165,0.224332,0.380132,-0.286757,0.096178,0.177154,-0.148645,0.638675,0.675924,0.387507,-0.0510196,-0.16902,-0.02445,2.23325e-05,0.0653346
-7.34109,3.7453,0.595798,0.908075,0.102597,-0.129399,0.115404,0.249449,-0.261613,0.0179437,0.116923,-0.121165,0.54182,0.434349,0.465777,-0.104196,-0.389041,-0.0254829,0.127897,0.29733
-7.08482,3.39186,0.721039,1.23636,0.401247,0.0313761,-0.207092,-0.0676773,-0.182315,-0.286196,-0.0133799,0.0400131,0.532029,0.639094,0.240325,-0.17298,-0.219438,-0.0663341,0.116058,0.351563
-7.38102,3.46147,0.789027,1.10049,0.0176193,-0.148973,0.0349115,0.101373,-0.191201,-0.195217,-0.0837591,0.0925289,0.454607,0.506405,0.18475,-0.129956,-0.0842215,0.0313248,0.0856652,0.274854
-7.85766,3.74539,0.728105,0.992898,0.244231,-0.188391,-0.151112,0.121332,-0.236805,-0.0380762,0.043245,0.0272975,0.477123,0.374501,-0.023582,-0.375996,-0.141729,0.0300817,0.110254,0.407645
-8.20175,3.71726,0.912816,1.36294,0.366391,-0.263353,-0.209652,0.0454207,-0.256116,-0.00975732,0.0660335,0.134233,0.597633,0.418606,0.0420865,-0.31603,-0.220718,0.0335166,0.0965701,0.382634
-8.2552,3.48911,0.903093,1.3651,0.214542,-0.423704,-0.109753,-0.0595279,-0.0237096,-0.0839123,0.135124,0.0931566,0.248491,0.349547,-0.0672639,-0.0505923,0.133551,-0.0154908,-0.0370366,-0.0417726
-7.35478,3.16491,0.507578,1.34546,0.532669,-0.034635,-0.346266,-0.0133995,-0.220865,-0.169944,0.239759,0.233201,0.427018,0.218696,0.0890411,0.046249,-0.14634,0.0103779,-0.0173487,0.10561
-8.02513,3.72596,0.759089,1.16347,0.201552,-0.126461,-0.0855607,-0.185965,-0.303517,-0.0985166,0.227247,0.0493192,0.220773,0.224426,0.42927,0.100425,-0.215566,-0.125103,-0.0155267,-0.000691486
-7.25665,3.13476,0.92604,0.990417,0.133867,-0.0824622,-0.174014,-0.00659094,-0.315393,0.175602,-0.169141,0.0927679,0.351624,0.404771,0.474401,0.0634463,-0.0118595,-0.103255,-0.106776,-0.0961695
-4.03338,2.62373,0.250422,0.756741,0.414483,0.264946,-0.0116343,0.0536603,-0.0155904,0.319414,-0.336981,-0.174751,-0.0418526,0.126535,-0.0414568,-0.0702141,-0.0827316,-0.0617609,-0.0614114,-0.065882
-4.85429,2.75384,0.876856,0.63687,0.42734,0.182782,0.0896119,0.551875,0.223973,0.116445,-0.296783,-0.273638,-0.0791452,-0.0323296,0.0416869,-0.247025,-0.243497,0.0353833,0.0446832,0.0356166
-6.53194,3.427,1.17535,0.835992,0.517946,-0.0621701,0.0947919,0.463621,-0.0521418,-0.218058,-0.0200911,0.0480794,0.0448274,-0.0214362,0.0330163,0.0534856,-0.169425,0.0539738,0.176185,-0.00696928
-7.30598,3.58116,0.883004,1.01931,0.471666,-0.205548,-0.012558,0.389712,0.193285,-0.021208,0.0221813,0.228762,0.118894,0.263646,-0.00956454,-0.0846692,0.0201294,-0.0477217,-0.0381518,0.0333535
-7.68591,3.86428,1.16617,0.893671,0.267077,-0.0967718,-0.0755693,0.446331,0.157505,-0.234126,0.0569737,0.0628841,-0.158993,0.14665,0.222284,-0.238852,0.183217,-6.75722e-05,0.132385,0.117588
-8.0189,4.09598,0.844224,0.832745,0.454195,-0.0671691,-0.134646,0.512752,0.31456,-0.106709,-0.00706511,-0.127546,0.0504733,0.326676,0.0285597,-0.305702,0.418443,0.122326,0.133692,0.111625
-8.68822,3.77962,1.19394,0.924304,0.246981,-0.0985086,-0.303561,0.287063,0.119928,-0.175152,0.325071,0.0897436,0.00272639,0.273794,0.353023,-0.202415,0.257427,-0.0303297,0.0326766,0.318914
-8.21595,3.89065,0.717891,0.676235,0.312919,0.144349,-0.181184,0.240125,-0.144555,-0.0971993,0.211422,0.189432,0.162468,0.506317,0.412289,-0.164445,-0.0304105,0.00193029,0.0130071,0.0676006
-6.96721,3.6654,0.375435,0.876641,0.292788,0.120206,0.06015,0.0381845,-0.41602,-0.40804,-0.0225074,-0.0914221,0.278147,0.615561,0.209508,-0.137177,-0.313214,-0.162532,0.0555882,0.34855
-7.83535,3.6955,0.480155,0.964678,0.334872,0.211089,-0.0372899,0.0770296,-0.47581,-0.212313,0.189965,0.100171,0.585169,0.559723,0.294981,-0.257324,-0.274884,-0.277072,0.110097,0.534695
-7.82534,3.83187,0.388898,0.937609,0.151342,0.0954024,-0.0444356,0.289362,-0.199625,-0.0366212,0.108139,-0.149521,0.383383,0.552051,0.0794989,-0.214562,-0.00681721,-0.340351,0.0520204,0.361132
-8.23176,3.94637,0.732285,0.9487,0.0737504,0.0133182,-0.0805752,0.0506676,-0.103979,-0.268008,0.0699887,0.025354,0.371316,0.756541,0.0569934,-0.21055,0.0470012,-0.175699,-0.0107731,0.487724
-8.38214,3.83667,0.760154,1.05465,-0.0138484,0.051203,-0.204972,0.0739287,0.14929,-0.176757,-0.127021,0.142782,0.590744,0.406247,-0.0759102,-0.0845101,-0.0770073,-0.258728,0.151766,0.383045
-1.75348,1.93509,-0.345807,0.551186,-0.17255,-0.207144,-0.193187,0.0142886,-0.017804,-0.0526859,0.0374567,0.288651,0.332656,0.13682,-0.0140516,0.0502883,0.0885786,0.0750805,-0.0612015,-0.121336
-1.97746,1.99007,-0.011407,1.09278,0.305201,0.135768,0.0775696,0.0946284,0.0766023,-0.100325,0.00357868,0.192713,0.228733,0.309144,0.0315989,0.00383655,-0.0684243,-0.0721885,0.147031,0.0426906
-3.31983,1.59566,0.737334,1.28439,0.536708,-0.0256628,-0.0698828,0.259893,0.272774,-0.24212,0.0348156,0.251623,-0.0406599,0.131849,0.0790215,-0.00827686,0.108301,0.225359,-0.0895565,-0.197676
-4.09761,1.65449,0.328243,1.07313,0.39064,0.0898326,-0.00364602,0.101331,0.101488,-0.0883682,-0.135038,0.14135,0.0704335,0.0764542,0.271944,0.141575,0.156125,0.015894,0.12615,0.178051
-5.66371,2.07186,0.634883,1.31968,0.457817,-0.109484,-0.117851,0.058205,-0.0344961,-0.0703824,0.204363,0.264609,0.137047,0.317983,0.267747,0.130804,0.150054,0.128701,-0.00722424,-0.160163
-6.7257,2.49876,0.888348,1.53311,0.243659,-0.32188,-0.276065,0.109326,0.0665415,-0.102951,0.250288,0.194031,0.388254,0.282074,0.00765796,0.149385,0.113244,0.191588,-0.0561997,0.118319
-7.58434,2.81575,0.744665,1.4421,0.309054,-0.0599215,-0.212132,0.0505557,-0.0360126,0.0894352,0.147122,0.296064,0.209193,0.251563,0.0985592,0.126631,0.0854849,0.116778,0.123996,0.275402
-7.95112,2.81865,0.390286,1.20827,0.116609,0.0403675,-0.283209,-0.0120513,0.105356,-0.0419426,0.119819,0.229519,0.275497,0.437042,0.248927,0.130927,0.00145832,0.103871,0.111318,0.319199
-8.98034,3.71146,0.946879,0.837378,0.121857,-0.258441,-0.551096,-0.0697448,0.0877916,-0.121551,-0.0730933,0.268433,0.31132,0.294655,0.153753,0.224895,0.207451,-0.0980439,0.0790595,0.24135
-9.50351,3.91824,0.874067,0.809878,0.197881,-0.179533,-0.424814,-0.162904,-0.0664938,0.0622431,-0.118656,0.456425,0.49858,0.380106,0.0107126,0.011819,0.429747,0.0609403,0.0575342,0.24631
-10.0673,3.91676,1.08115,0.901904,0.17791,-0.00372113,-0.460434,0.120551,0.0419477,-0.057835,-0.0733137,0.334837,0.312235,0.551856,-0.261682,-0.173155,0.506304,-0.0101946,0.0387534,0.382702
-10.3725,4.14175,1.12232,0.792415,0.125069,0.348813,-0.372681,0.0593096,-0.0341782,-0.124414,-0.0219263,0.296872,0.359128,0.584457,-0.225447,-0.314959,0.313621,-0.0832659,-0.112337,0.377401
-10.418,3.99557,1.48979,0.828685,0.353707,0.105937,-0.331487,-0.00105854,-0.231769,0.0288385,0.0368842,0.511306,0.149097,0.447025,0.0983088,-0.0731516,-0.0410528,-0.297563,0.301114,0.233928
-4.98439,3.42633,-0.0698082,1.14674,0.675267,0.254524,-0.0669556,-0.118431,0.0958823,0.179799,-0.132167,0.0222281,0.0646629,0.0611414,-0.0682594,0.149521,-0.084263,0.0305027,-0.0149383,0.0263367
-4.93356,2.42925,0.841226,0.775976,0.489196,0.258436,-0.0447816,-0.0113004,-0.0673123,0.02167,0.0473066,-0.0453133,-0.141579,0.0859792,0.0112175,0.0249128,-0.292489,-0.202237,-0.0668039,-0.167123
-6.5142,3.0507,1.29951,0.843105,0.468165,0.0221359,-0.068577,0.528979,0.198574,-0.223494,-0.116695,-0.0349712,0.00635185,0.0773119,0.0336423,-0.0318267,0.0486381,-0.0208383,0.106567,-0.0782016
-7.74001,3.5335,1.15834,0.944602,0.7241,0.0677934,-0.134781,0.406001,-0.0807828,-0.24055,-0.0187358,0.077639,0.287299,-0.010811,-0.298369,0.0392184,0.0838743,-0.0445838,0.03179,-0.0227568
-8.59049,3.65791,0.891119,1.21369,0.891017,0.0872137,-0.216203,-0.0833599,-0.0242313,-0.0606378,0.198361,0.345139,0.313138,0.300416,-0.0981273,-0.14882,0.0664846,-0.378146,0.124577,0.2158
-9.42264,3.8088,1.31181,0.993091,0.249255,0.0149697,-0.295756,-0.0374204,0.0363324,-0.158395,0.123507,0.410976,0.387687,0.304618,-0.187486,-0.0597399,0.391041,-0.266188,-0.0196809,-0.0326964
-9.76189,3.53894,1.21164,0.923489,0.2434,-0.14811,-0.338697,-0.345721,0.211537,-0.248838,-0.0170743,0.190429,0.248867,0.350771,-0.031946,-0.0749075,0.326013,-0.423708,0.0136285,0.244849
-8.44663,2.84072,0.523106,1.06008,0.349459,-0.134866,-0.593336,-0.393088,-0.108766,-0.170961,-0.159418,0.0569205,0.2297,0.270795,-0.121354,0.00976338,0.252902,-0.258983,-0.215579,0.170178
-5.93416,1.88061,0.402458,0.626493,0.241689,-0.00568289,-0.209424,-0.253495,-0.329419,-0.101533,0.111914,0.0578589,-0.0952692,0.125777,-0.0551477,0.0891782,-0.0820487,-0.148307,0.076539,0.0527529
-7.19651,3.03573,0.842432,1.26245,0.596043,0.23409,0.134504,0.031104,0.139387,0.00584824,0.113723,0.359681,0.554085,0.305664,0.220997,0.0291337,0.0316946,-0.00916299,0.0422518,-0.0199416
-8.7302,3.4011,1.62432,1.19151,0.448939,0.277785,-0.269578,-0.0250203,0.162918,0.106578,0.0542178,0.373143,0.334278,0.327137,0.189852,0.0310732,0.241966,-0.256578,-0.0895454,0.0491518
-9.70853,3.73154,1.83502,1.04714,0.43063,-0.124182,-0.335341,0.348779,0.174661,0.0620719,-0.080064,0.252422,0.611316,0.265671,0.0990141,-0.120855,0.176966,-0.175178,-0.000549884,0.210573
-10.0582,3.53634,1.758,0.943926,0.454509,-0.0803836,-0.407776,0.0203313,0.145993,-0.0528928,0.0945755,0.35209,0.251868,0.282313,0.141716,-0.0602755,0.0639358,-0.420499,0.0525013,0.269684
-4.93066,3.01929,0.535805,0.803182,0.692022,0.287465,-0.156473,-0.129208,0.0154205,0.0368412,-0.224363,-0.0431299,0.130091,-0.0775034,-0.184379,-0.13927,-0.0945731,-0.166413,-0.0850621,0.0612265
-6.33278,3.13036,1.49435,0.909841,0.552785,0.375321,0.169809,0.429757,0.259081,-0.0710465,0.00337492,0.0754029,0.299364,0.207,0.0267394,0.0307695,0.180418,0.028504,-0.0585687,0.0160638
-8.397,3.18546,2.33307,0.997863,0.599741,0.21527,-0.203876,0.100471,0.327457,0.184101,0.0560372,0.0891672,0.0572139,-0.0235196,-0.218764,0.138848,0.243884,-0.125952,-0.0797193,0.128841
-9.47039,3.74501,2.13257,1.01416,0.666508,0.182148,-0.602336,0.145403,0.405012,-0.0592686,-0.165197,0.212654,0.20828,0.167189,-0.0957284,-0.0366463,0.276177,-0.338957,-0.105487,0.223338
-9.90692,3.75759,1.89317,0.953286,0.512065,0.13064,-0.579255,-0.00694251,0.570675,0.0845696,-0.313862,0.110844,0.625691,0.112255,-0.0926432,-0.0861233,0.391864,-0.302388,-0.159818,0.0925555
-10.3549,3.57871,2.31324,1.05068,0.567805,-0.0819569,-0.51421,-0.0417534,0.169416,0.295703,-0.180037,-0.0825877,0.447723,0.350504,0.0221223,-0.127606,0.261366,-0.0939212,-0.237726,0.0417675
-10.3244,3.57422,2.06339,0.974792,0.374625,-0.237547,-0.82606,-0.152768,0.391518,0.244829,-0.122068,0.0901688,0.311011,0.302599,0.0566488,0.0180022,0.300603,-0.043747,-0.0454216,0.369307
-10.2035,3.75572,2.04574,0.74345,0.366736,-0.0623669,-0.473147,-0.118734,0.347593,0.0742172,-0.0675945,0.0722076,0.154737,0.307412,0.11608,0.0299877,0.226304,-0.169629,-0.10669,0.0952136
-6.36361,3.77719,-0.562804,0.980357,0.533088,0.380439,0.182812,-0.0555857,0.0438792,0.0516125,0.246764,0.0435532,0.0670514,-0.0434235,-0.0106738,-0.277602,-0.0169732,-0.0887135,0.0225823,0.102021
-8.06682,3.92105,1.02225,1.49641,0.814585,0.408717,-0.219721,0.0658782,-0.0892221,-0.0356205,0.298268,0.176291,0.127746,-0.0255956,-0.249816,-0.258269,0.063859,-0.00156405,-0.00483049,0.106073
-9.1523,3.68571,1.39645,1.74184,0.599694,0.128748,-0.614164,0.0215446,0.209142,0.287116,-0.202807,0.0956917,0.39258,0.212579,-0.159751,-0.0817209,-0.0135157,-0.224901,-0.00728052,0.101367
-9.96974,3.3751,1.64746,1.42334,0.432816,0.25187,-0.445815,-0.223299,0.20889,0.256334,0.131241,0.535638,0.402314,0.312484,-0.285679,-0.0573416,0.214405,-0.0271259,0.0731751,0.175096
-10.1373,3.05762,1.83948,1.45781,0.407079,-0.139583,-0.734647,-0.159398,0.442196,0.283379,-0.133653,0.497707,0.335741,0.287735,-0.0749304,0.22901,0.308951,-0.248848,-0.0687784,0.171804
-5.29943,3.34294,0.589878,0.489508,0.245263,0.163863,-0.170217,0.226585,0.128786,0.315403,-0.0797826,0.0156685,-0.243582,-0.00180063,0.0861676,-0.124559,0.140212,0.0521234,-0.131749,-0.040183
-4.98276,2.7214,0.984751,0.752525,0.65229,0.444811,0.1186,0.462969,0.282422,0.260468,-0.0794286,-0.0757453,-0.013118,0.183444,-0.0848541,-0.0477104,-0.108626,-0.17846,-0.169631,-0.0369099
-6.23599,2.33306,1.51762,1.09484,0.903746,-0.0688933,-0.281042,0.170663,-0.0175025,0.01173,0.0397345,0.146378,0.0101014,0.110733,0.0586508,-0.121156,-0.0587617,-0.12458,-0.0507603,0.153402
-6.35687,1.93451,1.22853,1.1308,0.770871,0.390923,-0.319993,0.36087,-0.16886,-0.178813,0.0780074,0.0980373,0.57483,0.169082,0.0271015,0.00639556,-0.355244,-0.163866,0.283575,0.312096
-5.79744,1.4845,1.16233,0.870704,0.379067,0.155912,-0.223156,0.442569,-0.0500609,-0.0454092,-0.176741,-0.00251336,0.173598,0.112113,0.187868,-0.00557627,-0.256797,0.0112753,-0.0122382,0.194964
-5.16877,1.30737,0.90536,0.6378,0.191246,0.489799,-0.122318,0.31005,-0.238822,-0.0197044,0.10182,0.103442,0.263061,-0.0490541,0.264826,0.185914,-0.189828,0.0159725,0.108297,0.151734
-5.06565,1.04698,0.578511,0.808921,0.373039,0.37703,-0.214752,0.202595,-0.24779,-0.0377245,0.317425,0.183812,0.241491,0.0379317,0.375499,0.139978,-0.404393,0.0945205,0.177592,0.127509
-5.3386,0.930983,0.691597,0.745109,0.484793,0.39618,-0.305284,-0.0466171,-0.214476,-0.207208,0.257179,0.389408,0.247141,-0.0510477,0.264959,0.123939,-0.207575,0.136211,0.0097362,0.130116
-5.45195,1.00455,0.792187,0.683006,0.125461,0.22836,-0.0243932,0.0662239,-0.0967596,0.0504332,0.188628,0.116847,0.314275,0.244915,0.154796,0.0899652,-0.0357366,0.25411,-0.0210646,0.0315058
-4.84925,0.819135,0.334708,0.536957,0.388253,0.389768,-0.327637,0.129416,-0.0762446,-0.115006,0.119824,0.132791,0.356996,0.20111,0.147021,0.274152,-0.319398,-0.0251437,-0.0675965,0.12801
-5.33245,0.8627,0.523416,0.695994,0.491073,0.37911,-0.295251,0.161784,-0.287791,-0.162071,0.0556408,0.190121,0.346669,0.352396,0.202858,0.0769162,-0.0771222,0.197965,-0.128094,0.110841
-5.45478,0.744179,0.687146,0.675674,0.272399,0.34482,-0.328515,-0.0957215,-0.304022,-0.107121,0.101927,0.2688,0.39303,0.235803,0.188645,0.237965,-0.140467,0.0603257,-0.105567,0.282045
-5.21754,0.6787,0.516129,0.509732,0.0622591,0.156001,-0.531785,-0.071875,-0.236028,-0.196392,-0.108443,0.0541202,0.328471,0.0557124,0.0924734,0.172685,-0.149199,0.109182,-0.038641,0.116877
-5.03088,0.799404,0.181821,0.324706,-0.0606923,0.162793,-0.502326,-0.416368,-0.116767,-0.25847,-0.163117,0.184117,0.13214,0.11592,0.0173127,0.209317,0.00504273,0.0763101,0.13384,0.224114
-1.76801,1.75427,-0.105487,0.356037,-0.0575544,-0.197157,-0.258567,-0.376003,-0.421298,-0.229855,-0.185106,0.181536,0.259476,-0.00282731,-0.240511,-0.30849,-0.363294,-0.0186173,-0.0574,-0.0689561
-2.55946,1.19468,-0.0664952,1.01363,0.104536,-0.163773,-0.345402,0.0352704,0.371456,0.253849,-0.252607,0.047044,0.0506887,0.1847,0.157521,0.16857,-0.219683,-0.10904,0.358156,0.181947
-4.07486,0.842299,0.13613,0.930116,0.324209,-0.204421,-0.192438,-0.103763,0.125244,0.0246685,-0.0767661,0.377542,0.370857,0.264117,0.135768,0.03807,-0.168718,-0.118004,-0.0934176,0.0521479
-4.77725,0.875088,0.0749502,0.905705,-0.0796284,-0.316137,-0.325454,-0.276271,-0.17353,-0.137674,-0.0977187,0.084873,0.127846,0.0206662,-0.0668364,0.00114115,-0.0708077,-0.175884,0.0230004,0.126682
-6.13227,1.24404,0.290215,1.08949,-0.103045,-0.292164,-0.303526,-0.177138,-0.206824,-0.363324,-0.0524753,0.312192,0.149146,0.211246,0.00304286,0.0196888,-0.0550087,0.0482908,-0.173144,-0.00147977
-7.4357,1.57713,0.24968,1.09342,0.155359,-0.374769,-0.616734,-0.398425,0.116685,0.13421,0.0786721,-0.081293,0.0756508,0.0916702,0.117406,0.0214268,0.015346,-0.0411517,-0.277056,-0.148749
-8.19229,2.12954,0.70776,1.35648,0.0290797,-0.408901,-0.539429,-0.434664,-0.12591,0.175423,0.370509,0.0702664,0.150467,0.0487422,0.134776,0.0954867,0.043925,0.0432803,-0.051245,0.123052
-9.13222,2.61606,0.907311,1.2957,0.154853,-0.365109,-0.755951,-0.271781,-0.236009,-0.176062,-0.194538,0.28437,0.293715,0.151171,0.18505,-0.0579854,-0.0688621,0.103679,0.141709,0.242402
-9.81274,2.80711,0.880513,1.06099,0.253891,-0.174514,-1.0464,-0.545268,-0.191009,-0.0665796,0.0179616,0.159076,0.271889,0.196757,0.250461,0.0463385,0.180671,-0.0173478,0.177989,0.264426
-9.68412,2.71469,0.824899,0.846313,0.125792,-0.253616,-0.877141,-0.690687,-0.110064,-0.240786,-0.0780469,0.082495,0.276879,0.197449,-0.000643523,-0.0736817,-0.0550386,0.151521,0.166213,0.423197
-10.4155,2.97603,1.0237,0.934323,0.0821389,-0.475902,-1.23864,-0.703176,0.0661025,-0.19343,-0.130193,0.112351,0.393946,0.0273139,-0.0206884,0.125402,0.176518,-0.123336,0.193453,0.428117
-10.7775,2.98784,1.65065,1.33485,0.209571,-0.689264,-1.10011,-0.410464,0.47409,-0.132141,-0.189857,0.152164,0.414393,0.136125,0.0261211,-0.114882,0.224202,-0.100843,0.233638,0.385459
-9.54121,3.03715,1.11695,0.829266,-0.133539,-0.488243,-0.959391,-0.0880193,0.155653,0.0973665,-0.355672,0.162523,0.0684432,-0.16281,0.0649776,-0.0698243,0.147278,0.00896049,-0.0841042,0.0772125
-5.6904,3.44746,0.886198,0.658754,0.265755,0.470735,-0.201148,0.0484926,0.266433,0.33194,0.0500412,0.178909,-0.186867,-0.157271,0.0134422,-0.0358097,0.171703,0.0972468,-0.0498787,-0.111901
-7.98457,2.6323,1.41183,0.593057,0.356284,0.151892,-0.308652,-0.153053,0.234879,0.288961,-0.259888,0.128409,0.202618,0.402919,0.136915,-0.0578663,0.374388,0.117495,-0.190694,-0.00577258
-9.54022,2.64508,1.57521,0.736926,0.364709,-0.498702,-0.696627,-0.0157044,0.305123,0.187651,-0.0155345,0.181627,0.34591,0.156478,0.0150646,0.236423,0.27338,-0.332625,-0.273102,0.150258
-10.3635,3.15105,1.53773,0.959393,0.223782,-0.209431,-0.9692,-0.350002,0.181361,-0.0911577,-0.0624131,0.0926143,0.313723,0.159118,-0.0852099,-0.0491174,0.430653,-0.129356,0.00294441,0.186341
-10.6335,3.08819,1.76583,1.05336,-0.161903,-0.112842,-0.863971,-0.498072,-0.149792,0.196437,0.101892,0.1886,0.148609,-0.003102,0.0953955,0.0351141,0.587884,-0.156661,0.294256,0.189446
-10.8425,3.03736,1.5762,0.843482,-0.246412,-0.478062,-0.895501,-0.513432,-0.079125,0.0493453,-0.0855573,-0.0569798,0.180771,0.0438383,0.111218,-0.106746,0.459172,-0.214295,0.225809,0.151908
-10.297,2.9205,1.33762,0.859293,0.207757,-0.362893,-1.11177,-0.414483,-0.176662,0.0111452,-0.0270328,0.296922,0.163368,0.0805566,-0.073702,0.00898433,0.501484,-0.00713507,0.21953,0.0739795
-10.4035,2.95405,1.35192,0.736757,0.107401,-0.314918,-1.06883,-0.47278,-0.210465,-0.063007,0.162524,0.286683,0.0371647,0.0541501,0.0203674,-0.00892129,0.592185,0.0125877,0.159303,0.304681
-11.542,3.16984,1.71838,0.394585,-0.153206,-0.285986,-1.1049,-0.524138,-0.0973752,0.170489,0.0789709,0.159441,0.170023,-0.0254037,0.146822,0.0408792,0.681764,-0.237948,0.484049,0.414637
-12.0289,3.47122,2.06382,0.254191,-0.0201214,0.0861591,-1.23776,-0.524576,0.129352,0.236464,0.0169796,-0.162935,0.403679,0.0691286,-0.265667,-0.117275,1.09873,-0.514228,-0.173797,0.356632
-12.9617,3.39402,2.48657,-0.0284468,-0.316676,0.406058,-1.24831,-0.738891,0.111986,0.526022,-0.15824,-0.308998,0.774064,0.308148,-0.626482,-0.184363,1.59383,-0.837541,-0.436447,0.600724
-12.8726,3.33466,2.30727,0.143059,-0.425799,0.509995,-1.16227,-0.796944,0.554793,0.398128,0.110046,-0.0455098,0.670511,0.150476,-0.518225,0.052786,1.1853,-1.1749,-0.204317,0.557044
-12.093,2.99863,1.66734,0.494537,-0.161642,-0.105477,-1.04087,-0.465827,0.483408,0.613154,-0.161873,0.029718,0.642297,0.09609,-0.467555,-0.187836,1.16847,-0.975771,-0.304147,0.410227
-5.51725,2.92261,0.909281,0.51468,0.731541,0.40565,-0.0326057,-0.146617,0.250642,0.167583,0.0274071,0.269946,-0.153855,-0.0323152,0.134586,-0.0413682,0.0851096,-0.286974,-0.276206,-0.255915
-6.00983,2.69721,1.02863,0.715799,0.562501,0.252991,0.286718,-0.15877,0.00892456,0.280056,0.137588,0.365895,0.720292,0.327406,0.00701388,0.108241,0.0676491,-0.0784171,-0.237202,-0.142343
-7.53808,2.6081,1.10228,0.650943,0.272188,-0.0511022,-0.406835,-0.184311,0.0728909,0.06696,0.335109,0.57844,0.603752,0.44744,0.293354,0.391387,0.318073,0.0105294,0.0191964,0.0741844
-8.47396,2.79268,1.18563,0.644516,-0.152394,-0.318482,-0.354769,-0.25671,-0.100073,-0.102829,0.266049,0.461004,0.66761,0.281156,0.176951,0.288115,0.495206,-0.0274767,-0.0834537,0.0764011
-8.97881,2.72788,1.19086,0.57568,-0.0913299,-0.379995,-0.620216,-0.301976,-0.21612,-0.117242,0.305753,0.447663,0.73711,0.202494,-0.009053,0.213943,0.456213,-0.0753879,-0.108336,0.0248127
-8.88742,2.61763,0.905305,0.892173,-0.00275596,-0.26579,-0.651261,-0.620603,-0.388375,-0.222351,0.344059,0.415827,0.598897,0.432095,0.0257548,0.0377593,0.234688,-0.0852982,-0.240267,-0.100359
-8.09065,2.53881,0.147944,0.889878,-0.113424,-0.453267,-0.718091,-0.633661,-0.246127,-0.0920214,0.210211,0.1869,0.390796,0.391123,0.135624,0.209865,0.216032,-0.0578383,-0.10839,0.0621821
-9.03181,2.70778,0.676175,0.855741,0.0166457,-0.390404,-0.77863,-0.626102,-0.411827,-0.286213,0.109015,0.269656,0.188627,0.309235,0.0168894,0.162581,0.180063,-0.132349,-0.316775,-0.185839
-9.64243,2.97299,1.24581,0.916726,0.134069,-0.554281,-0.844638,-0.454245,-0.108076,-0.156826,-0.155361,0.27041,0.452028,0.51817,0.0908342,0.287421,0.259693,-0.147086,-0.537174,-0.0715555
-10.2395,2.93624,1.25156,0.88938,-0.12958,-0.540628,-1.04568,-0.270884,0.00717431,-0.350336,-0.200842,0.17876,0.621929,0.728907,0.031485,0.121065,0.467918,-0.429675,-0.54547,-0.00928166
-9.83858,3.07439,0.869636,0.618833,-0.0429446,-0.399012,-0.771436,-0.508553,-0.273586,-0.146246,-0.0484078,0.301517,0.464937,0.337269,-0.16428,0.162201,0.473896,-0.267181,-0.472039,-0.193319
-8.70846,2.52913,0.138928,0.623773,0.0890883,-0.416128,-0.72237,-0.57636,-0.34316,-0.218957,0.0600567,0.392075,0.525307,0.387505,0.225744,0.0960356,0.116873,-0.0325705,-0.189905,0.0599324
-10.1025,2.86358,1.13658,0.792222,-0.0210095,-0.286684,-0.990046,-0.692248,-0.181595,-0.152914,0.138448,0.666602,0.455624,0.327088,0.080873,0.0450139,0.0352271,-0.362402,-0.0121276,0.0388333
-6.78472,1.57477,0.274303,0.581403,-0.417098,-0.392202,-0.554674,-0.436668,-0.425769,0.507399,-0.143568,0.1462,0.15962,0.371009,0.287622,0.0450257,-0.0408752,-0.0552542,-0.0805033,-0.176745
-5.98423,1.29287,0.399,0.51641,-0.310181,-0.308547,-0.534741,-0.310084,-0.301535,-0.171501,-0.123482,0.0462668,0.101257,0.458062,0.361113,0.0517422,-0.295266,-0.18949,0.177012,0.102461
-7.17651,1.43449,0.513638,0.266371,-0.112705,-0.430143,-0.654428,-0.354853,-0.450632,-0.118773,-0.0581792,0.128887,0.429236,0.307795,0.408953,0.208646,-0.0518335,-0.233321,-0.1933,0.11265
-8.4738,2.30506,0.608439,0.477456,-0.00792395,-0.446985,-0.800271,-0.560473,-0.502048,-0.275447,-0.124044,0.363137,0.565153,0.36051,0.226392,0.371687,0.107444,-0.0925403,-0.197215,-0.0667465
-9.32436,2.78949,1.04433,0.637868,-0.136112,-0.606638,-0.978615,-0.490588,-0.450995,-0.186004,-0.0693783,0.376838,0.436275,0.414663,0.235145,0.331126,0.12694,-0.18712,-0.0327341,0.105637
-10.2125,3.2192,0.988007,0.375583,-0.115034,-0.323743,-1.22624,-0.70455,-0.502049,-0.287782,0.00262085,0.506082,0.422007,0.392517,0.0569508,0.021817,0.313102,-0.2968,-0.0297933,-0.0583941
-10.5561,3.5217,1.28326,0.50903,-0.177386,-0.125776,-0.864221,-0.476335,-0.263469,-0.0742684,-0.0270809,0.378104,0.546762,0.414854,0.156887,0.207465,0.170829,-0.509127,-0.283719,-0.00438975
-10.9085,3.24581,1.46922,0.248469,0.037369,-0.220834,-1.06208,-0.571198,-0.0745632,-0.146652,-0.241721,0.520838,0.788576,0.325466,-0.2904,-0.112861,0.401194,-0.321202,-0.414421,-0.116802
-10.1735,2.92347,0.815549,0.652447,0.13765,-0.275988,-0.984755,-0.677971,-0.110545,-0.209774,-0.0263501,0.522703,0.61724,0.261509,-0.146577,-0.17421,0.282557,-0.361999,-0.330224,-0.103968
-9.14314,2.74107,0.313763,0.783073,0.0748052,-0.285904,-1.04681,-0.730993,-0.094806,-0.170975,0.269431,0.495033,0.497073,0.525937,0.113611,-0.293055,0.120999,-0.23425,-0.201836,0.0186976
-9.54517,2.74314,0.5259,0.513497,-0.158145,-0.241865,-0.891749,-0.64575,-0.275709,-0.0477696,0.109098,0.504164,0.479608,0.442662,-0.0995987,-0.203967,0.0618991,-0.323233,-0.175075,-0.140179
-9.98413,2.82007,0.713458,0.94724,0.0891386,-0.563043,-0.987967,-0.379503,-0.333099,-0.24849,0.0834657,0.314938,0.371146,0.383023,0.045235,-0.285138,-0.0426067,-0.549906,-0.12726,-0.166087
-10.5312,3.37147,1.19946,0.581258,-0.0793056,-0.432476,-0.892963,-0.615055,-0.375613,-0.298461,-0.0461008,0.351562,0.328338,0.205713,-0.184367,-0.0315161,0.303531,-0.399541,-0.374099,-0.198211
-6.93029,1.96099,-0.00426682,0.817898,0.386214,-0.500462,-1.13684,-0.676855,-0.424741,-0.120228,0.146892,0.0491617,0.266112,0.0519995,-0.167544,0.206604,-0.130245,-0.0594502,0.0272816,-0.204302
-1.44571,2.00073,-0.502999,0.495715,-0.245823,-0.0293603,-0.142873,-0.281319,-0.178482,-0.193344,0.0595019,0.145275,0.145441,-0.0956582,-0.122515,-0.0108644,-0.0903345,-0.081193,-0.299014,-0.266011
-2.23744,1.44001,-0.124083,0.721099,-0.0396743,-0.0952973,-0.0940326,-0.064666,-0.124212,-0.219135,-0.0516104,0.306009,0.297833,0.302446,-0.105844,-0.0880917,-0.174325,-0.0350414,0.165717,-0.0662104
-3.73284,1.0548,0.101789,0.843677,0.070471,-0.362389,-0.325781,-0.100914,0.133662,-0.307425,-0.143942,0.360967,0.310953,0.148698,0.0711989,-0.101756,-0.0559485,-0.0909959,-0.177004,-0.279575
-4.93121,1.11906,-0.206136,0.811798,-0.0703845,-0.277015,-0.454338,-0.303189,-0.26506,-0.176653,0.00781655,0.238492,0.098791,0.0125946,0.136644,-0.110449,-0.205072,-0.293964,-0.13137,-0.0651663
-6.60846,1.30564,-0.100717,0.756676,-0.15722,-0.632688,-0.827127,-0.441776,-0.280213,-0.347086,0.0503971,0.310309,0.132267,0.113221,-0.0896408,-0.20931,-0.0219742,-0.185494,-0.325512,-0.33211
-7.55125,1.91007,0.449867,1.09093,-0.324951,-0.937182,-0.771636,-0.314308,-0.401596,-0.228066,0.0321123,0.133469,0.15462,0.0336592,-0.0804471,-0.022874,-0.16753,-0.231214,-0.173635,-0.376703
-8.22908,2.35866,0.333494,1.06989,-0.152445,-0.598391,-0.854643,-0.579281,-0.179162,0.104124,0.115219,0.209705,0.175634,0.0927368,0.0240354,0.0805859,-0.0723013,-0.217096,-0.346169,-0.220483
-8.74284,2.66984,0.408881,1.01733,-0.20644,-0.54801,-1.06099,-0.444932,-0.0283286,-0.195789,-0.048577,0.259125,0.269383,0.208433,0.0488332,0.00753043,0.224176,-0.177191,-0.261932,-0.224922
-9.8769,3.00675,0.811649,0.713846,-0.212505,-0.589667,-1.27885,-0.590777,-0.292714,-0.283887,-0.370997,0.211866,0.385299,0.334733,0.0157965,0.115969,0.655748,-0.19594,-0.345756,-0.307639
-10.42,3.25396,1.19181,0.617038,-0.377473,-0.406437,-1.30773,-0.729487,-0.339227,-0.398638,-0.271673,0.357258,0.684103,0.403755,-0.0420104,0.0291827,0.524663,-0.273399,-0.198059,-0.413252
-10.9265,3.20191,1.09628,0.423506,-0.536689,-0.76984,-1.20448,-0.74298,-0.427424,-0.41782,-0.274485,0.433829,0.797368,0.252557,-0.241341,0.109975,0.556491,-0.420718,-0.31115,-0.22141
-11.4153,3.1327,1.34398,0.502426,-0.491971,-0.664113,-1.4195,-0.896797,-0.394565,-0.459048,-0.240428,0.39299,0.473938,0.155628,-0.484308,-0.247078,0.673752,-0.490409,-0.515786,-0.270827
-11.098,3.25506,1.4087,0.444122,-0.510471,-0.153016,-1.15112,-0.978623,-0.0631163,-0.406915,-0.0888206,0.440385,0.513832,0.422592,-0.378725,0.128162,0.486878,-0.718564,-0.282716,-0.00264116
-7.03158,1.52513,0.121507,0.17393,-0.359269,-0.928408,-0.723475,-0.579462,-0.0432663,-0.188813,0.0604709,0.268103,0.0184443,0.248263,0.251915,0.428254,-0.147692,-0.215518,-0.199669,-0.124385
-6.32761,1.36235,0.271453,0.0810325,-0.246642,-0.473474,-0.509596,-0.0844256,-0.3313,-0.184683,0.0290725,0.262456,0.304246,0.387212,0.133296,0.122723,-0.138893,-0.215699,0.0212463,0.00293068
-8.18384,2.14264,0.679426,0.192663,-0.132576,-0.671184,-1.0336,-0.415958,-0.309649,-0.321473,0.107168,0.231784,0.131632,0.122423,-0.0196905,0.120486,0.118146,-0.189515,-0.126732,-0.0736392
-9.34454,2.46548,0.520134,0.456204,-0.334214,-0.694013,-1.05474,-0.481717,-0.328155,-0.247308,0.0699375,0.25901,0.108002,0.150964,-0.011144,0.144988,-0.0392795,-0.293677,-0.112666,-0.18234
-9.67089,2.94184,0.445538,0.456019,-0.136861,-0.626829,-1.19182,-0.630754,-0.742041,-0.426226,-0.0337859,0.361753,0.0421054,0.241382,0.074347,0.15408,0.311413,-0.262482,0.0104675,-0.225243
-10.5046,3.03078,1.19788,0.540174,-0.399079,-0.499782,-0.947098,-0.722683,-0.678977,-0.637399,-0.125441,0.499035,0.562506,0.477818,0.0465316,0.0412945,0.542323,-0.120645,-0.17334,-0.342797
-10.4791,3.06157,1.08565,0.585205,-0.326796,-0.459539,-1.39239,-0.764791,-0.196988,-0.181301,-0.179541,0.368671,0.428435,0.539852,0.10025,0.135299,0.397612,-0.51172,-0.232972,0.015129
-7.70091,2.19968,0.143556,0.78508,-0.345318,-0.525521,-0.847311,-0.66147,-0.440917,-0.101612,0.148516,0.116777,0.0233893,0.237921,0.120745,0.285471,0.149165,-0.309363,-0.389016,-0.168338
-5.62459,2.25186,0.55464,0.867954,0.391739,-0.0283028,-0.0834611,-0.146464,0.0237225,0.0686846,-0.0252171,0.442797,0.41132,0.327177,0.0807852,0.0465542,-0.0348543,-0.325388,-0.186276,-0.156168
-7.65435,3.0112,1.25016,1.30663,0.457319,-0.103177,-0.378997,0.00226374,0.225203,0.125223,0.262707,0.632739,0.669333,0.257349,0.123228,0.255301,0.483999,-0.064162,-0.228356,-0.0860653
-9.71446,3.17445,1.83842,1.10479,0.193806,-0.377869,-0.611721,-0.125868,0.122639,0.121982,0.311616,0.756067,0.852981,0.105128,0.169149,0.482764,0.772793,-0.106111,-0.173197,0.148079
-10.3591,3.11843,1.93362,0.649407,0.138835,-0.4599,-0.898049,-0.119074,-0.11929,-0.21355,-0.00586338,0.851699,0.985458,0.38816,0.234949,0.472184,0.57206,-0.457214,-0.122986,0.152189
-10.5123,3.15942,1.80315,0.382066,-0.266915,-0.394175,-0.97,-0.241729,0.0384733,-0.214496,0.20137,0.578474,0.596379,0.287312,0.183504,0.500775,0.702518,-0.145003,-0.0723308,-0.0988351
-4.84142,2.65671,0.889951,0.36688,0.124362,0.228981,-0.308571,0.0560317,-0.0499891,-0.323887,0.106724,-0.142742,-0.137109,0.0446136,-0.12963,-0.123517,-0.166837,-0.0946813,-0.213933,-0.0774793
-6.91721,2.76991,1.75457,0.864093,0.647927,0.0903791,-0.554877,0.318688,0.233665,-0.0625769,0.15688,0.349478,0.437467,0.508409,0.345402,0.349668,0.369701,-0.0191884,-0.234756,-0.221036
-8.96037,3.05431,1.85488,0.60655,0.593571,-0.00676991,-0.889053,-0.370587,0.21355,-0.156864,0.108352,0.543627,0.760164,0.515465,0.157413,0.382139,0.34245,-0.0806904,-0.241012,-0.0991097
-9.967,3.25848,1.75945,0.724534,0.125469,-0.162196,-1.08046,-0.426328,0.147313,-0.234753,0.142469,0.590655,0.627922,0.338865,0.190442,0.130929,0.553852,-0.189122,-0.200946,-0.135283
-10.4174,3.19901,1.71552,0.654138,-0.0725394,-0.38845,-0.955964,-0.571874,-0.105149,-0.0685129,0.24516,0.409268,0.660823,0.516649,0.173098,0.272842,0.659277,-0.134504,-0.313553,-0.0978677
-10.9352,3.24086,1.75205,0.653474,-0.288328,-0.592438,-0.962097,-0.607961,-0.0673169,-0.235093,0.065725,0.467286,0.692508,0.338805,0.0786654,0.0941488,0.505076,-0.18671,-0.0173607,0.118974
-10.7192,3.23342,1.80696,0.475558,-0.409814,-0.358859,-1.08145,-0.706619,0.0786822,-0.185238,-0.0475798,0.276912,0.536956,0.409863,0.0106367,0.355078,0.447045,-0.431307,-0.0435292,0.10258
-10.6,3.02826,1.38651,0.493864,-0.329982,-0.745411,-1.17688,-0.619625,-0.220333,-0.259953,-0.129636,0.476517,0.648008,0.402616,-0.120894,0.299826,0.617044,-0.182414,-0.211512,-0.152977
-9.85188,2.78896,1.00152,0.809771,0.154411,-0.29971,-0.954572,-0.729458,-0.230847,-0.00683486,-0.15635,0.410124,0.80995,0.472752,-0.0825958,0.131626,0.393751,-0.286028,-0.263516,0.0696186
-8.33845,3.7923,0.480692,0.594956,0.0581026,0.169579,-0.327063,-0.212615,0.0135821,0.269041,0.0321916,0.129728,0.307373,0.304148,-0.00408209,0.0116584,0.135061,-0.377034,-0.261928,-0.0644423
-8.06515,3.94301,0.585386,0.866452,0.195308,0.0027205,-0.614431,-0.446314,-0.150758,0.457278,0.214223,-0.0095317,0.115553,0.411391,-0.0496257,-0.122279,0.225526,-0.314224,-0.459533,-0.146481
-8.78679,4.02321,0.704819,0.838465,0.438726,-0.154105,-0.904473,-0.515833,0.00792843,0.278204,0.10424,-0.0559897,0.0978596,0.237219,0.0154559,0.213536,0.455704,-0.5224,-0.413308,-0.163945
-8.70679,3.73194,0.652941,0.782381,0.54808,-0.0558288,-0.913682,-0.542229,-0.100459,0.11042,-0.018644,0.00103889,0.219492,0.141098,0.00987461,0.314494,0.37919,-0.425718,-0.369595,-0.236161
-4.47983,3.32516,0.718977,0.5279,0.412025,0.106435,-0.12558,-0.0296586,0.186254,0.384403,-0.322252,-0.146474,-0.0210397,0.0647476,-0.0509166,-0.128769,0.0845736,-0.0132542,-0.226105,-0.0832015
-5.39946,2.31449,0.951611,0.645173,0.532516,0.0579466,-0.202105,0.267057,0.369729,0.0793055,0.0884903,0.359521,0.411684,0.308619,0.0717076,0.0127315,-0.0187553,0.100726,-0.289696,-0.149961
-6.72904,1.92136,0.999848,0.737518,0.501943,-0.348725,-0.647642,0.046005,-0.0847963,0.109584,0.27148,0.414704,0.295974,0.25909,0.222376,0.251074,0.230629,-0.235395,-0.337344,-0.161623
-6.38431,1.53974,0.93918,0.675039,0.326042,-0.0342108,-0.625023,0.102517,-0.310476,-0.380169,0.0421311,0.394668,0.894495,0.466494,0.339566,0.0388236,-0.382203,-0.14276,0.0594063,0.166667
-5.91129,1.06698,0.783844,0.411947,-0.0288037,-0.0764534,-0.504731,-0.145641,-0.542446,-0.208157,-0.125559,0.191447,0.571827,0.477361,0.426284,0.0103624,-0.306524,-0.0097265,-0.0124545,-0.0152552
-5.48592,0.662162,0.452652,0.232502,-0.160593,0.024687,-0.756961,-0.260741,-0.76137,-0.278759,0.0846573,0.230184,0.421806,0.223622,0.485862,0.163851,-0.22226,0.00870934,-0.00401346,-0.0317997
-5.39331,0.525581,-0.0366312,0.202635,-0.162405,-0.159352,-0.764668,-0.446493,-0.723383,-0.362927,0.082043,0.185386,0.50009,0.313435,0.520809,0.29985,-0.237056,0.113148,-0.0163462,-0.0618791
-5.35615,0.73603,0.308949,0.28952,-0.0981455,-0.149718,-0.703301,-0.353922,-0.566506,-0.458332,-0.0487453,0.307562,0.366352,0.303551,0.290185,0.0750519,-0.315765,-0.170639,-0.250521,-0.0445841
-5.31732,0.667713,0.235648,0.147226,-0.264392,-0.164522,-0.582302,-0.508565,-0.567304,-0.302769,-0.0178638,0.165337,0.468131,0.254139,0.159304,0.212662,-0.302484,-0.0291617,-0.182201,-0.137579
-4.60343,1.22172,0.616119,0.719336,0.120069,0.198628,-0.366313,0.0632141,-0.187415,-0.257236,0.0873256,0.0624019,0.357781,0.249867,0.185945,0.170805,-0.450037,-0.0741906,-0.132172,0.0419717
-4.6625,1.26744,0.788734,0.922098,0.333874,0.152228,-0.322733,0.123203,-0.118446,0.153847,0.178036,0.256756,0.297757,0.0219188,-0.0991578,-0.0623503,-0.191379,-0.132955,-0.471301,-0.091931
-4.75227,1.31266,0.863013,0.61117,-0.0608201,0.162582,-0.507422,-0.133605,-0.177401,0.234171,0.200338,0.203589,0.127666,0.0252722,0.0497221,0.0817238,-0.303575,-0.206138,-0.415084,-0.0839518
-4.77338,1.09761,0.494987,0.505301,-0.12781,0.0523065,-0.559302,-0.111394,-0.0373592,-0.165138,-0.0590462,0.183611,0.265239,-0.101459,-0.0739968,0.136548,-0.177241,-0.179544,-0.239843,-0.0210035
-4.39175,1.01015,-0.0901135,0.439817,-0.0847462,-0.250721,-0.661521,-0.335302,-0.100753,-0.21325,0.0300613,0.141108,0.112828,0.0965729,0.0340219,0.161211,-0.106833,-0.0867107,-0.175737,-0.107037
-1.64945,1.95946,0.123485,0.586837,0.0560444,-0.0771875,-0.0719098,-0.209212,-0.314784,-0.235893,-0.220472,0.279354,0.335677,0.119307,-0.0907247,-0.133233,-0.22485,0.0462325,0.0559989,0.00848047
-2.62269,1.28303,-0.15482,0.772209,0.0277257,-0.355238,-0.249723,-0.0422144,0.278217,-0.0502544,-0.37457,0.0841985,0.0283834,0.0267579,-0.04115,-0.0484737,-0.173814,-0.105456,0.235931,0.0519512
-3.68611,1.47453,0.0811043,0.735769,0.204081,-0.243186,-0.331457,-0.124995,0.298839,0.144111,-0.239057,0.0170396,0.256724,0.0510933,0.016789,-0.0669077,-0.242831,0.087099,-0.0156626,0.0132593
-4.47648,1.56869,0.1948,0.841197,-0.227149,-0.326043,-0.397163,-0.296767,0.0617871,0.185707,0.0607385,0.0656468,0.121936,0.0544139,-0.117874,-0.162086,0.0762921,0.323356,0.0766861,0.00785174
-5.65633,2.10003,0.29483,0.798185,-0.259489,-0.291484,-0.46223,-0.254318,0.0512304,-0.047423,0.0994889,0.328871,-0.0840859,0.0551777,-0.0364762,-0.111078,0.069318,0.249034,0.190744,0.151945
-6.57388,2.6544,0.55677,0.841257,-0.120293,-0.508862,-0.595671,-0.0444331,0.233026,-0.0722488,0.180406,0.0533462,-0.0762624,-0.0207204,0.100379,-0.0387089,-0.0500057,0.0997007,0.0349186,0.0672394
-7.37042,3.1585,0.734197,0.949119,-0.329598,-0.625478,-0.418559,-0.176958,0.181797,0.14918,-0.0207668,0.173931,-0.0245599,-0.0371264,0.0697419,-0.0744527,-0.128673,-0.240583,0.0964981,0.0689289
-8.58202,3.1762,0.449154,0.498227,0.0779731,-0.539744,-1.01382,-0.374176,0.245186,0.155191,-0.175746,0.150457,0.186649,-0.056629,0.0450673,-0.211485,-0.076229,0.047186,-0.0189639,-0.128874
-8.88039,3.16377,0.511471,0.8594,0.143178,-0.487515,-0.845786,-0.470138,0.276683,0.301004,0.253704,0.128251,0.175232,0.312436,0.165067,-0.254624,0.0404036,-0.165661,-0.146,-0.188957
-8.87269,3.26771,0.683466,0.765369,-0.0652621,-0.581694,-1.12722,-0.700855,0.196913,0.310533,-0.0586695,-0.201785,0.162143,0.302664,0.229503,-0.242471,-0.335894,-0.0647732,-0.0998963,0.114589
-9.16899,3.60297,0.602335,0.699071,0.103735,-0.50028,-1.16581,-0.925589,-0.129072,0.193143,-0.182032,-0.134729,0.152796,-0.0513242,-0.0429494,-0.210257,0.0638903,0.047681,-0.120098,-0.231816
-9.35961,3.5201,0.730338,0.423924,-0.0939678,-0.556819,-1.15133,-0.816657,0.0161248,0.285884,-0.307529,0.0911144,0.381746,0.229466,0.0185396,-0.178282,0.123154,-0.00839641,-0.235849,-0.195655
-6.91105,3.39906,0.638636,0.491334,-0.308127,0.234046,-0.462295,0.00251665,0.0784527,0.267413,-0.35744,0.400182,0.329441,-0.00779016,0.0265903,-0.262418,0.119823,-0.00505463,-0.22948,-0.134554
-5.35789,3.41661,0.469043,0.630926,0.341588,0.108677,0.0547725,0.296668,0.379019,0.13851,-0.0984162,0.117023,-0.173288,0.0499145,0.0739707,-0.0990499,0.216986,0.0843229,-0.0660798,-0.115564
-6.64242,3.13255,0.674865,0.348895,0.258184,-0.481687,-0.52771,0.0781123,0.111522,0.109448,-0.122977,0.0982936,-0.10748,0.189911,0.0848026,0.077529,0.398477,0.293034,-0.051298,-0.235374
-7.48452,3.74694,0.542857,0.508581,0.235609,-0.349464,-0.728704,-0.123236,0.567727,0.0224294,0.045399,0.175096,-0.0712466,0.324334,0.263598,-0.138765,0.212864,0.468159,0.12443,-0.215989
-7.84753,3.8836,0.322475,0.401844,0.0429278,-0.483842,-0.839569,-0.160927,0.551794,0.0334246,-0.218787,0.0239939,-0.0997077,0.439423,0.409106,-0.184119,0.122106,0.347378,0.213296,-0.104158
-7.95567,3.94569,0.460478,0.430256,0.0238135,-0.245964,-0.661524,-0.00310782,0.587596,-0.0358734,-0.135536,0.145895,-0.120725,0.220753,0.271687,-0.31611,0.192286,0.503958,0.0804475,-0.26085
-8.29304,3.81879,0.408503,0.536104,-0.017729,-0.583737,-0.658816,-0.193956,0.137982,-0.249342,-0.114069,0.171818,-0.319713,0.325312,0.240694,-0.0785229,0.436486,0.258031,0.0775732,-0.361005
-8.20445,3.56087,0.687608,0.740111,0.130612,-0.35607,-0.726331,-0.282447,-0.00398972,-0.0439081,-0.121795,0.0160239,-0.185572,0.445296,0.391366,-0.0279433,0.222162,0.288435,-0.0415451,-0.403339
-9.31156,3.3821,0.69743,0.393065,-0.0950252,-0.317611,-1.06373,-0.551825,-0.29865,-0.333932,-0.252165,-0.0115629,-0.00444706,0.476247,0.473963,-0.163056,-0.0323151,0.169878,-0.148042,-0.436682
-9.95129,3.54352,0.772667,0.770073,0.19661,-0.227067,-0.765307,-0.580428,-0.228278,-0.132288,0.115272,0.516934,0.100146,0.481821,0.346446,-0.473165,0.0124644,0.534835,-0.0649542,-0.214608
-10.3687,3.41027,0.697756,0.441529,0.115843,-0.370875,-0.62716,-0.581301,-0.0252688,0.132339,-0.03187,0.236622,-0.235956,0.356844,0.316375,-0.79749,-0.0358711,0.470199,0.0185977,-0.434292
-10.2744,3.33436,0.650234,0.532815,-0.138029,-0.344407,-0.505458,-0.853549,-0.094605,0.575262,-0.00276755,0.261749,-0.226248,0.383188,0.44655,-0.928198,-0.279743,0.307449,-0.0160949,-0.486288
-9.8937,3.01533,0.206311,0.373212,-0.113401,-0.488943,-0.996593,-1.03475,0.301996,0.345553,-0.162009,0.236268,-0.235889,0.274379,0.230639,-0.561037,-0.10443,0.369127,-0.251876,-0.390128
-8.56689,2.54226,0.221912,0.282683,0.379662,-0.219861,-0.837045,-0.948247,0.379198,0.341159,0.175864,0.0414155,-0.121307,-0.0292701,0.0415203,-0.236616,-0.0355333,0.449406,-0.00481979,-0.0340691
-4.57366,3.35845,0.826596,0.41296,0.658875,0.436229,0.0238832,-0.185514,0.100229,0.0816722,-0.106732,0.308508,0.275759,-0.0924744,0.334718,-0.0534898,-0.0924299,-0.0591255,0.0293797,-0.199692
-5.32649,2.88303,0.608634,0.563983,0.422481,0.154234,0.409598,0.34975,-0.147316,0.0778431,0.0372768,0.0726302,0.18497,0.403904,0.482461,-0.044757,-0.0965265,-0.101521,0.300094,0.210099
-6.03831,3.04396,0.44727,0.666545,0.290071,0.0195905,0.177616,-0.00650954,-0.171547,0.221255,0.136009,0.000344537,0.358456,0.423899,0.648605,-0.186242,-0.102491,-0.0441638,0.0497185,0.311295
-6.53237,2.94763,0.279685,0.684376,0.223296,-0.0111677,-0.100256,-0.222937,-0.479222,-0.0810341,-0.0284744,-0.150259,0.563273,0.585764,0.663439,-0.127844,-0.0432029,-0.0465832,-0.0956166,0.10634
-7.01799,2.98639,0.187845,0.6793,0.187548,0.0149482,-0.108236,-0.199606,-0.367231,0.0137701,0.187173,-0.507048,0.358959,0.482915,0.367597,-0.292292,-0.0775874,0.110789,0.0353178,0.175314
-7.18795,3.10726,0.222655,0.786228,0.387661,-0.0362115,-0.27698,-0.236579,-0.274744,0.00155572,-0.015124,-0.33364,0.34695,0.415776,0.425824,-0.398536,-0.241621,-0.0952171,-0.130577,0.160543
-7.12392,2.9089,0.610341,1.11838,-0.207906,-0.29127,-0.0964172,-0.189471,-0.122078,-0.316085,-0.211869,-0.0928365,0.517863,0.430887,0.14585,-0.171596,-0.214345,-0.156146,0.0229145,0.232437
-7.87042,3.00508,0.553036,0.888868,-0.205319,-0.436464,-0.286772,-0.0627532,0.00620391,-0.243187,-0.14262,-0.152412,0.0295063,0.319622,0.0159362,-0.283735,-0.0859678,-0.0450956,-0.0330746,0.14316
-7.8121,2.11034,1.6062,0.753857,-0.340313,-0.106744,-0.586367,-0.0255721,-0.463815,-0.101615,-0.0701536,-0.134206,0.129664,0.218918,0.0393608,-0.340132,-0.336177,0.200683,-0.13262,0.0654818
-6.74073,1.12148,1.99532,0.892781,-0.71347,0.0116639,-0.796481,-0.228136,-0.357896,-0.0590596,-0.156036,-0.21892,-0.0575553,0.255145,0.201862,0.0725604,-0.235849,-0.0190563,-0.39329,-0.151457
-6.57166,1.37467,1.38719,0.942234,-0.446991,0.228432,-0.767383,-0.364506,-0.123277,-0.254933,0.145068,-0.223335,-0.0572126,0.271763,-0.177212,0.0377526,-0.100493,-0.0264803,-0.254499,-0.325567
-6.71017,1.25698,1.42273,0.613053,-0.407968,0.476581,-0.674096,-0.266577,-0.409256,-0.26453,-0.0168193,-0.033127,0.185422,0.332501,-0.00333968,-0.257068,-0.19884,-0.125262,-0.201462,-0.105505
-6.8434,1.36543,1.58823,0.23548,0.121582,-0.0145986,-0.773983,-0.0450554,-0.637714,-0.425523,-0.446541,0.00579842,0.370384,0.42393,0.128123,-0.0200248,-0.187585,-0.257642,-0.121308,-0.127615
-5.37065,1.58532,0.356663,0.694169,-0.238758,-0.176811,-0.589426,-0.252972,-0.359936,0.27487,-0.470524,-0.0679492,0.0631129,0.413056,0.331402,-0.0291666,-0.216559,-0.237285,-0.125153,0.00730512
-5.69503,1.46484,0.754525,0.763292,-0.098431,-0.26762,-0.665325,-0.352696,-0.239594,-0.214842,-0.402064,-0.376684,0.0349095,0.456478,0.360316,-0.212933,-0.401215,-0.309209,0.0423689,0.158148
-6.50818,1.99471,0.777573,0.399751,0.0841421,-0.314635,-0.421566,-0.26428,-0.602419,-0.419208,-0.287494,-0.155184,0.424456,0.353224,0.099801,0.0659887,-0.334368,-0.421027,-0.0580125,0.16885
-7.39765,2.62669,0.762748,0.502555,-0.186935,-0.227708,-0.410192,-0.04606,-0.187683,-0.0556398,-0.065635,0.107138,0.21969,0.259685,0.140712,0.232208,-0.00611431,0.00549339,0.131397,0.147054
-8.14564,2.81702,0.941706,0.473007,-0.119994,-0.243808,-0.743343,0.0979735,0.138852,-0.0327938,-0.454074,0.0846408,0.359493,0.251293,0.226997,0.106081,0.3056,-0.0311842,0.00876937,0.0885129
-8.9949,2.85712,1.37984,0.917767,-0.146278,-0.170118,-0.622325,-0.0495545,-0.030903,-0.0456438,-0.0939129,0.172443,0.317246,0.268203,0.279793,0.123293,-0.0484445,-0.337973,0.0486934,0.24803
-9.26545,2.88118,1.24687,0.662721,-0.419893,-0.239422,-0.567045,-0.220544,-0.297083,-0.321928,-0.0781829,0.110831,0.310386,0.556745,0.212211,0.0374383,0.150528,-0.0701078,0.210215,0.174612
-9.10747,2.77259,1.03779,0.622182,-0.381535,-0.445626,-0.903324,-0.0144087,-0.129012,-0.320505,-0.195174,0.237633,0.351961,0.567548,0.201985,0.00208285,0.208206,0.104314,0.114268,0.276342
-8.53347,3.17752,0.697193,0.711906,0.0182355,-0.07454,-0.303426,-0.183059,-0.0400357,-0.054769,-0.143271,0.267891,0.302041,0.30678,0.107391,-0.173477,-0.0679282,0.0563974,0.201308,-0.0482749
-6.54268,3.4733,0.0253422,0.86279,0.296523,0.111586,0.161904,-0.0409929,-0.303586,-0.34468,-0.0807197,-0.0987918,0.218116,0.412819,0.139642,-0.0762045,-0.3739,-0.430665,0.135473,0.175814
-7.20485,3.24916,0.12174,0.720425,0.270986,-0.0339433,0.0657495,0.0338104,-0.593464,-0.405313,0.104426,-0.177914,0.217104,0.417554,0.14631,-0.0916934,-0.189664,-0.197413,0.0725763,0.181495
-7.3393,3.30792,0.0828717,0.847953,0.235591,-0.249392,0.20925,-0.162986,-0.454196,-0.242057,-0.152142,-0.077432,0.466067,0.302979,0.141727,-0.0629046,-0.157111,-0.10564,-0.0209248,0.105779
-7.7328,2.99639,0.531249,0.869234,0.128904,-0.573287,-0.0268072,-0.159845,-0.611354,-0.391932,-0.120232,0.100521,0.552401,0.552591,0.199964,-0.134418,-0.284796,-0.401735,-0.0539608,0.192567
-4.63325,1.81044,-0.0932142,0.586712,0.115965,-0.311476,-0.768183,-0.343709,-0.22053,-0.152392,-0.067345,0.151337,0.320665,0.102828,-0.0531121,0.121872,-0.0951093,0.0542796,0.0133025,-0.0779566
-1.35713,1.79066,-0.349426,0.510475,-0.0272136,0.0557055,-0.023727,-0.132593,-0.0948169,-0.0404598,0.125403,0.101026,0.0330118,-0.058604,0.0540562,0.0194411,0.0220698,-0.0805507,-0.145053,-0.241868
-2.72508,1.18784,-0.187318,0.737959,0.0739063,-0.0984607,-0.171051,0.0345734,-0.0504565,-0.362023,-0.103869,0.231745,0.230866,0.242328,-0.0904097,-0.289704,-0.142147,0.15727,0.216389,-0.0426062
-3.83759,1.209,0.00607268,0.758339,-0.0708117,-0.313202,-0.0450819,0.149039,0.19948,-0.26439,-0.260551,0.241472,0.332159,0.082115,-0.0188519,-0.00428792,0.10867,-0.0932533,-0.0205011,-0.0393201
-4.90833,1.39041,-0.056912,0.822307,0.0878107,-0.308156,-0.281505,-0.273051,-0.240853,-0.0904955,-0.156606,0.171607,-0.0138805,0.324338,0.40694,0.183326,0.0498773,-0.0733077,-0.0781762,-0.042669
-6.3826,1.65291,0.240284,1.00668,-0.166923,-0.524275,-0.449268,-0.0268921,-0.0967955,-0.271424,-0.0805821,0.116108,0.288385,0.327775,0.045421,-0.143253,-0.0542842,0.0145859,-0.0388574,-0.105648
-7.44997,2.05475,0.513312,1.19755,-0.0615223,-0.468101,-0.370679,0.131178,0.0489978,-0.216753,-0.0374029,0.101637,0.145329,0.0955795,0.104001,0.134798,-0.210858,-0.182691,0.165184,0.201728
-7.74831,2.41665,0.145017,0.980748,-0.138998,0.041669,-0.282513,-0.313963,-0.0687098,-0.202153,-0.0570307,0.234008,0.215005,0.114492,0.055227,0.0980888,0.0848537,0.0551485,-0.0625553,0.210149
-8.37946,2.89263,0.662883,0.768699,-0.0127422,-0.243775,-0.33591,-0.44574,-0.264058,-0.131495,0.168371,0.0603351,0.354351,-0.01113,0.159353,0.116724,0.251205,0.00254486,-0.0764522,0.168346
-8.61097,3.00277,0.574249,0.752262,-0.177485,-0.102272,-0.116954,-0.357207,-0.405674,-0.0594173,0.0707323,-0.0415101,0.388433,0.27817,0.466596,-0.169912,-0.00830333,-0.0170202,0.0510158,0.252491
-8.84794,3.04188,0.700349,0.738504,0.0967838,-0.222887,-0.480978,-0.319065,-0.563151,-0.204325,0.286419,0.139747,0.528927,0.288743,0.141052,-0.118186,0.173922,-0.0885854,-0.0678384,0.172925
-9.10171,3.15106,0.572889,0.795479,0.15243,-0.222008,-0.368025,-0.514989,-0.691637,-0.38238,-0.142098,0.339314,0.70837,0.268885,0.00296929,-0.231317,0.353994,-0.262119,-0.0508859,0.0653237
-9.13484,3.11924,0.640945,0.713717,0.0298791,-0.0633621,-0.129704,-0.536042,-0.817245,-0.481233,0.00230933,0.364563,0.400039,0.496868,0.145594,0.00514693,0.506359,-0.190643,-0.173628,0.159649
-8.87776,2.9988,0.571526,0.71375,-0.581409,-0.342214,-0.312689,-0.279155,-0.502849,-0.307784,0.0303713,0.132242,0.0846675,0.550221,0.433658,0.0808409,0.106575,-0.00409632,0.102653,0.134352
-6.1208,1.48884,0.214694,0.26318,-0.263612,-0.509606,-0.393743,-0.410205,-0.176252,-0.134991,-0.00722088,0.133544,-0.26535,0.227289,0.198826,0.182257,-0.194765,-0.153245,0.0496006,0.0642464
-6.55218,1.57483,0.461294,0.225467,-0.0918875,-0.398726,-0.511611,-0.0330723,-0.306332,-0.142462,-0.0174906,-0.0216161,0.110852,0.298471,0.187835,0.114441,0.0537778,-0.246129,0.0341103,0.054923
-8.26625,2.23999,0.423763,0.280914,-0.210624,-0.624096,-0.638446,-0.247725,-0.316731,-0.320403,0.0142593,0.00542013,-0.233907,0.0639225,0.11908,0.201125,0.111959,-0.0801383,-0.0248268,0.122465
-8.95194,2.75399,0.193452,0.351544,0.072869,-0.478501,-0.796709,-0.475627,-0.492439,-0.337674,-0.135061,0.20607,0.121597,0.260617,-0.129572,0.0108702,0.239625,-0.163079,0.366281,0.345983
-9.7884,2.78586,0.349876,0.430807,-0.0716054,-0.47465,-1.10642,-0.374141,-0.664137,-0.447969,-0.3586,0.238101,0.390694,0.377981,-0.0700423,0.00408946,0.307367,-0.318686,0.0309188,0.108494
-10.6331,3.15374,0.848083,0.753768,-0.236089,-0.411635,-1.10498,-0.51106,-0.44624,-0.572235,-0.11188,0.297581,0.180537,0.164884,-0.14408,0.194644,0.434505,-0.295615,0.042617,0.153384
-9.96258,3.27405,0.268665,0.731296,0.00947444,-0.774476,-1.35435,-0.47168,-0.303773,-0.200362,-0.328599,0.0405829,0.247218,0.353893,-0.00651236,0.123695,0.577364,-0.246479,0.04513,0.248286
-7.13149,1.74429,0.0442174,0.701697,-0.0821244,-0.266175,-0.49761,-0.595362,-0.531857,-0.174269,0.120907,0.148054,0.0641097,0.167207,0.0161706,0.264765,0.175635,-0.186728,-0.129112,0.143808
-5.80596,2.36552,0.636428,1.31638,0.665291,0.439458,0.104014,-0.00393241,-0.201772,-0.188092,-0.137999,0.428231,0.418149,0.233158,-0.0856851,-0.120217,0.0590901,-0.188907,0.00240549,0.0232791
-8.34143,3.16911,1.19571,1.29222,0.529182,-0.124826,-0.243824,0.0557921,0.312959,-0.0246474,-0.00175904,0.38351,0.785342,0.461215,0.221352,0.217766,0.300595,-0.0552018,-0.0676931,0.113721
-9.59847,3.15654,1.63027,1.11788,0.432091,-0.0272791,-0.592576,-0.108928,0.227201,-0.0551021,0.0689691,0.481318,0.690595,0.320484,-0.0270606,0.098195,0.608581,-0.128267,0.0150922,0.211889
-10.3614,3.336,1.53736,0.631232,0.114637,-0.334611,-0.676089,-0.0981109,0.00286731,-0.17106,-0.0815503,0.253246,0.575596,0.358145,0.204791,0.152776,0.522914,-0.237428,0.262278,0.460084
-9.55866,3.15998,1.28505,0.29558,0.20198,-0.264067,-0.470113,-0.251251,-0.201982,-0.103524,0.0428306,0.2266,0.214091,0.240606,0.0110854,0.0988217,0.295623,-0.16112,0.209312,0.445993
-4.81456,2.76225,0.940092,0.456862,0.24906,0.417525,-0.163293,0.15491,0.15339,-0.198528,0.156915,-0.276783,-0.131736,0.0433846,-0.0361619,-0.0896892,0.00248842,0.0705825,0.0565962,-0.00344606
-7.55631,2.74211,1.85732,0.742347,0.43024,0.189661,-0.500504,0.21405,0.365954,-0.0719948,-0.11775,0.342581,0.334554,0.161127,0.0800747,0.21395,0.362606,0.041022,0.0803899,0.0542207
-9.31404,2.99774,1.87475,0.733379,0.408899,-0.183768,-0.772071,-0.213568,0.247101,-0.0628146,0.0147363,0.298071,0.28883,0.0424107,0.317398,0.330257,0.184686,-0.0450344,0.0562255,0.0609176
-9.88623,3.40358,1.60559,0.798355,0.176344,-0.16978,-0.932017,-0.221822,0.251692,-0.151086,-0.334612,0.295916,0.37255,0.169847,0.11267,0.395033,0.682453,-0.299432,-0.111632,0.157054
-10.6025,3.21203,1.60454,0.761198,0.105535,-0.524969,-1.02278,-0.281047,-0.0713741,-0.027248,-0.283998,0.231856,0.684792,0.116271,0.103995,0.390353,0.706983,-0.00275492,-0.186259,0.0872314
-11.0749,3.1955,1.74215,0.671605,-0.0612983,-0.544757,-1.12453,-0.328722,0.14564,-0.166056,-0.137095,0.123152,0.38695,0.145672,-0.157164,0.245175,0.708452,-0.272425,-0.153436,-0.0850206
-10.8933,3.1104,1.65034,0.601931,-0.351209,-0.280336,-0.854011,-0.516135,-0.0397601,-0.154446,-0.163586,0.193705,0.575102,0.333757,-0.132036,0.0109637,0.443922,-0.248446,-0.0144295,0.399312
-10.7518,3.23224,1.48382,0.671738,-0.130752,-0.662005,-0.929921,-0.384311,-0.0623491,-0.207829,-0.255128,0.171084,0.158033,0.208691,-0.0196691,0.0696166,0.292438,-0.0604783,-0.150773,0.0871967
-9.94876,2.83228,0.853655,1.0006,-0.03553,-0.428691,-0.907564,-0.724291,-0.331002,0.183079,0.0908985,0.170157,0.36907,0.225337,-0.0880121,0.214086,0.461001,0.114185,-0.00510602,0.291274
-10.0902,3.00144,0.587831,0.953168,0.0628987,-0.287228,-1.12541,-0.843148,-0.445958,-0.0275681,-0.144687,0.162743,0.21709,0.215106,-0.298672,-0.192178,0.236913,0.00768291,0.00185202,0.101708
-10.3505,3.01363,0.631458,1.23363,0.0729634,-0.491525,-1.31722,-0.76123,-0.0573889,-0.0088114,-0.350833,0.157274,0.270887,0.318729,-0.0525738,0.135637,0.44138,-0.141856,-0.0273718,0.31726
-11.2345,3.34575,0.951229,0.750512,-0.21731,-0.310808,-1.32833,-0.661636,0.037098,-0.322706,-0.469377,0.308183,0.527739,0.542726,-0.208758,0.153909,0.544791,-0.353848,-0.101276,0.315119
-8.86849,3.36618,0.631176,0.447653,-0.30209,-0.450574,-0.868258,-0.0673646,-0.31257,-0.263474,-0.379694,0.266743,-0.0661943,0.0212421,0.00426536,0.0277147,0.309408,-0.172911,-0.167677,0.0448015
-4.50141,2.91161,0.729021,0.563812,0.429939,0.250998,0.0519798,0.08901,0.392079,0.330577,-0.225845,0.0698521,0.0302299,0.035903,-0.13369,0.0158732,-0.0407241,-0.157055,-0.159937,-0.111088
-5.93841,1.85269,1.15038,0.771322,0.589477,-0.105508,-0.355446,0.454524,0.155452,-0.113758,0.0799527,0.346385,0.46365,0.351069,0.227844,0.100851,0.0429085,0.212519,0.0536603,0.117131
-7.25512,1.72321,1.03005,0.826356,0.492641,-0.17065,-0.503516,0.156178,0.061473,-0.192997,0.0253062,0.444383,0.460398,0.395003,0.16134,0.121595,0.117238,0.113612,-0.0129732,0.13146
-6.32843,1.12641,0.664318,0.618111,0.321995,-0.0617364,-0.402199,0.215738,-0.264295,-0.26447,0.0347229,0.124277,0.495566,0.217398,0.285198,0.144711,-0.199111,0.0836288,0.258254,0.3215
-5.94276,0.780783,0.466125,0.209959,-0.137922,-0.296104,-0.538141,0.0279217,-0.257543,-0.0577599,-0.0618461,0.0816424,0.417503,0.275251,0.431386,0.298136,-0.156425,0.301038,0.27129,0.270849
-5.33796,0.628368,0.345528,0.277108,-0.116099,0.0433907,-0.596021,0.0929021,-0.398501,-0.150038,0.0215597,-0.0979258,0.0849176,-0.143293,0.220146,0.0116562,-0.160556,0.226692,0.178012,0.121508
-5.43075,0.650233,0.2314,0.111465,-0.0615863,0.164549,-0.583208,-0.369566,-0.540545,-0.228273,0.0640852,0.0197,0.15493,-0.0907931,0.304812,0.281849,-0.245563,0.264595,0.184853,0.0491837
-5.73759,0.608369,0.49898,0.33674,-0.064872,-0.0519198,-0.679456,-0.294052,-0.378969,-0.313685,0.0318429,0.202247,0.196692,0.128852,0.382853,0.195477,-0.037098,0.132228,0.0735459,0.117126
-5.20068,0.591898,0.172896,0.097906,-0.224661,0.0295148,-0.495254,-0.314148,-0.473579,-0.393355,0.0321624,0.11813,0.24959,0.20775,0.328176,0.333472,-0.201959,0.172659,0.113559,0.0720937
-5.42585,0.441551,0.139649,0.315758,-0.165871,-0.065191,-0.732387,-0.146241,-0.495952,-0.447458,-0.0717083,-0.116304,0.251447,0.224933,0.281338,0.265733,-0.274216,0.209101,-0.149778,0.0175298
-5.58201,0.385251,0.0768284,0.151271,-0.296084,-0.0901679,-0.663631,-0.303577,-0.606149,-0.351351,-0.151388,0.099786,0.353746,0.237151,0.270783,0.20926,-0.0958507,0.151992,-0.139748,0.137112
-5.5168,0.353324,0.140564,0.200416,-0.359711,-0.153456,-0.766959,-0.269117,-0.384869,-0.159707,-0.172754,0.0296565,0.20941,0.179743,0.196985,0.181924,-0.114587,0.0707678,-0.134626,0.134628
-5.20084,0.454044,-0.0576303,0.111893,-0.26113,-0.00814452,-0.475589,-0.279537,-0.322733,-0.405976,-0.341273,0.0824862,0.393365,0.11961,0.063883,0.106973,-0.126181,-0.104972,-0.118608,0.229701
-3.47978,1.19576,-0.320948,0.255334,-0.0464047,-0.448964,-0.625165,-0.422382,-0.339383,-0.206045,-0.153694,0.127795,0.0751508,-0.00842669,-0.121647,-0.101015,-0.259946,-0.137447,-0.232958,-0.136931
-1.76128,1.75623,-0.0170382,0.673445,0.0467817,0.0295044,-0.0826376,-0.103007,-0.0963185,-0.193383,-0.371077,0.08369,0.251789,0.145539,-0.087351,-0.0302927,-0.176798,0.0701602,0.209351,-0.0355912
-3.21094,0.884528,-0.0270607,0.988746,0.210406,-0.287676,-0.237808,-0.00197394,0.315419,0.0181735,-0.329843,0.12375,0.0602527,0.103232,0.182888,0.119941,-0.0241549,-0.0316327,0.165366,0.10852
-4.40907,0.760687,-0.122,0.663158,0.0370906,-0.321924,-0.367864,-0.355906,-0.143185,-0.129971,-0.309739,0.0707208,0.386995,0.123188,0.0986557,-0.0318362,-0.128694,-0.0990409,-0.138436,0.104568
-5.3439,1.10197,0.222827,1.0781,-0.116506,-0.465777,-0.473118,-0.269609,-0.171419,-0.272395,-0.13893,-0.0541936,-0.133435,-0.171793,-0.0546401,0.142418,0.0524438,0.034246,-6.36491e-05,0.178069
-6.80434,1.34674,0.0670629,1.05982,0.0984476,-0.282037,-0.75784,-0.589628,-0.462443,-0.288828,-0.14952,0.183739,-0.0152765,0.108968,-0.17386,-0.0587986,0.146375,-0.114981,-0.223544,-0.00706575
-7.959,1.74199,0.430245,1.04152,-0.120575,-0.806214,-0.92611,-0.5271,-0.308446,-0.121214,0.0879676,-0.105949,-0.214516,-0.0312619,0.226766,0.221773,-0.0737822,-0.171926,-0.438241,-0.207675
-8.78861,2.24375,0.539228,1.11722,-0.08656,-0.618165,-0.770327,-0.519897,-0.247832,-0.173755,-0.131936,0.061511,0.10312,0.198478,-0.0999262,-0.18412,-0.0666848,-0.26386,-0.095064,-0.0187167
-9.77135,2.30387,0.521275,0.907852,-0.157296,-0.426598,-1.22488,-0.539369,-0.237398,-0.259378,-0.0388212,0.347113,0.0543274,-0.0859349,-0.0318978,-0.119054,0.0910455,0.0746646,0.0154623,0.0587431
-10.0145,2.79582,0.422543,0.919815,-0.0860681,-0.447318,-1.08525,-0.651869,-0.140284,-0.186567,-0.461797,0.177628,0.0681443,0.298933,-0.144118,-0.278896,0.0736995,-0.0713009,0.204965,0.190228
-10.1823,3.0493,0.881306,0.994341,-0.23709,-0.522002,-1.1909,-0.459037,0.00553814,-0.234302,-0.369336,-0.0268185,0.31052,0.236924,-0.165739,-0.0436706,0.120226,-0.094001,0.133728,0.296862
-11.2965,3.34256,1.02797,0.74158,0.0649955,-0.526736,-1.44702,-0.53296,0.0634924,-0.124804,-0.508819,-0.00599516,0.108553,0.0603662,-0.358696,0.0673479,0.350414,-0.523051,0.135768,0.275586
-11.5161,3.40476,1.34734,0.915226,-0.325515,-0.485513,-1.3316,-0.546216,0.0178674,-0.428214,-0.329819,0.165397,0.313491,0.400047,-0.188172,0.0466328,0.49605,-0.496754,0.228814,0.328162
-6.22996,3.38514,0.696259,0.719151,-0.185463,0.259191,-0.51571,0.166924,0.116426,0.382811,-0.284157,0.22908,-0.206728,-0.154512,-0.0819166,-0.167245,0.118989,-0.0619314,-0.126937,-0.256572
-6.5535,3.07291,1.15823,0.639008,0.409569,0.226657,-0.155747,0.0144241,0.23956,0.0729246,0.0390884,0.158612,-0.0250478,0.297567,0.332082,0.151475,0.218907,0.0715295,0.0693672,-0.0101232
-8.26896,2.60772,1.194,0.61489,0.492433,-0.0207169,-0.27091,-0.463149,-0.378304,0.298884,0.16847,0.420971,0.0062476,0.161841,0.327196,0.0901481,0.203076,-0.0823415,-0.113056,0.0230896
-9.53482,3.20259,1.18295,0.829853,0.458231,-0.323195,-0.608542,-0.245826,0.196044,-0.233252,-0.187619,0.394866,0.376601,0.307244,0.0184706,0.142312,0.454627,-0.256117,-0.218192,0.233607
-10.6819,3.36116,1.032,0.670161,0.254601,-0.555186,-1.02699,-0.233121,0.0925874,0.15333,-0.210597,0.339811,0.272259,0.20956,-0.300304,0.178656,0.63385,-0.0555078,-0.0397395,0.14338
-10.2787,2.95491,0.797066,0.451526,-0.162376,-0.324424,-1.06541,-0.431065,0.0813137,0.096088,-0.15829,0.330365,0.557837,0.436262,-0.145815,0.225886,0.528606,0.00728087,0.0452786,0.524124
-11.265,3.39646,1.32289,0.27109,-0.0507875,-0.483538,-1.23415,-0.635765,-0.0951675,0.0620951,-0.289358,0.26931,0.214492,0.257712,-0.172257,0.186785,0.427629,-0.137928,0.0493919,0.255142
-9.95552,2.81469,0.494342,0.9174,0.100536,-0.387186,-0.90225,-0.642394,-0.522439,-0.127866,0.0923416,0.347307,0.31793,0.233444,0.0718572,0.132468,0.310375,0.199166,0.205965,0.235691
-10.9482,3.18665,1.17695,1.06174,-0.0752666,-0.590892,-1.13507,-0.584522,-0.0877136,-0.0173418,-0.270427,0.12073,0.000361898,0.171979,-0.0621506,0.186685,0.596523,0.0163814,-0.145385,0.0272219
-11.8552,3.46271,1.41726,0.743681,-0.217784,-0.433571,-1.50901,-0.824634,0.144941,0.205216,-0.467136,-0.284309,0.244997,0.534978,0.0125454,0.240917,0.864495,-0.505851,-0.0760345,0.46896
-12.363,3.70857,1.47795,0.530939,-0.635864,-0.293376,-1.20587,-1.28615,-0.0316743,0.419109,-0.81738,-0.265869,0.299619,0.821434,-0.381871,-0.136164,1.35469,-0.467541,-0.373722,0.10637
-12.5783,3.79667,1.68267,-0.0293596,-0.979326,0.00488653,-1.46313,-1.39338,-0.278587,0.12926,-0.85317,-0.141854,0.511829,0.607806,-0.922055,-0.121109,1.21569,-0.66483,-0.400369,0.375952
-12.8474,3.8107,1.61792,0.133627,-0.516128,-0.211452,-1.7869,-1.26428,0.100048,-0.141251,-0.659044,0.037917,0.153197,0.525063,-0.897258,-0.105904,1.44709,-0.991852,-0.325074,0.54599
-8.40777,2.76327,0.823868,0.4396,0.238784,-0.0260432,-0.57855,-0.538245,-0.199014,-0.050845,0.0692683,0.203232,-0.176242,0.138961,0.27472,-0.0546956,0.0935676,-0.176253,-0.122146,0.230937
-5.19281,3.08111,0.953943,0.646665,0.84416,0.42277,0.20686,-0.135791,0.100871,0.218909,-0.222015,0.21639,0.215277,-0.0756793,0.199957,-0.0988888,-0.135219,-0.197438,-0.0851355,-0.17896
-7.31461,2.52641,1.09057,0.716285,0.662388,0.162093,0.103591,-0.0150324,0.105993,0.433406,0.254584,0.369227,0.284911,0.487732,0.379174,-0.124138,0.0136374,0.162246,0.0780393,0.201099
-7.90839,2.69528,0.846862,0.961061,0.657329,-0.104723,-0.460735,-0.372346,-0.0569856,0.385512,0.393379,0.118872,0.13437,0.208656,0.541789,-0.0968258,0.161456,0.300584,0.0678028,0.331261
-8.29964,2.88811,0.517964,1.15694,0.273164,-0.134676,-0.535101,-0.500685,-0.0620796,0.360533,0.561195,0.00848299,0.0376452,0.194066,0.441749,-0.270568,0.422982,0.235315,-0.271415,0.266294
-8.42956,2.79371,0.712911,0.933114,0.51368,0.178787,-0.793581,-0.687045,-0.433762,0.271457,0.601786,-0.000595614,0.00364463,0.403076,0.605946,-0.17182,0.235197,0.144769,-0.0910206,0.204139
-8.61629,2.53863,0.537012,1.12067,0.390195,-0.160086,-0.655667,-0.658439,-0.333858,0.0616683,0.184226,0.156143,0.170995,0.350606,0.492587,-0.0857657,0.243329,0.122476,-0.112845,0.20323
-8.24286,2.54475,0.334139,1.16198,0.348645,-0.051745,-0.523372,-0.653733,-0.295563,0.262943,0.157616,0.158128,0.337751,0.477302,0.335622,0.0820682,0.0465327,-0.223021,-0.0754379,0.307769
-9.44031,2.72465,1.00528,0.963293,-0.0424098,-0.344095,-0.663852,-0.486181,-0.320241,-0.111581,-0.0186872,0.205793,0.0865935,0.175526,0.0791024,0.0979525,0.140432,-0.0486489,-0.0927419,0.161404
-9.58894,1.99534,1.41314,0.751203,0.0920561,-0.207366,-1.56777,-0.593471,-0.11594,0.0286167,-0.0337745,-0.000678646,0.175563,0.319576,-0.137596,0.129886,0.366268,0.159068,-0.309516,0.269452
-8.44855,0.845262,1.85345,0.944043,-0.582126,-0.0432024,-1.4807,-0.578783,0.117521,0.021297,-0.255766,-0.059496,0.281666,0.275776,-0.0946399,0.0425736,0.0685095,0.279667,0.0586028,0.283728
-7.06097,0.786489,0.879354,0.573266,-0.42315,0.0995339,-1.24115,-0.569263,-0.118354,-0.46972,0.342156,0.116748,-0.11783,0.369754,-0.154466,0.197425,0.103347,0.0707199,0.280576,0.145242
-7.69445,0.660437,1.55475,0.900272,-0.456359,0.10222,-1.28094,-0.521891,-0.0671852,-0.206571,0.247677,0.0310839,0.422662,0.19276,-0.1541,0.111269,0.198429,0.426011,0.00391417,0.186894
-8.18427,0.427684,2.16784,0.605481,-0.284227,-0.0910574,-1.39439,-0.518779,-0.50905,0.10638,-0.155336,-0.100865,0.641798,0.0803498,-0.01603,-0.126059,0.206896,0.311421,-0.120326,0.237784
-5.63725,1.02385,0.386023,0.476245,-0.226227,-0.270724,-0.436018,-0.33114,-0.334811,0.220021,-0.357804,-0.368354,0.0959829,0.326462,0.172479,-0.0707529,-0.0552452,0.124284,0.00247791,-0.0107978
-6.36916,0.817974,0.419378,0.403259,-0.239508,-0.381035,-0.400135,-0.45451,-0.550702,-0.280574,-0.0127221,0.0366464,0.13485,0.272543,0.3372,0.176752,-0.214385,-0.0543544,0.134689,0.204585
-7.1698,1.51783,0.536763,0.196102,-0.0514817,-0.263438,-0.784089,-0.571406,-0.484254,-0.175922,0.0558734,-0.120087,-0.128516,0.0498296,0.248789,0.283081,-0.117819,-0.32037,-0.0809847,0.177135
-8.69269,2.03228,1.01014,0.603118,-0.0636033,-0.239587,-1.06666,-0.146973,-0.325215,-0.348021,-0.0945405,0.0706519,0.282828,0.319577,0.0363327,0.400715,0.119459,-0.057349,-0.11514,0.258422
-8.78787,2.56171,1.10299,0.967345,0.312295,-0.0477997,-0.8699,-0.144818,-0.175433,-0.197694,0.0104213,0.24931,0.423998,0.115634,-0.0516046,0.130259,0.113922,-0.137145,-0.0633089,0.298561
-9.36476,2.65922,1.46267,1.03466,-0.150492,-0.203655,-0.971604,-0.220062,0.201875,0.0115943,-0.0220502,0.176314,0.406744,-0.0243055,0.0904306,0.341541,0.262966,-0.162866,-0.0149776,0.241661
-9.94658,2.79865,1.49566,1.01254,-0.333335,-0.140205,-1.23878,-0.406069,0.12133,0.143753,-0.127639,0.124664,0.373827,0.287609,-0.207668,0.199841,0.292885,-0.0145825,0.404001,0.374442
-9.96339,2.81155,1.35823,0.799768,-0.389346,0.00347317,-1.17492,-0.319169,0.00641363,0.0594214,-0.105317,0.170904,0.379586,0.038348,-0.126997,0.199061,0.419601,0.0938377,0.160636,0.31077
-8.95908,2.84583,0.968213,0.816428,-0.283177,0.00968782,-0.741234,-0.397761,0.100608,0.0424326,-0.339401,-0.00247192,0.511559,0.288202,-0.0577845,0.128861,0.30077,0.144226,0.130801,0.115195
-8.36122,2.7669,0.375457,0.710521,0.371264,0.203338,-0.642866,-0.446795,-0.287653,-0.109254,0.0895843,0.40412,0.255881,0.187523,0.274689,0.113637,-0.056209,-0.0194169,0.184077,0.150584
-8.77103,2.53416,0.43585,1.11149,0.712988,-0.0539146,-0.604832,-0.815093,-0.449443,0.207194,0.471656,0.254323,0.04248,0.435607,0.264243,-0.138866,0.194919,0.117943,0.194059,-0.12302
-9.05461,2.78946,0.808773,1.12434,0.583232,-0.373153,-0.819503,-0.567429,-0.127135,0.0565067,0.112595,0.127233,0.221377,0.480204,0.194537,-0.0586945,0.0785184,-0.0418465,0.0427651,0.0461755
-9.19293,2.75843,0.884273,1.1415,0.174631,-0.671974,-0.523484,-0.433947,-0.0914287,-0.0420947,-0.161149,0.175881,0.171429,0.399812,0.293993,-0.143969,0.127195,-0.0246045,0.0814608,0.00168993
-3.15661,1.53188,-0.551233,0.359651,-0.157286,-0.418337,-0.703381,-0.230043,-0.150218,-0.050944,0.0674757,0.253093,0.240402,-0.020699,-0.189139,-0.029372,-0.0358146,-0.0871317,-0.243676,-0.305433
-1.6173,1.79984,-0.288768,0.671663,0.164069,0.0275828,0.00460405,0.0150337,-0.17092,-0.185964,-0.00577159,0.0106292,-0.0470575,0.00638357,-0.0832589,0.107501,0.00539138,-0.0147065,0.0536361,-0.0955275
-2.99278,1.06686,0.00199918,0.786807,0.172464,-0.338297,-0.216174,-0.0954419,-0.163065,-0.365706,-0.107495,0.202483,0.080563,0.220767,-0.0857412,-0.13541,-0.0329562,0.0329885,0.0496418,-0.0345209
-4.09321,1.04271,0.00661403,0.670984,-0.0958454,-0.228578,-0.231786,0.0199919,0.0967864,-0.306826,-0.0195939,0.356055,0.0928559,0.0754972,-0.0490959,-0.00648764,0.0320405,-0.141443,-0.00207047,0.143288
-5.59765,1.20812,-0.170586,0.847839,0.0186445,-0.312446,-0.382714,-0.205772,-0.0287084,0.0053116,0.0456947,0.183403,-0.0299864,0.0404423,0.181748,0.270492,0.12672,0.00505475,0.00726908,-0.0815929
-6.75607,1.57032,0.474526,1.17082,-0.0951177,-0.524351,-0.42417,-0.221336,-0.31489,-0.273098,0.0627261,0.183007,0.244396,0.0900649,0.0606999,-0.0232443,0.139579,0.162073,0.0600913,-0.112185
-7.86966,2.04359,0.743621,1.1721,0.0637119,-0.641876,-0.520328,-0.0407906,-0.10939,-0.132338,-0.111046,0.149841,0.201504,0.260255,0.185768,0.237627,-0.10088,-0.084975,0.0768766,0.0470028
-8.11468,2.2889,0.343573,1.32608,0.0646571,-0.221273,-0.511093,-0.363827,-0.0410338,0.022795,0.0267101,0.323119,0.350026,0.245426,0.168308,0.124382,-0.055772,0.0385785,0.0647939,-0.194713
-9.21983,2.84186,0.700361,1.0834,-0.00383874,-0.45089,-0.837695,-0.260906,0.106643,-0.0389752,0.110252,0.166997,0.0606207,0.065744,0.356979,0.263021,0.145413,-0.130136,-0.0846976,-0.0403104
-9.28439,2.82159,0.631489,0.991692,0.084709,-0.392415,-0.770617,-0.635691,-0.390757,0.0883141,0.336302,0.0675795,0.256983,-0.0880395,0.528041,0.324935,0.431168,0.0919878,-0.270441,0.23296
-9.53147,3.01547,0.890712,1.13444,0.348213,-0.173041,-0.587547,-0.666377,-0.662959,0.0791027,0.311207,0.591063,0.43744,-0.234843,-0.0953299,0.149907,0.54751,-0.017769,-0.117903,0.397407
-9.58794,3.08898,0.907265,0.926422,-0.0443895,-0.294143,-0.432346,-0.609334,-0.699634,-0.157433,0.414187,0.588923,0.221244,-0.20662,0.0318978,0.20471,0.37467,0.0102329,-0.159443,0.177388
-9.81133,3.14708,0.9629,0.907625,0.13549,-0.291298,-0.450676,-0.500341,-1.00438,-0.0988311,0.425662,0.48742,0.465783,0.233443,-0.165766,-0.146284,0.402603,0.00167675,0.223104,0.110847
-9.23377,2.77569,0.730556,0.810293,0.160532,-0.232861,-0.48231,-0.516248,-0.51933,-0.14796,0.0780209,0.36234,0.450739,0.184281,-0.219972,0.0129334,0.363022,0.226704,0.0933392,0.0518946
-5.7434,1.5365,0.25979,0.208936,-0.101315,-0.256833,-0.334544,-0.301083,-0.23864,-0.242463,-0.0803701,0.0533961,-0.186921,0.191547,0.249565,0.304901,-0.0105868,0.0892587,0.288509,0.247749
-7.31068,1.61434,0.390659,0.167765,-0.104876,-0.675176,-0.680827,-0.140167,-0.229703,-0.440075,-0.268844,-0.0619106,0.0132467,0.263179,0.189834,0.262738,0.103508,-0.224181,0.108042,0.194967
-9.09774,2.18036,0.62458,0.545745,0.00602801,-0.512369,-0.748243,-0.646158,-0.27092,-0.207666,-0.0926378,0.139654,0.129968,0.228919,0.0855808,0.278662,0.0524123,0.0577936,0.0297926,-0.0113965
-9.38813,2.70751,0.112876,0.464588,0.107435,-0.480775,-0.820692,-0.641086,-0.508157,-0.18007,0.0367685,0.288786,0.114574,0.155426,-0.132008,0.265814,0.0408536,-0.174396,0.225647,0.164638
-10.1913,3.00115,0.597269,0.508994,-0.629015,-0.447572,-0.829697,-0.480187,-0.494828,-0.155287,-0.182619,0.32254,-0.0386119,0.178158,0.042629,0.199203,0.534209,-0.143124,0.300361,-0.175777
-10.9624,2.96329,0.942352,0.532961,-0.476739,-0.638187,-1.07022,-0.733519,-0.313996,-0.125552,-0.182796,0.241327,-0.0656589,0.316546,-0.127167,0.0977355,0.692822,-0.190626,0.0892164,0.324522
-9.94637,3.20052,-0.0301586,0.822407,-0.0264526,-0.557449,-1.13452,-0.617739,-0.3538,-0.175963,-0.220255,0.223809,0.302461,0.26136,-0.208067,0.0720532,0.410081,-0.170649,-0.0263694,0.274195
-6.46785,1.73071,0.325967,0.763259,0.00140237,-0.169213,-0.288462,-0.31451,-0.437701,-0.10255,0.234012,0.0249307,0.0238761,-0.0347701,0.0295734,0.255422,0.227722,-0.0353807,0.158846,0.181985
-6.01762,2.78781,0.723781,1.44274,0.761521,0.280204,0.0165858,0.0633028,-0.0145172,-0.0728897,-0.0179148,0.311904,0.376258,0.12901,0.0591747,0.149201,-0.00150922,-0.0597549,0.0445485,-0.0358828
-9.14094,3.12452,1.26588,1.14967,0.630764,0.0163201,-0.373042,-0.13497,0.105389,0.183822,0.074306,0.480417,0.570536,0.26851,0.250512,0.359307,0.554034,-0.0225874,-0.0998392,0.248888
-10.2839,3.13021,1.68283,1.23203,0.292075,-0.230468,-0.579731,-0.131753,0.233098,-0.160513,0.0131394,0.442009,0.616798,0.367152,0.419204,0.246926,0.692887,-0.128348,-0.0554175,0.3224
-10.6573,2.99058,1.80991,0.823636,0.334147,-0.383201,-1.03464,-0.360355,0.34794,-0.103305,-0.164931,0.403828,0.563424,0.294219,0.0817976,0.266321,0.543894,-0.259122,0.0336375,0.471206
-7.01879,2.63737,0.860136,0.246208,0.315098,0.149154,-0.384965,-0.0369762,-0.0471641,-0.260879,0.111918,0.15473,0.0835245,0.0979632,-0.0248362,-0.0723052,-0.0469365,-0.20361,-0.0848043,0.153407
-5.34863,2.82944,1.07757,0.727207,0.392321,0.39023,-0.300399,0.295434,0.331623,0.117689,0.135769,-0.0682715,0.0242233,0.1337,0.040783,-0.0766156,0.187403,0.175957,-0.0447628,-0.126056
-7.69125,2.87644,1.66607,0.649998,0.24124,-0.190572,-0.527093,0.216024,0.48895,0.341924,0.177744,0.164448,0.234205,0.0898268,-0.127268,0.287597,0.721757,0.321027,0.182464,0.189475
-9.31224,3.31156,1.56504,0.571613,-0.00164593,-0.245535,-1.01841,-0.139776,0.438279,0.142327,0.175109,0.162908,0.485663,0.0590085,-0.300331,0.121807,0.653477,0.161387,0.190261,0.382392
-9.71732,3.38983,1.40231,0.902871,-0.129138,-0.540074,-1.14898,-0.119454,0.623024,0.154757,0.059518,-0.029244,0.291126,0.224413,-0.248545,-0.128493,0.67265,0.272472,0.194858,0.430958
-10.2459,3.28572,1.46543,0.962606,-0.321078,-0.568989,-1.38905,-0.467057,0.474383,0.15279,-0.0759425,0.187473,0.249796,0.202893,-0.37864,-0.10194,0.827027,0.372704,0.383954,0.292826
-10.2951,3.21651,1.53746,0.562774,-0.429497,-0.490887,-1.21743,-0.737554,0.340732,0.150456,-0.109617,0.120738,0.197555,0.0855029,-0.465785,-0.162688,0.860426,0.0752674,0.172863,0.447333
-10.7698,3.31067,1.55541,0.549177,-0.416543,-0.899982,-1.4304,-0.4882,0.596457,0.275782,-0.170149,0.102631,0.136094,0.0561181,-0.504872,0.192305,0.837582,0.183809,0.0555442,0.339751
-10.0824,3.17443,0.989278,0.539154,-0.459949,-0.551734,-1.0596,-0.389067,0.418731,0.0681446,0.198385,0.290854,0.0269888,0.13385,-0.344862,0.128714,0.497457,0.0685408,0.132652,0.386619
-8.42378,3.76835,0.591851,0.640373,-0.236705,-0.0379312,-0.419061,-0.135295,0.156077,0.202752,-0.126049,0.169181,0.0794315,0.0179368,-0.470415,0.103955,0.415252,-0.0945016,0.0644108,0.297491
-7.3395,4.23233,0.205214,0.827318,0.111325,0.189383,-0.295343,-0.187784,0.14873,0.340115,0.0787078,-0.000248676,-0.0657307,0.0767367,-0.346033,-0.139978,0.251193,-0.0531851,-0.176876,0.061873
-8.27766,4.21349,0.324467,0.858748,-0.0413184,-0.127921,-0.650074,-0.515878,0.204645,0.603671,0.0263023,-0.178119,-0.177464,0.100312,-0.254006,-0.0684594,0.350532,-0.306408,-0.140311,0.142085
-9.09504,4.01893,0.591293,0.805891,0.390823,-0.218681,-0.882335,-0.343742,0.269378,0.316199,-0.0431403,-0.232258,-0.232541,0.0806335,-0.23097,0.138544,0.499821,-0.313868,-0.0669442,0.291533
-6.63528,3.33758,0.546559,0.445848,0.0728297,-0.207499,-0.466616,0.203869,0.0731391,0.203585,-0.160015,0.0795631,-0.166868,-0.275711,-0.158825,-0.068307,0.188965,-0.0597884,-0.206955,-0.0679323
-4.72574,2.95916,1.00397,0.624221,0.385491,0.33772,-0.164075,0.205866,0.205512,0.337387,-0.197621,-0.158313,0.0878681,0.0527241,0.0946789,-0.0622581,0.0660476,0.0143986,-0.0370132,-0.210621
-6.17673,1.88908,0.993257,0.541638,0.313214,-0.38311,-0.523327,0.269186,0.19559,0.118713,0.280826,0.24547,0.280094,0.324059,0.163542,0.0836386,0.271168,0.221947,0.177058,0.143079
-6.54609,2.10162,0.971392,0.606144,0.0989075,-0.413925,-0.667405,0.419009,0.14374,0.0735791,0.1461,0.219702,0.224031,0.0203939,0.0543371,0.0498176,0.111263,0.258578,0.331397,0.35141
-6.05972,1.31806,0.781467,0.363331,-0.0346833,-0.456024,-0.605929,0.348713,-0.178549,0.019995,0.210456,0.230277,0.310873,-0.00641439,0.068146,0.113231,-0.0286308,0.276776,0.267086,0.331779
-5.82226,0.71716,0.468971,0.246285,-0.218498,-0.302848,-0.536507,0.0280023,-0.497523,-0.0287205,0.240282,0.255038,0.381751,0.0223607,0.0505476,0.222233,-0.198918,0.315759,0.470042,0.394087
-5.37632,0.546386,0.253954,0.256383,-0.21855,-0.254026,-0.803536,-0.00781722,-0.337815,-0.0854255,0.190503,0.0104446,0.0786756,-0.145746,0.170639,0.0676799,-0.0984549,0.348465,0.291764,0.24841
-5.31173,0.810353,0.298319,0.237307,-0.198984,-0.147644,-0.704314,-0.299155,-0.272288,-0.0982039,0.227633,0.236835,0.018699,-0.274526,0.0382739,0.214942,-0.135702,0.381488,0.317309,0.329271
-5.62473,0.809491,0.428288,0.318251,-0.234087,-0.395918,-0.722847,-0.272486,-0.111253,-0.0669945,0.0789118,-0.000954507,0.0134976,-0.0637266,0.151546,0.169086,0.026575,0.25041,0.170673,0.272158
-4.79756,0.781942,0.46297,0.472501,-0.0201772,0.105321,-0.357881,0.0356129,-0.200638,-0.254309,0.100251,0.0357539,0.0923208,-0.133094,0.0717467,0.230957,-0.299755,0.0914425,0.089669,0.202395
-4.56381,1.65797,0.796385,0.586562,0.134758,-0.0729435,-0.505699,0.221223,0.049581,0.157399,0.126975,0.0391539,0.20861,-0.0989565,-0.121024,0.0621936,-0.0461487,0.265063,-0.261672,-0.00511597
-4.92679,1.32119,0.690881,0.502576,0.00293813,0.05969,-0.472488,0.0434918,-0.16385,0.0655965,0.0436756,0.0646152,0.0940103,-0.151003,-0.114759,0.0528396,-0.0652708,0.125972,-0.157833,0.124916
-4.9145,1.11619,0.682898,0.595495,0.0654289,-0.0368513,-0.615025,0.0292738,-0.0931035,0.165322,-0.00634617,-0.0871241,0.0124335,-0.166479,-0.00472392,0.182402,-0.148262,0.0779967,-0.0963879,0.0444449
-4.92406,0.922658,0.462954,0.397906,-0.150258,0.183071,-0.336743,-0.0601006,0.0796752,-0.0174265,-0.240854,0.172911,0.221803,-0.102594,-0.238359,0.115067,-0.00969105,0.0455137,0.143308,0.310893
-2.46831,1.50493,-0.289415,0.302501,-0.114543,-0.328314,-0.404624,-0.292532,-0.438884,-0.29201,-0.282065,0.108944,0.133983,-0.0113537,-0.181983,-0.189364,-0.239042,-0.00211558,-0.217846,-0.248442
-2.08618,1.71522,-0.0272961,0.910324,0.157975,-0.0468269,-0.0470739,0.011706,0.141607,-0.0687513,-0.32756,0.0756557,0.242955,0.227765,0.050156,0.100814,-0.120079,0.0454967,0.204469,0.0387789
-3.09238,1.24032,0.0135308,0.841694,0.281933,-0.276085,-0.327782,-0.165341,0.350226,0.0588574,-0.343155,0.0286841,-0.178795,0.00455525,0.0622518,-0.133095,-0.136468,0.176318,0.297756,0.199314
-3.83849,1.47498,0.0463484,0.598208,-0.160553,-0.332026,-0.365958,-0.197028,0.170085,0.250494,-0.267559,-0.211059,0.025513,-0.0210406,-0.2248,-0.220524,0.0102732,0.346379,0.328039,0.166747
-4.91892,1.85692,0.168773,0.779526,0.155223,-0.27724,-0.495833,-0.112071,0.0611744,0.0115843,-0.159106,-0.25286,-0.150282,-0.0300141,-0.189322,-0.231712,-0.133005,0.299109,0.33313,0.0255805
-6.00681,2.48102,0.250113,0.849043,0.0284733,-0.55383,-0.708856,-0.246437,0.269722,0.276553,-0.120494,-0.113511,-0.00250573,0.125112,-0.155083,-0.356534,0.171078,0.461394,0.325188,0.228781
-6.7694,2.83782,0.277758,1.01949,-0.195591,-0.502456,-0.51844,-0.237355,0.217129,0.161532,-0.0795708,-0.223404,-0.350342,0.101701,0.31447,-0.203629,-0.234825,0.416986,0.206144,0.0634212
-7.72204,3.24887,0.335817,0.879016,0.144742,-0.279478,-0.586004,-0.335637,0.255481,0.183649,-0.0876371,-0.0340255,0.0706392,0.0927531,0.0845787,-0.160305,-0.023455,0.236309,0.141818,0.0872201
-8.91764,2.96374,0.522031,0.915102,-0.243961,-0.664261,-1.17452,-0.521272,0.147942,0.354404,0.146304,-0.206996,-0.220212,0.271453,0.216739,-0.550071,-0.297958,0.405575,0.236295,0.101922
-9.05821,3.26517,0.372608,0.560743,-0.261968,-0.699448,-1.00533,-0.621861,0.171504,0.558594,-0.10847,-0.118479,-0.246901,0.360101,-0.075591,-0.447834,-0.0831896,0.52186,0.207007,0.00893659
-9.64833,3.47407,0.388588,0.681036,-0.0455199,-0.507594,-0.947215,-0.511215,0.237403,0.280749,-0.0822776,-0.224671,-0.0233135,0.045841,-0.0725132,-0.17333,-0.123688,0.412041,0.255633,0.21111
-9.92967,3.67441,0.551233,0.524227,-0.0988362,-0.594976,-1.04806,-0.693052,0.260206,0.337302,-0.221227,-0.0922459,-0.150525,0.147114,-0.0988153,-0.493755,0.138622,0.249404,0.140866,0.158335
-9.99756,3.77081,0.583973,0.413233,-0.324135,-0.567154,-0.87942,-0.817266,0.248737,0.190491,-0.253851,-0.0489739,-0.198902,0.244136,-0.147619,-0.492039,0.168409,0.520123,0.195455,0.212368
-5.62076,3.29544,0.749868,0.937635,0.20141,0.236343,-0.315002,0.404237,0.332585,0.299062,-0.253366,-0.017625,-0.27844,-0.255304,0.0566757,-0.132985,0.237497,0.136703,-0.167138,-0.243597
-5.7172,3.41576,0.76026,0.438875,0.36523,0.0446849,0.041297,0.439263,0.339257,0.0361238,-0.233394,-0.0894997,-0.180249,0.0581661,0.149613,-0.0859566,0.313148,0.352517,-0.147294,-0.162211
-7.19061,3.22104,0.444725,0.268304,0.0468907,-0.58212,-0.2483,0.177134,0.41344,0.319783,-0.0101014,0.211044,-0.170811,-0.0246456,-0.0211342,-0.148562,0.231156,0.501649,0.0680182,-0.102359
-7.95394,4.10707,0.164412,0.479501,0.398399,-0.273131,-0.523654,0.162681,0.482702,0.0250891,-0.0482051,0.129512,-0.362547,0.184721,0.149726,-0.340257,0.365556,0.52555,0.126121,-0.121082
-8.31278,4.06879,0.265547,0.576356,-0.218373,-0.418762,-0.606624,0.0155284,0.458548,-0.0765774,-0.126504,-0.0012738,-0.417573,0.0785481,-0.0159556,-0.383273,0.355906,0.442792,0.321074,-0.112161
-8.24337,3.99606,0.429391,0.586727,-0.0643232,-0.741205,-0.489136,0.396068,0.393361,-0.0769515,0.0435672,0.0498754,-0.423419,-0.120542,-0.0707649,-0.284644,0.513557,0.343777,0.253382,0.0623448
-8.65153,3.91028,0.453253,0.68039,-0.189531,-0.730653,-0.679663,0.171121,0.621061,0.0848125,-0.151406,-0.0772892,-0.638866,-0.0797949,0.0214914,-0.512823,0.324845,0.385085,0.430955,0.0757992
-8.48973,3.82294,0.299912,0.514469,-0.0327675,-0.221521,-0.542801,-0.053942,0.395694,0.315849,0.0259393,-0.112165,-0.479871,-0.00221756,0.00836558,-0.35139,0.225121,0.519358,0.428779,-0.0141316
-9.41318,3.75552,0.61305,0.586233,-0.120362,-0.47789,-1.00266,-0.0626324,0.444403,0.393327,-0.0601632,-0.0643112,-0.4434,0.133656,0.0129364,-0.484347,0.161849,0.630197,0.398964,0.121968
-9.8554,3.49527,0.323033,0.573509,-0.246365,-0.24566,-0.818434,-0.176872,0.166967,0.330793,0.0640622,0.0606804,-0.433533,-0.000742106,0.0237833,-0.664539,0.198605,0.64638,0.316231,0.0645996
-10.2873,3.41984,0.42962,0.578501,-0.0448206,-0.739706,-0.828139,-0.157018,0.522782,0.321908,0.350815,0.285236,-0.446005,-0.0247831,-0.197072,-0.898744,0.167565,0.503693,0.32533,-0.178686
-10.3299,3.03627,0.294368,0.415536,-0.192461,-0.545376,-0.835548,-0.288348,0.638949,0.540698,0.315271,0.197435,-0.55952,0.121085,0.0171125,-0.946374,-0.142404,0.355047,-0.0280845,-0.0439044
-9.8971,3.00715,0.0854964,0.217033,-0.2373,-0.597992,-0.710999,-0.134275,0.666429,0.501236,0.209234,0.165594,-0.397747,-0.0658365,0.0205535,-0.761192,-0.155992,0.161298,0.0662144,-0.0810871
-5.40428,3.41791,0.535503,0.685879,0.183346,-0.099292,-0.091779,0.21126,-0.0999611,-0.028371,0.0217468,0.0359153,0.0744801,0.151033,-0.0441545,-0.0524388,-0.17929,-0.0462859,0.0700849,0.10057
-4.63396,3.1527,0.615832,0.775887,0.252119,0.290376,0.422361,0.21153,0.00398249,0.0608007,-0.0946316,0.033975,0.195998,0.234605,0.0237765,-0.00664382,-0.0734165,-0.0575531,-0.0790905,-0.200035
-6.32219,3.45915,0.866409,0.420213,0.165224,-0.0346828,0.123403,0.389429,0.118723,0.0104366,0.08161,0.073082,0.475087,0.364666,0.150617,0.0608335,0.0296258,0.0509983,0.308081,0.150462
-6.68875,3.67971,0.629604,0.601435,0.184592,-0.0115071,0.0750945,0.0714625,0.0615999,0.014519,0.137437,-0.144925,0.442835,0.389875,0.200839,-0.0256161,0.0971611,0.0216296,0.137072,0.390908
-7.07816,3.73151,0.570396,0.613089,0.131774,-0.224777,-0.0224674,0.240645,-0.0120136,-0.0511807,0.00228497,-0.0551804,0.513611,0.543442,0.101194,0.0258392,0.145086,0.0389276,0.238885,0.119082
-7.47614,3.65471,0.595725,0.635035,0.101096,-0.108386,-0.235144,0.194035,0.0148462,-0.0518485,0.0592408,0.0212538,0.614586,0.459502,-0.0939873,-0.214963,0.115963,0.112657,0.0139327,0.218479
-7.60655,3.51878,0.475549,0.826415,-0.0449819,-0.142772,-0.00679183,0.169949,0.0233392,0.0288367,0.198776,-0.0792811,0.61929,0.380288,-0.0639033,-0.10909,-0.0547465,-0.142386,0.135759,0.366318
-7.63308,3.30612,0.493731,1.14236,-0.0250235,-0.191416,-0.0587979,0.0429433,-0.0241154,-0.113792,0.0735382,-0.111132,0.339383,0.520659,0.0733687,-0.384375,-0.184604,0.0712968,0.0932343,0.216989
-8.24659,3.52024,0.841407,0.972338,0.0779722,-0.150708,-0.238221,0.154638,0.0927086,-0.183799,-0.025502,0.0234597,0.328453,0.646989,0.114833,-0.228995,0.0868864,0.0399392,-0.0954171,-0.0349614
-8.21345,3.55905,0.773856,1.24605,0.040746,-0.362017,-0.35028,0.103326,0.139352,0.00843954,0.178752,-0.0570281,0.262948,0.346693,-0.0379957,-0.38794,0.194771,-0.0105569,-0.158066,0.0142327
-8.41347,3.63766,0.873166,1.21982,0.224194,-0.443571,-0.384682,-0.115194,-0.123326,0.29369,0.232607,0.00612228,0.120549,0.147631,0.168318,-0.0473204,0.0304979,-0.0640325,0.0628914,-0.0345871
-7.20739,3.59606,0.264879,1.10494,0.226306,0.0794172,-0.393169,-0.0623935,-0.289232,0.151256,0.188953,0.180203,0.12879,0.124444,0.0708073,-0.162265,0.174567,0.0578336,0.125389,0.0866797
-8.17505,3.86059,0.716538,0.830008,-0.0991555,-0.183112,-0.400033,0.00682533,-0.137986,-0.287486,0.0165324,0.373684,0.061701,0.124716,0.173923,0.00589014,-0.012783,-0.0237264,-0.0257246,0.114038
-8.25546,3.62183,0.70671,0.82456,0.20873,0.054954,-0.1261,0.287259,-0.154186,-0.2645,-0.232722,0.378357,0.325507,0.387743,0.324821,0.00097769,-0.129758,-0.195784,0.0542562,0.137041
-4.67748,2.33543,0.281455,0.593148,0.258267,0.0848381,-0.0471384,0.217819,0.0867884,0.317251,-0.238233,0.0312031,0.106312,0.106137,0.243924,-0.0280773,-0.179259,-0.0835071,0.0420917,0.0818063
-5.39862,2.62327,0.802507,0.728706,0.416644,-0.0724338,-0.07433,0.354077,0.0255642,-0.133121,-0.268455,-0.34816,0.0456656,0.21029,-0.000860946,0.0302416,-0.0877639,-0.0740993,-0.0432076,0.177429
-7.03064,3.20178,1.1156,0.674611,0.351281,-0.0853727,0.0357462,0.463926,0.240073,0.0502866,-0.14343,-0.0163098,-0.180266,-0.0469291,0.090018,0.10619,0.0230592,-0.120093,-0.136826,0.0766465
-8.20999,3.5673,1.05737,0.837722,0.392857,-0.0832871,-0.227111,0.00105485,0.506777,0.445273,-0.27884,-0.0125998,0.240085,0.278332,-0.196569,0.157255,0.199842,-0.182447,-0.183721,0.0487963
-8.81213,3.70432,1.14637,1.12559,0.340676,-0.170481,-0.275206,0.103281,0.497364,0.264644,-0.278246,0.190768,0.162949,0.177799,0.0240544,-0.12049,0.156889,-0.255126,-0.0915574,0.242908
-9.10274,3.86413,1.04127,0.904086,0.374924,0.0605367,-0.251912,-0.0365628,-0.121006,-0.195865,0.140455,0.389766,0.290538,0.613845,-0.0936351,-0.351043,0.0182593,-0.244774,0.0904609,0.284256
-9.00738,3.83518,1.056,0.992757,0.168537,0.227272,-0.37826,0.0842279,0.111885,-0.198026,-0.0521969,0.316543,0.253283,0.386145,-0.0466356,-0.357337,0.161969,-0.216099,-0.208328,0.27152
-9.2639,3.64162,0.877119,0.676617,0.0911668,0.0599264,-0.34025,0.102108,0.195695,0.0423528,-0.141791,0.312729,0.180237,0.394053,-0.0658371,-0.155982,0.223737,-0.120085,0.059983,0.349916
-8.08,3.61039,0.471745,0.829239,0.28633,0.271194,-0.416637,-0.134239,0.0402304,0.0764622,-0.1949,0.0607996,0.185091,0.421276,0.06086,-0.0704342,0.192925,0.075866,-0.10796,0.119445
-6.93245,3.7986,0.0486372,0.751048,-0.140427,0.106326,0.0903708,0.23844,-0.305467,-0.159979,0.0163464,-0.154516,0.287844,0.62736,0.0330642,-0.153631,-0.189131,-0.337559,0.0216579,0.122191
-7.75721,3.80519,0.197097,0.865992,0.0740086,-0.0832074,-0.0145795,0.20866,-0.275598,-0.0781373,0.0318191,0.0105704,0.361937,0.515331,0.0013428,-0.355554,0.0167612,-0.11149,0.0948146,0.242073
-8.76472,3.69316,0.561558,0.780551,-0.0493696,-0.176013,-0.092871,0.286945,-0.0346693,-0.175712,-0.0119783,0.13726,0.463324,0.441768,-0.0734842,-0.26157,0.311463,-0.17041,0.0356858,0.282693
-6.23427,2.26221,-0.0681372,0.980942,0.532647,0.255769,-0.664237,-0.0799776,0.0469757,-0.128517,0.161732,0.343543,0.100148,0.247247,0.396635,-0.103384,0.0630773,-0.0176718,0.0584931,0.218171
-1.93566,1.36481,-0.244754,0.894065,0.00233929,-0.257362,-0.488179,-0.167045,0.0144738,0.0176639,0.0791001,0.115555,0.122876,0.00727803,-0.0333848,-0.012387,-0.154295,0.025527,-0.00630345,-0.018545
-2.21212,1.84574,0.0868271,1.15467,0.205299,0.205542,0.12207,-0.0773202,0.0194181,0.242296,0.0747372,0.382194,0.187054,-0.00186577,-0.0198664,0.0720189,0.0880726,0.0244361,0.0991831,0.000806797
-3.15052,1.54998,0.295324,1.05815,0.369902,0.0519247,0.0189221,0.0447772,0.224768,-0.155192,0.104135,0.504401,0.305559,0.218385,0.0233941,0.00592893,-0.0690939,0.08903,-0.123965,-0.133783
-4.13007,1.40519,0.197528,0.944225,0.199504,0.0597494,-0.181736,-0.0517516,0.211218,-0.168558,-0.0394767,0.310177,0.0354091,0.256618,0.229308,0.00450147,0.124997,-0.0672464,-0.0747752,0.0596321
-5.77945,1.9462,0.359655,1.08671,0.15518,-0.207639,-0.331271,0.202805,0.34011,-0.210359,-0.0949446,0.227676,0.14024,0.444099,0.0221676,-0.00219636,0.106221,0.130496,0.164072,0.0037783
-6.9391,2.25207,0.601207,1.30464,0.293846,-0.271374,-0.30683,-0.0265161,-0.0186095,0.0529651,0.274533,0.202095,0.3468,0.204469,-0.0756216,-0.0420051,-0.131791,0.0819217,0.162295,0.149282
-7.86785,2.25861,0.59772,1.24159,0.0413471,-0.168703,-0.377678,-0.0576495,0.0404491,0.0798146,0.23404,0.387613,0.141255,0.152835,0.228148,0.0509275,-0.0415868,-0.1449,0.0808606,0.400837
-8.26433,2.78296,0.547399,1.24202,0.172756,-0.173683,-0.664511,0.0509269,0.0988947,0.0806728,0.326081,0.0773043,0.169167,0.35836,0.0957482,-0.0832402,-0.048546,0.0949732,0.0985132,0.11746
-9.08168,3.40008,0.73502,0.9139,0.0608679,-0.400706,-0.300962,-0.014055,0.145563,0.0934135,0.174252,0.256836,0.295264,0.258838,0.0836996,0.031824,0.324868,0.0955838,0.0789826,0.249893
-9.41443,3.7321,0.759448,0.631889,-0.190397,-0.226221,-0.301841,0.157757,0.27075,-0.14395,0.210492,0.0335952,0.323001,0.254442,0.124298,-0.0659067,0.37484,-0.0191396,-0.120578,0.215929
-9.86848,3.82413,1.06056,0.580099,0.11497,-0.124703,-0.432094,0.302596,0.194642,-0.290777,0.0706273,0.0581111,0.159586,0.308467,0.0755986,0.00038606,0.483797,-0.207325,-0.153063,0.17266
-10.3668,3.94444,0.972301,0.708335,0.0183058,-0.269007,-0.603496,0.0682869,0.467438,-0.0425408,0.0662523,0.168659,0.416436,0.419619,-0.0102092,0.0145913,0.542452,-0.349099,-0.08141,0.150039
-10.6398,3.80031,1.4624,0.681038,-0.0706057,-0.0616338,-0.55616,-0.156207,0.296802,-0.220463,0.0949413,0.348288,0.180665,0.484982,-0.212224,-0.0336474,0.54041,-0.183972,0.0524528,0.174445
-6.19088,3.56814,-0.217441,1.3003,0.56585,0.195096,0.0439291,-0.26989,0.243171,0.141622,0.046876,-0.0164263,-0.0518474,0.00997176,-0.103203,0.0511738,0.0133189,-0.0769618,-0.0112124,-0.0510255
-5.12542,2.08915,0.588814,0.712145,0.567962,0.302602,0.0587095,0.104725,-0.031345,0.0795166,0.0267168,-0.00347686,-0.0946488,-0.124058,-0.128027,-0.039367,-0.0602933,-0.220494,0.117649,-0.0100709
-6.93805,2.69813,1.29864,0.665795,0.238875,-0.0785024,-0.277072,0.437124,0.364154,-0.198119,-0.0454297,0.264405,-0.122079,0.0574955,0.0799049,-0.0627384,-0.167731,-0.16816,0.260018,0.45982
-8.51011,3.24945,1.27227,0.94248,0.264316,0.16879,-0.234372,0.130496,0.197141,-0.00560423,0.0768229,0.159169,0.123277,0.169783,-0.103701,-0.0802878,-0.11254,-0.104761,0.0803011,0.175709
-8.71541,3.34028,0.738452,0.862954,0.467791,0.018997,-0.421717,0.0475982,0.0981827,0.0416499,0.311735,0.318846,0.254959,0.137356,-0.119907,0.0565558,0.204895,-0.244427,0.109387,0.216606
-9.37478,3.46991,1.08498,0.916939,0.323124,0.148921,-0.613954,-0.206021,0.029765,-0.0761352,-0.133335,0.304233,0.35144,0.111028,-0.29623,-0.113127,0.36502,-0.151117,-0.110356,0.074374
-9.90135,3.4378,1.31363,0.949984,-0.127046,-0.296517,-0.547316,-0.00343632,0.0531389,-0.0923519,-0.0558574,0.0650191,0.42885,0.522619,-0.245186,-0.062115,0.40294,-0.196127,-0.0393892,0.47046
-9.18444,3.07784,0.533127,0.962952,0.36892,-0.314998,-0.625483,-0.286953,0.140241,0.0161014,-0.225956,0.237013,0.346789,0.462346,-0.253484,-0.294303,0.099102,-0.256404,-0.0760563,0.447646
-6.2986,2.01142,0.602665,0.868801,0.195259,0.15719,0.0119731,0.00585427,-0.278685,0.16712,0.270266,0.135871,0.00125703,-0.0462768,-0.255409,0.121435,0.0121273,-0.292084,0.110594,0.148069
-6.55287,3.00171,0.811045,1.34124,0.494509,0.308194,0.141568,0.203089,0.333876,0.14261,0.197504,0.471958,0.446244,0.0489345,-0.055201,0.047152,0.0440159,-0.195031,0.147599,0.0625226
-9.17334,3.14602,1.69393,0.95971,0.64115,0.0371495,-0.519292,-0.0645375,0.498193,0.0636742,-0.0385048,0.419944,0.418371,0.0071256,-0.0110751,0.0744069,0.253298,0.0465931,0.118912,0.222856
-9.50518,3.4107,1.46112,0.780213,0.378695,-0.327349,-0.509242,0.0414523,0.464877,0.103414,0.0286365,0.246833,0.203877,0.127429,0.189115,0.165337,0.463856,-0.226833,-0.0470653,0.340922
-9.50343,2.95662,1.47439,0.890555,0.30379,-0.445366,-0.55746,-0.0410274,0.26366,-0.0952232,-0.095273,0.217361,0.511147,0.0750699,-0.11793,-0.0393309,0.258096,-0.0272753,0.017057,0.337734
-5.23186,2.89914,0.658517,0.611353,0.570517,0.367699,-0.190214,-0.00220232,-0.0516397,-0.00789885,-0.106664,0.110069,0.0756702,-0.0628179,-0.182549,-0.0602466,-0.257126,-0.156154,-0.00214731,0.199581
-6.12226,3.02319,1.42254,0.790028,0.61694,0.536093,-0.162661,0.441554,0.511655,-0.00646878,0.127497,0.156248,0.226387,0.136916,-0.0846415,-0.130206,0.12334,0.0850029,-0.0391853,0.00187827
-8.28424,2.89727,1.75023,0.738112,0.437304,-0.0314496,-0.511306,0.0572784,0.413547,0.123464,0.0740386,0.118658,-0.0143699,-0.0375108,0.0133967,0.0541944,0.0970862,-0.254641,-0.383559,-0.0105112
-9.31782,3.45792,1.70085,0.682721,0.457383,0.0793821,-0.541658,0.00256593,0.414457,0.122818,0.0567584,0.128352,0.18716,0.0981912,-0.0393872,-0.0882047,0.167537,-0.374094,-0.220458,0.0476739
-9.81781,3.5497,1.6971,0.846418,0.450661,-0.0495132,-0.67268,0.195734,0.707087,0.0418365,-0.0810408,0.329023,0.270987,0.136189,-0.190423,-0.17851,0.329483,-0.262853,-0.153055,0.083169
-10.4248,3.39833,1.89212,0.651398,0.184982,-0.312471,-0.654037,0.102371,0.397247,0.365554,0.0978362,0.0281009,0.0916207,0.268521,-0.102316,-0.084359,0.57502,-0.155,0.0842477,0.0226099
-10.3776,3.62844,2.15334,0.847594,0.326384,-0.181162,-0.768957,-0.0185012,0.299452,0.214007,0.278569,0.0818782,0.20065,0.222267,-0.461314,-0.136345,0.572219,-0.15063,-2.17427e-05,0.169731
-10.2622,3.4671,1.89874,0.953387,0.0380669,-0.253767,-0.631041,0.0209814,0.37487,0.259702,0.163928,0.280247,0.226402,0.103162,-0.287961,0.000603775,0.437903,-0.316182,0.0807098,0.141851
-7.2974,3.54745,-0.246089,0.812397,0.395268,0.250175,-0.0666474,-0.225231,-0.0733612,0.0906141,0.311,0.171142,-0.00606821,0.214346,-0.0294944,-0.210107,-0.0199182,-0.173958,-0.0963884,0.01372
-8.43638,3.72028,1.07973,1.28006,0.632135,0.117729,-0.259441,-0.131846,0.0551926,0.0390239,0.254487,0.329295,-0.0921904,0.14187,0.033567,-0.250084,0.126437,-0.205488,-0.00233021,0.150549
-9.18107,3.43979,1.36162,1.39766,0.397742,0.0272262,-0.613083,-0.0376719,0.359691,0.309692,-0.0587095,0.00576277,0.222523,0.253992,-0.0926062,0.0395541,0.270029,-0.29797,-0.124488,0.149476
-9.73305,3.40177,1.2449,1.06543,0.358921,0.134578,-0.73389,-0.113255,0.286481,0.140493,-0.314882,0.310603,0.523766,0.195309,-0.129813,0.0216233,0.31633,-0.293748,-0.365633,0.158349
-9.78859,3.41307,1.49848,0.907219,0.155663,-0.0414519,-0.841804,-0.352284,0.448535,0.322248,-0.221073,0.246535,0.455893,0.374897,-0.112381,-0.0377548,0.460524,-0.307975,-0.00448382,0.319704
-5.44752,3.15479,0.725172,0.376896,0.246727,-0.0282658,-0.270078,0.166441,0.229665,0.220813,-0.111435,0.117393,-0.187897,-0.0284179,0.0800322,-0.0488755,0.104937,0.158175,-0.191583,-0.063554
-5.15269,2.71966,0.844639,0.865299,0.698306,0.291379,-0.139539,0.32335,0.404192,0.225033,0.0881265,0.112489,0.139053,0.0881744,-0.020946,-0.0331801,-0.0713523,-0.00416449,-0.17906,-0.143672
-6.31572,2.12063,1.22421,0.812173,0.499017,-0.0389096,-0.396119,0.290283,0.127078,-0.167754,0.0013013,0.101232,0.0805568,0.339465,0.0786441,-0.111292,-0.0869315,-0.189198,0.0290506,0.167378
-6.61128,2.0916,1.12504,0.941996,0.654859,0.0723147,-0.35232,0.408805,0.152256,-0.0749896,0.0761129,0.170628,0.474559,0.0802317,0.070373,-0.126347,-0.19593,0.0572121,0.106931,0.300625
-6.32467,1.3976,1.12418,0.712553,0.430192,0.070467,-0.173466,0.414027,-0.271988,-0.00123207,0.0332601,0.104883,0.318614,-0.00770791,0.156174,0.0269773,-0.353889,0.108069,0.0126305,0.165163
-5.57463,0.980896,0.71645,0.534522,0.0383053,0.260252,-0.305176,0.217067,-0.294511,0.0562521,0.117393,0.11763,0.241487,0.0131595,0.175913,0.13114,-0.309685,0.00977818,0.135076,0.143996
-5.12191,0.86781,0.416102,0.712481,0.358579,0.160533,-0.372351,0.245698,-0.304043,-0.0798781,0.176881,0.10601,0.288012,0.0668552,0.294002,0.114093,-0.28323,0.0595058,0.0720452,-0.0272051
-5.29777,0.836556,0.548643,0.687697,0.288025,0.391349,-0.2717,0.0157675,-0.310566,-0.203005,0.245286,0.365997,0.311013,0.0169755,0.312728,0.188608,-0.369363,0.176168,0.177503,0.228322
-5.69068,0.855395,0.707611,0.612758,0.0490691,0.163308,-0.198813,-0.00275121,-0.167025,-0.0414771,0.219445,0.197954,0.125478,0.128684,0.0798674,0.0935583,-0.167138,0.0531783,-0.0764977,0.10114
-4.93741,0.634746,0.250312,0.477419,0.186203,0.293338,-0.278365,0.0274164,-0.0316932,-0.148081,0.143307,0.0676809,0.234937,0.13874,0.120192,0.297821,-0.368051,-0.0387512,-0.0699266,0.119376
-5.50711,0.706073,0.420774,0.494811,0.267574,0.0931221,-0.444053,0.11392,-0.261694,-0.112175,0.169725,0.187894,0.241847,0.269195,0.242524,0.107303,-0.130941,0.22942,-0.0659405,0.179455
-5.67701,0.540433,0.523605,0.370888,0.0168194,0.137028,-0.330552,0.0554322,-0.186672,0.0220664,0.151376,0.251193,0.329418,0.182069,0.133219,0.198006,-0.117414,0.0483926,-0.093991,0.349267
-5.45467,0.562477,0.484522,0.531492,-0.25028,-0.0696271,-0.437823,0.186195,-0.0364152,-0.0541981,0.0869888,0.0814791,0.17852,0.0413607,0.0746552,0.247107,0.0595494,0.107318,0.078921,0.204753
-4.57677,0.645547,-0.235059,0.324425,-0.019839,0.0453158,-0.491953,-0.179417,-0.0821799,-0.17884,-0.0992778,0.251302,0.058299,-0.00636853,0.0770664,0.0795767,-0.04434,0.040769,0.0295799,0.163175
-1.52486,1.3878,-0.340177,0.443332,-0.259443,-0.157482,-0.328785,-0.0479441,-0.157657,-0.189793,-0.1592,0.252356,0.194867,-0.0291789,-0.119439,-0.175099,-0.200288,-0.143902,-0.0780699,0.0819987
-2.46375,1.27084,-0.0849454,0.852005,0.0230411,-0.116925,-0.132667,-0.125449,-0.10842,0.0140779,-0.221051,0.298596,0.0507262,0.0528239,0.313395,0.0495112,-0.183783,-0.212681,0.215523,0.0785352
-3.74704,0.803482,0.0106962,0.919318,-0.02375,-0.44446,-0.0105096,-0.0627408,0.12599,-0.0638682,-0.138488,0.355519,-0.00954859,0.230632,0.296586,0.106218,-0.122099,-0.21443,-0.146052,0.0706865
-4.65424,0.97561,0.0547809,1.04584,-0.0433142,-0.325186,-0.18527,-0.24395,-0.19135,-0.163756,-0.04863,0.373904,0.0771597,0.186597,0.210249,0.0405153,-0.145634,-0.068482,-0.0618209,0.218085
-6.13777,1.17258,-0.0171809,0.793994,-0.241264,-0.280287,-0.258779,0.0176979,-0.129995,-0.238184,0.0112859,0.177328,0.128767,0.184658,-0.0721975,-0.166154,-0.151977,-0.0434668,-0.0626799,0.066796
-7.27161,1.8075,0.359579,0.963137,0.193312,-0.346315,-0.522288,-0.215376,0.0536021,-0.0607617,-0.161225,0.066561,0.11302,0.23668,0.0688372,-0.252521,-0.00927231,0.126266,-0.0327472,0.0178043
-8.55081,1.85972,0.539372,1.40705,0.146472,-0.495873,-0.71972,-0.385532,-0.326671,0.0727202,0.177024,0.320135,0.169639,0.220927,-0.152158,0.00956822,0.0597018,0.152605,0.220516,0.166795
-9.26492,2.64979,0.790297,1.20699,0.182689,-0.444426,-0.707578,-0.234869,-0.105911,-0.0301907,0.070441,0.433198,0.149653,0.0567265,0.0329042,-0.111158,0.121325,0.106962,-0.0456424,0.162375
-9.85442,2.62791,0.814845,1.34308,0.26046,-0.316761,-0.833993,-0.299155,0.108253,0.17936,0.0665491,0.328038,0.114144,0.217328,-0.0174866,0.0331671,0.234308,0.0741604,0.26457,0.210203
-9.81267,2.95179,0.980108,1.08017,0.241351,-0.405485,-0.885114,-0.339093,0.129625,0.0882227,-0.326672,0.127665,0.165896,0.334055,-0.00373709,-0.0538978,0.171643,0.0879741,0.218878,0.141576
-10.4433,3.14082,1.20114,0.935689,0.207432,-0.446307,-0.925279,-0.626161,-0.072652,-0.0136398,-0.279445,0.245956,0.104697,0.330552,-0.0503713,0.236458,0.0409766,-0.285063,0.0865537,0.361385
-11.0303,3.15035,1.68872,0.91557,0.00971278,-0.648806,-1.11705,-0.189446,0.000548174,-0.0904907,-0.319004,0.11441,0.309146,0.191627,-0.24533,0.353621,0.347923,-0.441793,-0.15256,0.274396
-10.4312,2.84746,1.53907,0.824436,-0.153123,-0.385879,-1.17903,-0.336576,0.204715,-0.121002,-0.221551,0.450677,0.22883,0.319752,-0.0600591,0.170209,0.416731,-0.151955,-0.0787001,0.260754
-5.7422,3.46793,0.723388,0.708138,0.239529,0.534483,-0.113044,0.228346,0.180264,0.278092,-0.103696,0.076672,-0.33472,-0.209849,0.115977,-0.0957426,0.234557,0.138437,-0.00522292,-0.139733
-7.62918,2.64096,1.44597,0.516991,0.260044,0.14602,-0.227294,0.142683,0.223611,0.416591,0.0277569,0.0533965,0.112476,0.227312,0.0934999,0.12792,0.176833,-0.102287,0.029265,0.082904
-9.24656,2.58304,1.58863,0.851223,0.306599,-0.438858,-0.578016,-0.111397,0.317039,0.298505,0.162448,0.069846,0.0344161,0.191772,0.0104183,0.169656,0.14335,-0.157195,-0.0463874,0.272184
-10.128,2.99509,1.41768,1.04999,0.0337396,-0.530187,-0.851278,-0.17453,0.548385,0.293434,-0.233384,0.319704,0.319347,0.111824,-0.537908,0.0659586,0.631256,-0.0221901,-0.107851,0.273513
-10.7945,2.92833,1.49292,0.760441,-0.122073,-0.390929,-0.710203,-0.108189,0.514586,0.242645,-0.102486,0.442863,0.237976,-0.0841871,-0.443167,0.193184,0.539906,-0.117713,-0.10396,0.289842
-11.2546,2.59218,1.45886,0.725812,-0.12096,-0.462542,-0.891728,-0.010813,0.665469,0.376429,-0.0955892,0.501631,0.214932,0.0240975,-0.307898,-0.0157581,0.418883,-0.150385,-0.205012,0.16946
-10.9416,2.64689,0.984049,0.677259,0.304569,-0.228669,-0.89304,-0.360582,0.131679,0.277028,0.141663,0.475713,0.0974185,-0.117459,-0.201975,-0.0769005,0.329825,-0.316838,-0.137772,0.235106
-10.2307,2.93174,0.706991,0.505219,0.169367,-0.419057,-0.766543,-0.287235,0.245466,0.13254,-0.0152196,0.223251,0.114383,-0.0375105,0.0265981,0.0586914,0.507853,-0.0536197,-0.314333,0.109284
-11.0226,2.92685,1.17192,0.864439,0.186367,-0.53973,-0.876599,-0.317739,0.565769,0.471983,0.185714,0.344671,0.160201,0.00672845,-0.181932,0.220313,0.629485,-0.402353,-0.433333,0.227672
-11.9237,2.74947,1.53919,0.732166,0.00357205,-0.493257,-0.861734,-0.545722,0.525871,0.526327,-0.18979,0.22406,0.550552,0.183711,-0.572817,-0.217722,0.65599,-0.573162,0.0783883,0.442352
-12.0456,2.78938,1.54513,0.435233,0.147366,-0.358047,-1.05868,0.00940187,0.71166,0.330758,-0.000771383,0.279816,0.159824,-0.0968563,-0.720046,-0.191746,0.913378,-0.582356,-0.294733,0.577469
-11.4008,2.41761,1.24033,0.606168,-0.0307038,-0.490071,-0.859866,-0.210926,0.715139,0.426293,-0.0107844,0.191991,0.044624,-0.28044,-0.459803,-0.0627424,0.254148,-0.381499,-0.219199,0.336979
-11.008,2.42981,1.26909,0.727496,-0.0874477,-0.314563,-0.780187,0.0338944,0.834305,0.699082,0.320249,0.271062,-0.0838894,-0.0330935,-0.328592,-0.229442,0.350082,-0.465238,-0.267987,0.235479
-5.64738,3.08892,1.00799,0.512934,0.531431,0.419851,-0.127259,-0.139985,0.0221265,0.0583075,0.0421299,0.316979,-0.0370528,-0.0810047,0.271269,-0.110063,-0.137555,-0.294065,-0.224797,-0.110508
-6.49222,2.84529,1.3154,0.579905,0.596483,0.248686,0.199125,0.0415629,0.369461,0.514484,0.0620882,0.260771,0.339289,0.139058,0.000649141,-0.0833879,-0.004104,-0.00647282,0.0438147,-0.254108
-8.27125,2.58424,1.4283,0.548371,0.0437728,-0.142324,0.0274219,0.110557,0.549407,0.254441,0.238802,0.284042,0.537015,0.482132,0.222084,0.194992,0.052068,0.22589,0.240432,0.0654046
-9.04837,2.73097,1.00565,0.335146,0.145285,-0.12946,-0.457892,-0.0633025,0.359149,0.222459,0.249251,0.315961,0.588469,0.224133,0.163116,0.272192,0.412643,0.292945,0.104836,-0.0323543
-9.13408,2.82875,0.827331,0.530166,0.0225392,-0.294981,-0.544067,-0.223205,-0.0183104,0.0766132,0.243315,0.526991,0.604637,0.172311,-0.0489395,0.301266,0.415249,0.085767,-0.105664,-0.132261
-9.33262,2.79632,0.756132,0.678659,-0.00878437,-0.056726,-0.638507,-0.586642,-0.0624634,0.0534222,0.268446,0.399914,0.296133,0.147635,-0.122279,0.239933,0.233924,-0.104635,-0.129042,-0.0860501
-8.24561,2.38974,0.0675021,0.948349,0.084886,-0.196052,-0.624981,-0.53431,0.020112,0.152499,0.318662,0.201641,0.36626,0.221724,-0.0288967,0.188459,0.130955,-0.130168,-0.099845,0.0553394
-9.09475,2.59434,0.581052,0.820191,-0.133851,-0.453697,-0.657697,-0.32284,-0.0843353,-0.00600971,0.00471815,0.32089,0.203622,0.252261,-0.0191513,-0.0535294,0.254313,-0.197122,-0.281045,0.0330746
-9.99913,2.90863,1.10358,0.826784,-0.0219334,-0.580648,-1.00125,-0.327159,0.0930098,0.244361,0.123768,0.308311,0.309855,0.151015,-0.0651791,0.0433216,0.286344,0.114321,-0.322238,0.0467466
-10.3597,2.79709,1.06952,0.800552,-0.113373,-0.740106,-1.33716,-0.53111,0.414482,0.138365,-0.184187,0.155015,0.211287,0.292198,-0.453418,0.109682,0.662546,-0.136422,-0.286911,0.0644495
-10.388,2.86355,1.09586,0.540063,-0.0957115,-0.757262,-1.08023,-0.339346,0.310084,0.208234,-0.0680401,0.230773,0.356563,0.283341,-0.0976989,0.294627,0.504951,0.0647268,-0.280312,0.0995984
-8.517,2.28354,-0.0735278,0.542973,0.0638755,-0.445734,-0.797975,-0.516825,-0.245559,0.0380947,0.0467901,0.262037,0.286615,0.243057,0.0805452,0.119108,0.127515,-0.0665791,-0.125991,0.00282345
-9.6193,2.4412,0.967083,0.801871,0.115551,-0.27135,-0.809247,-0.496894,-0.0300725,-0.19851,-0.252555,0.433605,0.483251,0.525824,0.088455,0.07241,0.214516,-0.236534,-0.171988,0.0784742
-7.31663,1.32131,0.329963,0.761877,-0.333003,-0.427599,-0.73504,-0.467213,-0.206382,0.358274,-0.265695,0.0233724,0.170196,0.415497,0.389049,-0.0453378,0.000361565,-0.122102,-0.0501698,-0.058593
-6.34027,0.933611,0.142815,0.168242,-0.510928,-0.403435,-0.497502,-0.242875,-0.179536,0.0610956,-0.00951022,0.030669,0.147739,0.434752,0.22515,-0.106446,-0.393109,-0.291913,-0.070347,0.0118651
-7.07916,1.23569,0.278453,0.114132,-0.269683,-0.590507,-0.536821,-0.160493,-0.199178,-0.0676805,0.0359074,0.211363,0.139824,0.0385453,0.269183,0.144855,0.00680447,-0.118621,-0.0196482,0.221432
-8.56152,2.04804,0.661988,0.39556,-0.12496,-0.736067,-0.624932,-0.228979,0.0106498,0.020819,-0.152897,0.180019,0.0794735,0.155523,0.0721208,0.197694,0.0128025,-0.220587,-0.117665,0.132539
-9.69281,2.43002,0.740689,0.453855,-0.133389,-0.861298,-0.99888,-0.597796,0.039868,-0.0746281,-0.340705,0.27572,0.291136,0.376439,0.0251292,0.17754,0.135537,-0.322777,0.115085,0.248752
-10.1373,2.80908,1.14147,0.448539,-0.0207529,-0.478126,-1.09566,-0.784401,-0.0478963,-0.10856,0.0928175,0.358929,0.156319,0.326366,-0.0479953,0.0654046,0.350748,-0.355057,0.0250598,0.254029
-10.5196,2.93297,1.23059,0.612637,-0.249362,-0.405525,-0.970355,-0.557496,0.219297,0.0432273,-0.133339,0.210221,0.115482,0.477252,-0.0158356,-0.0386866,0.436949,-0.583039,-0.132831,0.263261
-10.9707,2.90621,1.50929,0.596087,-0.193903,-0.346321,-0.965178,-0.60983,-0.0896249,-0.166019,0.0269116,0.439963,0.399439,0.261605,-0.0996294,0.159507,0.306982,-0.414784,-0.327535,0.0297189
-10.2478,2.76363,1.07756,0.605135,0.0246477,-0.549602,-0.795244,-0.427438,-0.183252,-0.0302749,-0.0933019,0.469024,0.481176,0.299477,-0.0246979,0.153668,0.199159,-0.242087,-0.219842,-0.0617928
-9.33213,2.43744,0.213427,0.833555,0.19409,-0.158985,-0.975254,-0.650786,-0.198242,0.0511231,0.0350806,0.332313,0.487601,0.424953,-0.123666,-0.0740875,0.223128,-0.1942,-0.179936,0.0369325
-9.89911,2.48904,0.415704,0.640496,-0.163552,-0.195748,-0.95909,-0.482717,-0.0993168,-0.150403,-0.201368,0.389347,0.548579,0.559162,-0.0653463,-0.136089,0.194628,-0.246376,-0.0433515,0.288551
-10.2377,2.31454,0.177581,0.884307,0.038017,-0.481211,-1.06707,-0.486133,-0.19741,-0.0381059,0.141844,0.384972,0.415694,0.525432,0.0322166,-0.124939,-0.0298604,-0.460803,-0.0136779,0.489953
-10.9309,2.59675,1.08609,0.859819,-0.312503,-0.582262,-1.11206,-0.361405,0.080294,0.169256,0.274691,0.450781,-0.00510237,0.0381463,-0.10572,0.0705074,0.246715,-0.19594,-0.406112,0.00856639
-5.118,0.975804,-0.766805,0.388269,-0.00248004,-0.255881,-0.718823,-0.20089,-0.0685272,-0.0136477,0.13422,0.226511,0.0180168,0.0905388,0.0796275,-0.186203,-0.0100767,-0.0924731,-0.0135882,0.29945
-1.24519,1.61352,-0.532998,0.420461,-0.1325,-0.217017,-0.180795,-0.232774,-0.249132,-0.035764,0.0190869,0.140483,0.117948,-0.209135,-0.0689483,0.13257,-0.109196,-0.0480694,-0.192376,-0.340735
-2.25736,1.64043,-0.180292,0.643028,0.0573493,-0.13346,-0.0837163,-0.00472538,-0.110287,-0.276638,-0.261581,0.133514,0.121481,0.24829,-0.136484,-0.120666,-0.0650416,0.121468,0.226753,0.0200569
-3.73905,0.942571,0.0536949,0.931824,0.241896,-0.233431,-0.16854,-0.00985231,0.0244779,-0.308849,-0.0937784,0.291992,0.0553466,-0.104858,-0.082575,-0.0933589,-0.101194,-0.0811794,-0.235899,-0.138945
-4.92217,1.05572,-0.280699,0.729212,-0.149667,-0.314754,-0.314647,-0.117163,-0.110089,-0.210796,-0.0652311,0.193122,0.0874768,-0.0267129,0.128569,-0.0233291,-0.16183,-0.303847,-0.139028,-0.0566336
-6.44203,1.35349,0.0862937,0.832647,-0.106646,-0.592489,-0.548865,-0.188118,-0.214046,-0.264756,-0.0654536,0.214486,0.170862,0.164224,-0.0267684,0.0202013,0.136376,-0.108044,-0.216495,-0.120861
-7.76166,1.49801,0.0972229,0.868369,-0.28731,-0.858009,-0.66915,-0.280321,-0.292886,-0.166142,0.233142,0.197756,0.227597,0.130457,-0.00711781,-0.0548167,-0.193927,-0.0751703,-0.226766,-0.278583
-8.40003,1.97702,0.257343,1.08345,-0.22016,-0.575278,-0.639221,-0.275577,-0.0163407,0.0856202,0.0463153,0.291763,-0.159454,0.0507412,0.0754199,0.0276455,-0.214989,-0.404815,-0.241919,-0.127089
-9.05956,2.21707,0.206202,0.886271,-0.181969,-0.558314,-0.71082,-0.187714,0.193891,0.0582483,0.148578,0.278655,0.17885,0.253943,-0.0206215,-0.0913829,-0.0640977,-0.169917,-0.109068,-0.104242
-10.4806,2.81532,0.694092,0.780569,-0.353024,-0.69116,-0.761974,-0.641752,-0.017612,0.328294,0.274236,0.419488,0.334107,0.0484135,-0.0977991,-0.00771404,0.278351,-0.0711617,-0.293592,0.00120037
-10.9897,2.8612,1.13697,0.771366,-0.244261,-0.645647,-0.883483,-0.649315,-0.0936288,0.197549,-0.18345,0.253722,0.411832,0.428231,-0.309078,-0.294681,0.169279,-0.268753,-0.413264,0.0812612
-10.9158,3.12986,1.4847,0.385726,-0.135227,-0.792749,-1.11059,-0.486426,-0.0566984,-0.150217,-0.101615,0.317772,0.230997,0.153496,-0.414361,0.00194874,0.781756,-0.399027,-0.395889,0.128152
-11.007,2.91592,1.64191,0.426211,0.159959,-0.78175,-1.0794,-0.906252,-0.129061,-0.259124,-0.0756539,0.510108,0.178373,0.392097,-0.125543,-0.141523,0.467253,-0.553787,-0.108433,0.128181
-10.2198,2.46385,1.18025,0.589738,-0.304926,-0.741033,-1.15186,-0.825055,0.116855,-0.102817,-0.191987,0.212092,0.26719,0.139351,-0.0338443,0.157074,0.429066,-0.487034,-0.279622,0.173567
-7.32586,1.5221,0.256172,0.218648,-0.175405,-0.748752,-0.585131,-0.504507,-0.11029,-0.259924,-0.0629433,0.21077,-0.0507402,0.270918,0.0943305,0.236522,-0.154197,-0.428991,-0.144381,-0.0548274
-6.14375,1.28927,0.228978,0.0914705,-0.0212374,-0.385421,-0.570058,-0.201471,-0.304072,-0.304364,-0.0232307,0.186047,0.262669,0.271461,-0.0498346,-0.00206235,-0.204143,-0.360119,0.115335,0.135389
-7.99905,1.84881,0.428445,0.231193,-0.207381,-0.723937,-0.746137,-0.150433,0.152414,-0.210972,-0.0813824,0.15912,0.14866,0.0778546,-0.126582,0.103171,-0.0575737,-0.266585,-0.230052,-0.153654
-9.3313,2.2821,0.32702,0.285947,-0.102082,-0.642111,-0.871477,-0.400868,0.149207,-0.0687108,0.195801,0.110912,0.00783054,-0.139162,-0.278722,-0.0376208,0.179859,-0.264302,-0.225598,-0.0276647
-9.64959,2.65873,0.372088,0.205235,-0.234087,-0.749049,-0.76839,-0.178921,-0.0457853,0.114402,0.331345,0.245431,-0.0581831,-0.0905399,-0.0387518,0.0585209,0.239064,-0.320043,-0.0167888,0.0524658
-10.261,2.81079,0.65787,0.0920776,-0.476769,-0.645273,-0.759172,-0.414706,-0.105345,-0.0477939,0.060547,0.548799,0.332428,0.0717946,-0.197403,-0.112618,0.31517,-0.309813,-0.177907,-0.132406
-10.4485,2.48443,0.724362,0.613985,-0.185546,-0.729972,-1.1487,-0.442298,0.160309,0.182654,-0.0944353,0.369108,0.200221,0.145163,-0.0365459,-0.0864013,0.133597,-0.47515,-0.227844,0.0822516
-8.27546,1.90837,0.324332,0.610792,-0.39512,-0.529068,-0.882689,-0.737392,-0.490455,-0.111682,0.208019,0.00155609,-0.0597059,0.149155,0.0127764,0.0775389,0.102773,-0.231748,-0.125106,-0.000232582
-5.85519,2.28484,0.656659,1.01104,0.453179,0.128878,-0.227629,-0.0666965,-0.0504324,-0.0326737,0.00335161,0.288377,0.268419,0.132026,-0.0657621,0.167819,0.0304743,-0.210868,-0.0789252,-0.151044
-7.82866,2.84236,1.23859,1.37956,0.675717,0.060322,-0.125276,0.122429,0.324601,0.0569264,0.133373,0.448905,0.681996,0.42252,0.253153,0.254972,0.279814,-0.0614005,-0.185987,-0.0617444
-9.38176,2.83312,1.53767,1.04223,0.500656,-0.272457,-0.512939,-0.169909,0.17446,0.358773,0.268021,0.556864,0.846514,0.233302,0.252668,0.229312,0.51585,-0.0407719,-0.179642,0.177571
-10.7278,2.81674,1.74958,0.915037,0.300936,-0.332243,-0.778487,-0.0636643,0.242941,0.168224,0.274807,0.653391,0.891256,0.251824,0.0193526,0.0113024,0.423282,-0.317534,-0.132022,0.0355829
-10.6304,3.07141,1.59777,0.311326,-0.182305,-0.307348,-0.880884,0.0282164,0.447903,0.241026,0.245273,0.470627,0.539795,0.115044,-0.154441,0.271446,0.621096,-0.406659,-0.246456,0.215103
-5.12291,2.44956,0.790584,0.357025,0.114675,0.420895,-0.235369,0.19247,-0.132018,-0.28486,0.00289533,-0.357483,-0.145278,0.0832849,-0.0925324,-0.167175,-0.0780712,0.0486686,-0.147743,-0.115992
-6.91118,2.78296,1.60112,0.782276,0.492253,0.156568,-0.271195,0.534638,0.417039,0.231719,0.127244,0.317295,0.129072,0.231794,0.109232,0.0332563,0.279808,0.0718583,0.073212,-0.00179964
-8.84372,2.55903,1.60142,0.836576,0.627236,-0.301844,-0.874745,0.107021,0.493388,0.424602,0.399292,0.420924,0.474979,0.136257,-0.00287853,0.374915,0.304457,-0.236765,-0.109938,0.0292045
-10.0862,2.85062,1.25412,0.713743,0.357766,-0.446873,-0.746448,-0.21292,0.450699,0.15961,0.170817,0.613956,0.725929,0.0306974,-0.149746,-0.048882,0.585454,-0.279344,-0.484691,0.00339561
-10.3609,2.86841,1.68396,0.698645,0.183308,-0.347092,-1.06585,-0.260372,0.209163,0.0464398,0.202467,0.344001,0.542511,0.248464,-0.08487,0.128672,0.747248,-0.238972,-0.385457,0.105722
-10.9652,3.16393,1.92716,0.528414,0.00944185,-0.526082,-1.07718,-0.100178,-0.233472,-0.086527,0.023634,-0.0657031,0.783575,0.470572,-0.159408,0.414536,0.598979,-0.545868,0.107553,0.105582
-10.8476,2.96829,1.92484,0.600779,0.00666268,-0.773071,-1.43899,-0.404031,0.148222,0.0989782,0.00358179,-0.046395,0.538575,0.332876,-0.0998974,0.549944,0.750577,-0.531305,-0.214664,0.0638877
-10.6682,2.81196,1.36204,0.762152,0.000619159,-0.691836,-1.23509,-0.52994,0.0851079,-0.111111,-0.324602,0.315602,0.517498,0.339938,-0.23881,0.180205,0.639777,-0.279769,-0.299412,0.0053181
-9.91705,2.4941,0.994399,0.865463,-0.00599948,-0.309224,-0.829284,-0.4405,0.0569369,0.140535,0.0406709,0.33995,0.423443,0.366836,-0.0662886,0.0745679,0.238574,-0.406201,-0.261511,0.0533891
-8.26319,3.70603,0.336365,0.660888,-0.108612,0.2466,-0.250693,0.0429286,0.127835,0.14963,0.0355717,0.21393,0.0539081,0.145821,-0.126836,-0.164396,-0.193625,-0.35951,-0.0415573,0.18679
-7.28442,3.85404,0.0995824,0.856415,0.0684811,0.223824,-0.302325,0.0788434,0.266065,0.627988,0.202898,0.0114726,-0.0153934,0.143975,-0.332016,-0.271596,0.0177548,-0.428849,-0.453351,-0.0786528
-8.64201,3.60036,0.51928,0.963174,0.237311,-0.10637,-0.781127,-0.269265,0.29148,0.759609,-0.0408901,-0.0218509,-0.219388,0.0523286,-0.115419,0.0520853,0.197637,-0.633908,-0.441701,-0.0810305
-9.88929,2.71585,0.813574,0.747725,0.04182,-0.459531,-0.937453,-0.570965,0.0106829,0.273456,0.0184278,0.411536,0.130555,-0.0248313,-0.229409,0.173807,0.338192,-0.257463,-0.214952,-0.0943092
-4.70315,3.20823,0.584248,0.563752,0.290989,0.194705,-0.0662807,0.185631,0.0994489,0.460178,-0.306768,-0.149027,-0.111139,-0.0871083,-0.00516413,-0.0696734,0.0745549,0.0276137,-0.112365,-0.15061
-5.45004,2.14073,0.903935,0.706958,0.477473,0.171896,-0.27128,0.455722,0.411318,0.208002,0.207694,0.279012,0.267676,0.335608,0.0567562,0.106674,0.0826042,-0.219571,-0.423215,-0.106161
-6.8876,1.71112,1.00327,0.779724,0.368618,-0.309995,-0.53053,0.015025,-0.186664,0.109662,0.261279,0.332201,0.17727,0.178096,0.311864,0.156685,0.0589475,-0.204456,-0.127082,-0.117303
-6.27465,1.54366,0.8438,0.610529,0.283226,-0.165371,-0.645829,0.352725,-0.0973694,-0.185793,-0.0562051,0.24364,0.724824,0.252994,0.292368,0.0998948,-0.194735,0.0464559,0.0894099,0.0992041
-6.18761,0.834618,0.658458,0.327449,-0.120206,-0.329663,-0.619788,0.0292296,-0.193765,-0.134242,-0.251718,0.106993,0.616538,0.472848,0.359369,0.10398,-0.0817171,0.0711514,0.0393923,0.314728
-5.65105,0.445273,0.219805,-0.0219568,-0.224956,0.0503365,-0.651117,-0.0170879,-0.496312,-0.14113,0.122231,0.222387,0.381085,0.0837538,0.341475,0.09587,-0.335754,0.0383552,0.0277197,0.00564748
-5.45138,0.437031,-0.105615,0.0624257,-0.189528,-0.0209778,-0.536007,-0.101684,-0.402879,0.00152485,0.236277,0.0710884,0.251437,0.00828162,0.173708,0.0263482,-0.567315,-0.0307607,0.00763682,-0.0363572
-5.76006,0.402262,0.172669,0.0580702,-0.315258,-0.105682,-0.462822,-0.0116295,-0.175522,-0.0754863,0.271446,0.262588,0.0760256,-0.054028,0.188288,0.0026439,-0.396036,-0.0695379,-0.158178,0.100107
-5.45064,0.610252,0.15591,0.112893,-0.271643,-0.0879378,-0.334061,-0.126878,-0.228601,-0.0471545,0.147061,0.0148268,0.275195,0.11373,0.0539615,0.0622406,-0.30006,0.0922204,-0.121616,-0.0579952
-4.8684,0.757324,0.466168,0.612548,0.0258524,0.110337,-0.425127,0.126922,-0.0139936,-0.128785,0.161395,-0.0683286,-0.0733437,0.0933242,0.193967,0.168611,-0.477918,-0.100767,-0.106989,0.150358
-4.4454,1.5624,0.605819,0.505548,0.392187,0.415853,-0.14825,0.170852,-0.170165,0.130103,0.218691,0.00262402,0.0749312,-0.0964638,-0.0423062,-0.0976409,-0.203238,0.0362943,-0.356749,-0.112638
-5.15623,0.944547,0.716387,0.717023,0.336342,0.353829,-0.484016,-0.0970634,-0.210788,0.275825,-0.00337074,-0.00174977,0.141079,-0.035756,-0.0831494,0.111917,-0.241637,-0.130387,-0.407137,-0.0493728
-5.0746,0.643893,0.319418,0.329525,-0.19398,0.0111569,-0.606804,-0.0938871,-0.0826862,-0.261874,-0.135906,0.245555,0.493278,0.206641,0.103404,0.169145,-0.0970012,0.0269457,-0.22006,0.0407808
-3.70387,0.73926,-0.564104,0.484557,0.056073,-0.101042,-0.584574,-0.509963,-0.247549,-0.0969396,0.00852479,0.324986,0.324864,0.214956,0.140398,0.082654,-0.0045852,-0.0353493,-0.0911932,-0.0576136
-1.20662,1.86765,0.0627955,0.626967,0.124838,-0.201257,0.0916146,-0.106961,-0.282533,-0.0109035,-0.290384,0.160996,0.385062,-0.00753138,-0.082081,-0.217044,-0.305264,-0.036153,-0.0336675,-0.0149899
-2.51551,1.3226,-0.0021885,0.949804,0.162253,-0.317226,-0.343317,0.0456113,0.488515,0.290942,-0.301121,0.123127,0.0945285,-0.0199445,-0.0651834,-0.0226223,-0.0843524,-0.0825226,0.200565,0.0198317
-3.80368,1.36715,-0.013616,0.584941,0.00093552,-0.404578,-0.246221,-0.104735,0.274794,0.150905,-0.174954,-0.0509866,0.0948112,-0.0838611,-0.0802994,-0.180242,-0.175244,0.153921,0.11964,0.105344
-4.4014,1.48439,0.153741,0.835151,-0.19363,-0.253042,-0.192193,-0.0418205,0.195251,0.112614,-0.0146488,-0.0208443,0.0216917,-0.0939514,-0.118909,-0.0635943,-0.0361011,-0.00265143,0.179799,0.0988772
-5.66798,2.10181,0.274784,0.877358,-0.141357,-0.0119512,-0.303786,-0.0839725,0.231356,0.0801491,0.0548127,0.140169,0.0420966,0.079552,-0.229271,-0.368635,-0.136468,0.220005,0.180757,0.102602
-6.64294,2.33425,0.273323,0.891698,0.0565799,-0.356471,-0.611364,-0.255601,0.376828,0.174479,-0.0761113,-0.125769,-0.0490668,0.155046,0.129837,-0.277119,-0.203841,0.227831,0.0363029,-0.0767697
-8.05927,2.16141,0.265461,1.02791,0.0489537,-0.374851,-0.675675,-0.488392,0.100688,0.309749,-0.119959,-0.349525,0.0556465,0.387824,0.0933374,-0.451834,-0.348989,-0.125169,-0.147832,-0.261269
-8.5986,2.43797,0.0918348,0.681482,0.0256306,-0.401693,-0.940287,-0.615814,0.171544,0.212117,-0.0213781,0.102973,0.2122,0.375051,0.193228,-0.592008,-0.241135,0.0502274,-0.13408,-0.113305
-8.69279,2.79873,0.579038,0.716171,0.072239,-0.470375,-1.00248,-0.786389,0.166308,0.44717,-0.017575,-0.0797726,0.113443,0.302501,0.163114,-0.435889,-0.105185,0.236875,-0.0241102,-0.194503
-9.14653,2.96617,0.723094,0.710235,-0.0438256,-0.546261,-1.28227,-0.681905,0.159735,0.521117,-0.0247222,-0.221738,0.0405686,0.528171,0.137464,-0.256939,-0.197869,-0.01212,0.128849,-0.0247339
-9.51801,3.17072,0.678809,0.467851,-0.0838379,-0.337922,-1.30372,-0.927987,0.374525,0.418372,-0.295884,-0.0444417,0.0904203,0.0561072,0.0408404,-0.313603,-0.184597,0.0124214,0.214709,0.0687715
-9.85311,2.81263,0.74511,0.360207,-0.0725272,-0.583733,-1.378,-0.706303,0.193036,0.372291,-0.0917777,0.051089,0.176944,0.281262,0.152238,-0.427323,0.0142394,0.168604,-0.0547344,-0.108135
-7.51305,2.8798,0.620439,0.629932,-0.105861,-0.231339,-0.717813,-0.0781524,0.260386,0.386679,-0.391305,0.0638759,-0.16428,-0.0768558,-0.0898451,-0.44348,0.024251,-0.00442424,-0.298438,-0.266004
-5.79561,3.4897,0.6887,0.634912,0.461941,0.316721,0.0427635,0.0524642,0.200689,0.278396,-0.0889652,0.184003,0.0574294,0.166056,0.189922,-0.0766302,0.194176,-0.00264063,-0.0209228,-0.148728
-6.15967,3.01994,0.423994,0.389552,0.384338,-0.14379,-0.141013,0.215754,0.368035,-0.0695169,-0.354131,-0.0223648,-0.252304,0.253034,0.0835834,-0.103096,0.197106,0.235378,-0.19118,-0.390115
-7.45831,3.50552,0.500382,0.319828,0.340612,-0.229973,-0.394689,0.119358,0.453074,-0.122064,-0.215301,0.172946,-0.202052,0.158377,0.0987064,-0.071194,0.351581,0.341837,0.0342262,-0.198203
-7.92446,3.82316,0.302517,0.475424,0.0442778,-0.526138,-0.539362,-0.0226108,0.424815,-0.156711,-0.109064,0.288024,-0.230493,-0.0597312,0.109548,-0.192721,0.234514,0.309597,0.155625,-0.257383
-7.93729,3.68673,0.627066,0.319321,-0.148428,-0.389901,-0.665612,0.167299,0.266072,-0.0925507,0.0749219,0.095742,-0.211837,0.225308,0.093348,-0.243007,0.404335,0.328344,0.215022,-0.217746
-8.03047,3.83483,0.608399,0.475987,-0.0776868,-0.742116,-0.6801,0.0213328,0.489471,-0.218307,-0.174292,0.0567334,-0.248043,0.0567078,0.205449,-0.327355,0.335996,0.34055,0.165967,-0.268836
-8.27386,3.77014,0.757147,0.519743,-0.0297483,-0.701472,-0.791718,0.0804197,0.329599,-0.154852,-0.108989,0.0130715,-0.227648,0.120017,0.300915,-0.172909,0.330506,0.475075,0.0749449,-0.279292
-8.96433,3.37244,0.645379,0.594421,-0.120271,-0.594881,-0.922024,-0.469722,0.213719,0.0282811,0.091041,0.0795323,-0.210534,0.0672811,0.0906386,-0.379447,0.120427,0.496566,0.21374,-0.0896381
-9.24075,3.58226,0.653948,0.396458,0.11118,-0.424754,-0.898344,-0.364858,0.34486,0.114219,-0.00055195,0.163005,-0.0807392,0.273655,0.248873,-0.661407,0.181194,0.533424,0.275811,-0.1049
-9.71501,2.9344,0.629433,0.344379,0.209583,-0.779279,-1.10945,-0.288403,0.351772,0.332696,-0.11721,0.179965,0.225308,0.288742,0.175221,-0.911814,-0.0603147,0.469722,0.275535,-0.14953
-10.3029,2.75709,0.731084,0.522145,-0.103761,-0.917719,-0.972628,-0.692691,0.18816,0.141305,0.0601332,0.142156,-0.000961984,0.312046,0.224095,-0.933842,0.0100245,0.290099,-0.213287,0.00736235
-9.97419,2.88849,0.615144,0.336196,-0.0966777,-0.623085,-0.708731,-0.440595,0.372245,0.0609568,0.0227039,0.0558746,-0.0745462,0.241083,0.298473,-0.719023,0.235503,0.0893573,-0.337124,-0.240857
-8.73503,2.51939,0.121356,0.101002,-0.00182248,-0.45164,-0.805697,-0.491137,0.0785834,0.149086,0.319207,-0.0191119,-0.0369218,0.0742803,0.430622,-0.230427,-0.0597596,0.18513,-0.210503,-0.0559127
-4.6154,3.21778,0.517623,0.470779,0.581121,0.420846,0.0296037,0.0328708,-0.0524467,0.079897,0.0647549,0.351717,0.139251,0.165998,0.0381786,-0.0587891,-0.13734,-0.252059,-0.152087,-0.266037
-5.58599,2.93171,0.690817,0.399891,0.436334,0.223119,0.441426,0.313818,-0.011807,0.150766,0.104242,-0.107929,0.356774,0.66181,0.407457,-0.00759589,-0.11201,0.00149766,-0.00546989,-0.0636068
-6.36628,3.06363,0.558189,0.424733,0.220648,0.0653464,0.216901,0.0657099,-0.275699,0.0449767,0.194441,-0.25841,0.3953,0.587298,0.634572,0.150281,0.0211252,-0.0476211,0.0517408,0.347094
-6.45749,3.0432,0.319484,0.749403,0.200376,-0.0865557,-0.0175559,-0.026189,-0.360523,0.0655731,0.125517,-0.294336,0.49604,0.59239,0.541914,-0.112915,-0.0205854,0.0329368,-0.043446,0.196029
-6.85875,3.1379,0.211268,0.521495,0.17424,0.15017,0.12212,0.0115714,-0.277403,-0.0392035,0.471824,-0.0297803,0.526621,0.361886,0.360009,-0.368505,-0.272649,-0.278665,0.162005,0.183985
-7.32539,2.8689,0.383574,0.736959,0.228661,-0.17962,-0.186114,0.0378663,-0.528611,-0.212108,0.168067,0.0686463,0.441398,0.420091,0.146372,-0.36842,-0.228813,-0.267051,0.0194351,0.342265
-6.93898,3.04764,0.253291,0.965027,-0.0811084,-0.0446413,-0.0533951,-0.101802,-0.234147,-0.132713,-0.124458,0.118783,0.475303,0.317499,0.0758743,-0.134155,-0.14788,-0.0459506,0.131076,0.253412
-7.70221,2.88936,0.457196,0.876995,0.0797713,-0.130624,-0.226096,-0.266228,-0.396194,-0.257501,-0.178999,-0.05056,0.507055,0.419691,-0.107878,-0.335508,-0.284542,-0.221291,-0.021223,-0.127463
-7.63398,2.45256,1.14225,0.735512,-0.0321455,-0.165245,-0.509973,-0.204049,-0.448682,-0.13913,-0.0167102,-0.280444,0.429705,0.732841,0.180051,-0.474413,-0.345572,0.000308748,-0.150168,-0.0665934
-6.74035,1.5633,1.5249,0.941726,-0.478159,0.0578947,-0.836338,-0.249981,-0.277777,-0.260744,-0.120395,-0.114217,0.220836,0.471374,0.130247,0.0368901,-0.292445,-0.16701,-0.237361,-0.282923
-6.47872,1.33757,1.35869,0.827895,-0.312839,0.167773,-0.877578,-0.274979,-0.0229013,-0.362872,0.230151,-0.168966,0.0532352,0.360048,-0.234633,0.184835,-0.306362,-0.268516,0.0143087,-0.457635
-6.35845,1.22551,1.20365,0.620712,-0.151586,0.359579,-0.765393,-0.122858,-0.389041,-0.375665,0.0988778,-0.0679015,0.38744,0.132247,0.0128421,-0.0225801,-0.518524,-0.12679,-0.0919426,-0.134189
-6.55484,1.16114,1.49844,0.368866,0.17882,0.183319,-0.961396,-0.177366,-0.62735,-0.115658,-0.271982,-0.0668651,0.544757,0.218028,0.25696,-0.277901,-0.290487,-0.105476,-0.213983,0.092025
-5.60479,1.535,0.648413,0.505618,-0.177307,-0.121406,-0.115232,-0.0441241,-0.331877,0.214357,-0.33637,-0.1662,0.0822233,0.222994,0.23368,-0.0177885,-0.00282599,0.100087,0.0432804,-0.0770461
-5.62987,1.50403,0.512225,0.497756,-0.0583629,-0.136404,-0.238415,0.0298051,0.0720941,-0.110861,-0.185457,-0.309228,-0.169978,-0.185762,0.00151909,-0.0765992,-0.160024,0.00394883,-0.0210408,0.0690577
-6.52794,1.83134,0.54911,0.0749425,-0.00173219,-0.141604,-0.244427,-0.0415483,-0.0435148,-0.233505,-0.100947,-0.105424,0.0675108,0.102187,-0.0127955,0.102501,-0.079047,-0.199755,-0.0351467,0.175033
-7.7306,2.03175,0.595904,0.285024,0.0179122,-0.0692108,-0.53685,0.0733074,-0.180219,-0.104251,-0.14855,0.192982,0.669794,0.283085,-0.115332,0.049072,-0.0334838,-0.114034,-0.0831165,0.108233
-8.16861,2.53775,0.935312,0.41345,-0.208733,0.0413003,-0.467599,0.0648685,-0.165849,-0.0447303,0.00499612,-0.0198623,0.398583,0.348008,0.162239,0.132017,0.163024,-0.212794,-0.148315,0.214262
-8.39632,2.62218,0.998576,0.430675,-0.493039,0.0256288,-0.539087,0.0167448,0.0618802,0.230105,0.114008,-0.0327608,0.509463,0.375616,0.13671,-0.0317433,0.0632448,-0.0506259,0.0625896,0.0864974
-8.75745,2.69549,1.07356,0.223395,-0.379091,-0.0113183,-0.603509,-0.294529,0.120948,0.301782,-0.0554766,0.0608951,0.489849,0.367166,0.0527652,-0.0796483,0.178388,-0.263786,-0.090568,0.0440837
-8.86628,3.00928,1.09985,0.308048,-0.488593,-0.105294,-0.699219,-0.220791,-0.0582013,-0.0522324,-0.0695166,0.0687065,0.605117,0.370746,0.130177,0.0652695,0.347539,-0.235625,-0.0445255,0.286393
-7.83023,3.37674,0.34005,0.50167,-0.018315,0.0760977,-0.309037,-0.109184,-0.1475,0.0671623,0.0482177,0.100855,0.0752691,0.34379,0.191669,-0.0925811,0.0552198,-0.110441,0.0315953,-0.00332415
-6.10464,3.50146,0.110447,0.530438,-0.248565,0.0846968,0.0823656,0.115313,-0.259639,-0.188326,-0.0142747,-0.160833,0.215582,0.350541,0.0821946,0.0190004,-0.368788,-0.42748,0.119427,0.093013
-6.8791,3.34265,0.372049,0.607095,-0.336709,-0.0340321,0.0656311,-0.158443,-0.420439,-0.176429,0.0993953,-0.098734,0.187899,0.530446,0.219515,-0.10499,-0.176802,-0.166619,-0.0638476,0.0841235
-7.31673,3.27147,0.313051,0.781094,0.141332,-0.403595,0.0638441,-0.205984,-0.362593,-0.173877,-0.00961077,-0.131901,0.524891,0.577277,0.206574,-0.206232,-0.266763,-0.249714,-0.0098794,0.220663
-8.28836,2.98422,0.669183,0.720379,0.193226,-0.628278,-0.108528,-0.222082,-0.381125,-0.386513,-0.284877,0.126084,0.652849,0.471839,0.0906699,-0.123145,-0.138856,-0.294806,-0.104184,0.280723
-3.50771,1.13322,-0.628185,0.543723,0.130142,-0.153644,-0.761164,-0.312967,-0.0479336,-0.0252659,0.0148314,0.182917,0.136922,0.122563,0.239644,0.00921585,0.0792041,0.0357925,-0.119567,0.10065
-1.19535,1.77458,-0.37116,0.435554,-0.0384193,0.117954,-0.0868217,-0.152574,-0.107172,-0.112574,0.123288,0.0367962,-0.0786306,-0.0495798,0.0475442,0.0432805,0.195486,-0.0943241,-0.136376,-0.133789
-2.46937,1.37549,-0.205738,0.707357,0.0742815,-0.0618146,-0.147578,-0.117406,-0.0209402,-0.321961,-0.136176,0.248677,0.240059,0.142111,-0.222953,-0.209174,-0.205081,-0.0370174,0.236836,0.114846
-3.8796,0.911752,-0.0812796,0.639739,0.146108,-0.0693412,-0.112856,-0.0322093,0.28795,-0.022734,-0.0935779,0.283485,0.0277671,0.065101,0.00767968,-0.038601,-0.0243273,-0.0988259,-0.141058,-0.10709
-5.26502,1.13002,-0.188019,0.909006,0.156733,-0.113789,-0.255234,-0.183328,-0.106497,-0.0718837,0.142121,0.271881,0.0322184,0.0902723,0.101612,-0.0610556,-0.0138983,-0.112999,0.112011,0.0699869
-6.54035,1.72343,0.521914,1.16791,-0.151365,-0.555273,-0.414525,-0.0253163,-0.150823,-0.168173,0.10184,-0.0391498,0.0755373,0.238092,0.203228,-0.0748136,0.179271,0.0532059,0.0438049,-0.0308355
-7.37724,2.14158,0.447103,0.912804,-0.105984,-0.571072,-0.335316,0.0440292,0.0267017,-0.178939,0.146541,0.122209,0.18207,-0.0351482,0.00639155,0.0615006,-0.109457,-0.19353,0.0150986,0.0132093
-8.0792,2.0912,0.319808,0.924276,-0.209977,-0.255093,-0.551198,-0.205452,0.00199991,0.124777,-0.0130686,0.296474,0.173922,0.142323,0.0773964,0.0962793,0.0858569,0.0285703,0.129612,0.220869
-8.91838,2.63358,0.362101,0.818014,0.0179834,-0.0727584,-0.365559,-0.271006,-0.0602934,-0.202324,0.108425,0.218572,0.269954,0.202738,0.23567,-0.0628168,-0.170991,-0.0723296,-0.0369794,0.286147
-8.60297,3.09567,0.495317,0.461658,0.0140125,-0.0107453,-0.321566,-0.221494,-0.0941771,-0.0748826,0.157751,0.0362083,0.481154,0.269585,0.131574,0.0224157,0.204792,-0.306935,-0.360733,0.13119
-8.84141,3.217,0.502512,0.378416,-0.0485268,-0.173333,-0.522514,-0.242767,-0.189628,-0.154285,-0.0310717,0.301943,0.582332,0.153405,0.114863,0.237865,0.35456,-0.115615,-0.0781013,0.0319462
-8.99393,3.08488,0.605253,0.526834,-0.342501,-0.163935,0.0048589,-0.362494,-0.426227,0.0467558,0.0978601,0.250776,0.400799,0.295543,0.0503004,0.228023,0.57202,-0.0441163,-0.442743,-0.253523
-9.22633,2.92215,0.832449,0.59261,-0.0284672,-0.469416,-0.491023,-0.334953,-0.351979,0.0238137,0.278408,0.340258,0.382845,0.310177,-0.0329406,0.197847,0.514744,-0.0504886,-0.210811,-0.0774002
-9.31494,2.72705,0.669304,0.722645,-0.0134772,-0.109192,-0.453643,-0.616535,-0.301656,0.0818448,0.489404,0.55388,0.24135,0.0860731,-0.124395,0.0760882,0.752858,0.0761114,-0.269465,-0.134864
-6.13342,1.6966,0.193174,0.121163,-0.0893933,-0.348244,-0.292207,-0.233023,0.0226009,-0.107275,0.0307888,0.0904777,-0.154318,0.221696,0.234075,0.459283,-0.0165845,-0.151738,0.108057,0.0103918
-6.60121,1.30047,0.227121,0.0732663,-0.281859,-0.517617,-0.51739,-0.0181997,-0.131992,-0.230769,-0.198191,-0.0615158,0.0535386,0.203618,0.0651214,0.18537,0.163373,-0.167147,0.270968,0.294041
-8.32957,2.26767,0.522252,0.374108,-0.276774,-0.648702,-0.665341,-0.489688,-0.198323,-0.309333,-0.256241,0.0319826,-0.0442476,0.119652,-0.0822907,0.229163,0.0456257,-0.114843,0.0442498,0.0560964
-8.95161,2.62565,0.20722,0.267443,-0.0062858,-0.453111,-0.851725,-0.466429,-0.322669,-0.314933,-0.0840015,0.167283,0.115817,0.150885,-0.246023,0.12839,0.303599,-0.113109,0.0684866,0.0567114
-9.73294,2.83836,0.25964,0.288443,-0.191042,-0.508406,-0.811864,-0.4501,-0.514957,-0.258378,-0.230314,0.105717,0.0947386,0.330148,0.101594,0.175398,0.276877,-0.177459,-0.0691709,0.094448
-10.5378,3.10578,1.01895,0.410971,-0.468732,-0.656544,-0.647962,-0.382144,-0.525581,-0.540067,-0.277133,0.206654,0.38468,0.325635,-0.0943387,0.287441,0.470565,-0.35212,-0.256055,0.119881
-10.2178,3.1729,0.309009,0.411767,-0.252179,-0.686263,-0.859137,-0.332454,-0.123893,-0.178191,-0.250722,0.0445906,0.352145,0.351635,-0.124395,0.00264141,0.401308,-0.194063,-0.110339,0.32563
-10.7806,2.84846,0.135058,0.374039,-0.594155,-0.810029,-0.813378,-0.227756,-0.11294,-0.154094,0.0473097,0.118504,-0.0470847,0.025583,-0.36801,0.117903,0.334334,-0.0346311,0.0381817,0.191503