-37.4222,0.0655226,0.142692,-0.0200821,0.451572,-0.735875,0.348372,-0.404584,0.322567,-0.0589949,-0.0864668,-0.0875156,0.0553096,0.474197,0.182679,-0.0875408,-0.24975,0.119668,0.428841,0.147893
-36.6134,0.152369,0.159479,-0.0285966,0.437556,-0.845093,0.374397,-0.349653,0.385251,-0.359728,-0.135619,0.21645,0.046767,0.178955,-0.213901,-0.0803063,0.0349853,0.00189882,-0.0336856,-0.153376
-36.4214,0.0904544,-0.0772849,-0.431218,0.289974,-0.555108,0.692851,-0.292699,0.360344,-0.138628,-0.0539413,-0.000572544,-0.0669868,0.286397,-0.0711793,0.011679,-0.00627613,-0.0266912,-0.114099,-0.0833128
-36.38,0.180787,-0.0594763,-0.147992,0.510244,-0.584299,0.430554,-0.499822,0.0811932,-0.235305,0.0853056,0.0730644,0.00780185,0.253805,-0.118386,0.0417801,0.136322,0.0839618,-0.00453609,-0.121016
-36.498,0.120889,0.141151,-0.287723,0.428266,-0.432997,0.52705,-0.408852,0.184611,-0.126533,-0.090128,0.0156409,-0.0913314,0.00119716,0.0854903,0.0651803,0.151062,0.108397,0.108809,-0.113866
-36.39,0.39251,0.0738291,0.056135,0.518937,-0.742421,0.501853,-0.366055,0.445706,-0.0834472,0.0726975,0.137846,0.0708248,0.22962,-0.0209861,0.187344,0.0106133,-0.00782779,-0.0136451,-0.0330113
-36.3785,0.165698,0.011944,-0.300437,0.246175,-0.649428,0.238785,-0.362683,0.255901,-0.287333,0.259641,0.129625,-0.0537307,0.147639,-0.0919561,0.105501,0.0412212,-0.0743327,-0.0178243,0.265619
-36.1728,0.198754,-0.155715,-0.168934,0.405851,-0.509443,0.386107,-0.364859,0.168188,-0.40047,-0.102228,0.227003,0.0750572,0.0658425,-0.0270956,0.0368808,-0.0593672,0.0368827,0.20283,-0.104432
-36.2727,-0.0853597,-0.278559,-0.27427,0.475142,-0.626306,0.550139,-0.44977,0.0336977,-0.104416,-0.0865059,-0.238384,-0.143074,0.046105,-0.059478,0.0784865,-0.0720263,-0.0312177,0.048946,-0.44189
-36.5309,0.142553,-0.276017,-0.364357,0.433709,-0.434015,0.502905,-0.408866,0.147794,-0.168925,-0.0492336,-0.0384647,0.0326045,0.170568,0.131722,0.267053,0.227158,-0.026141,-0.0687763,-0.226981
-36.4094,0.129412,-0.0563144,-0.0909686,0.596142,-0.459689,0.487218,-0.354707,0.0656784,-0.332625,-0.377245,-0.154095,-0.0115795,0.107526,-0.13482,0.0600742,0.0696881,-0.152106,0.0651788,0.0364319
-36.4276,0.209758,-0.061684,-0.335466,0.592019,-0.638049,0.279433,-0.378866,0.152708,-0.0445763,0.128545,-0.0992933,0.0304081,0.251239,-0.0323071,-0.00102762,-0.0936876,0.00907984,0.168446,0.156199
-36.4074,0.0927273,-0.263322,-0.262362,0.338209,-0.856334,0.357641,-0.170929,0.364357,-0.306462,-0.0531254,-0.236783,-0.0255266,0.123659,-0.0200035,-0.258261,-0.143696,-0.0759282,0.137032,0.136327
-36.3672,0.161749,-0.066291,-0.335396,0.412386,-0.502867,0.62515,-0.226433,0.380229,-0.109373,0.00969382,0.00900283,0.187361,0.234586,-0.030809,-0.251544,0.0476179,0.107888,-0.0169334,0.144959
-36.3943,0.0843114,0.104245,-0.121699,0.29648,-0.74121,0.231691,-0.195181,0.4727,0.0710799,-0.0627745,0.0118408,-0.167211,0.0804966,-0.0782827,0.045383,-0.0721448,0.0560869,0.115869,0.0187941
-36.2851,0.0113781,-0.236452,-0.179132,0.366404,-0.600846,0.407527,-0.608429,0.130736,-0.356231,-0.201631,-0.328405,-0.034896,0.0817491,-0.0569601,0.0298015,-0.163655,-0.136207,-0.0310893,-0.148078
-36.5704,-0.0583016,-0.0716186,-0.259925,0.522066,-0.484434,0.628109,-0.404685,0.0302454,-0.169497,0.00628997,-0.120239,-0.299848,0.320576,0.0591279,-0.0526552,-0.220021,-0.0694256,0.156192,0.0151206
-36.1523,0.162608,0.191733,-0.0369706,0.132387,-0.757725,0.386451,-0.3223,0.200937,-0.292425,0.0467796,0.00313541,0.0704661,0.239183,0.217454,0.138686,0.0495839,0.0382996,0.166002,0.175927
-36.2066,0.206276,-0.196996,-0.316213,0.331162,-0.677801,0.357915,-0.566315,0.137594,-0.34184,-0.0423131,0.0195877,0.00424759,0.127165,-0.426482,0.0502828,0.238532,0.0576337,0.0105866,-0.0377138
-36.3108,0.312378,0.245294,-0.2337,0.475102,-0.497305,0.447743,-0.462134,0.0777664,-0.253381,0.199668,0.0389342,-0.172357,0.237129,0.0756462,-0.0814166,-0.0703115,-0.0648084,0.0682275,0.0605735
-36.3388,0.0977646,0.00202851,-0.170025,0.227623,-0.590453,0.570201,-0.256059,0.318432,0.0419902,0.168178,0.0495228,0.0730577,0.161042,0.129194,0.124456,-0.230223,-0.0833189,0.0196077,-0.0806441
-36.215,0.173407,-0.0611119,-0.202675,0.402936,-0.577003,0.514946,-0.418032,0.0961055,-0.199697,-0.0447189,-0.130236,0.0524193,-0.00471925,-0.127359,0.155979,0.215523,-0.0418713,0.00488231,-0.233656
-36.3728,0.335036,-0.371635,-0.494691,0.19163,-0.39803,0.454106,-0.169629,0.596672,0.138936,0.198128,0.177578,-0.244543,0.100231,0.00414729,0.216858,0.0358019,0.0328915,0.0325157,0.0717903
-36.5128,-0.139357,-0.213007,-0.422771,0.0441099,-0.831877,0.669426,-0.278123,0.254223,-0.0502603,0.0809921,0.0642921,-0.0845725,0.158849,0.0385544,0.0897086,-0.0509218,-0.0217794,-0.159283,-0.167001
-36.5482,0.103025,-0.100743,-0.194272,0.273044,-0.534486,0.537555,-0.236261,0.442975,-0.111112,-0.114685,0.12833,0.137691,0.213825,0.0141651,0.00491678,0.267598,0.0964123,0.011808,-0.0480903
-36.39,0.0573615,0.0494035,-0.260655,0.360345,-0.414336,0.755969,-0.390696,0.0684213,0.0167846,-0.239316,-0.186401,0.195438,0.170186,-0.0428771,0.0083278,0.0188504,-0.198044,-0.218226,-0.276079
-36.5607,0.0297089,-0.0724551,-0.285143,0.43627,-0.727771,0.554923,-0.431435,0.384925,0.151385,0.108335,0.0749818,-0.178822,-0.0519999,-0.126921,0.0198429,-0.21482,-0.182094,0.0850647,-0.152774
-36.3501,0.299374,0.0531677,-0.0849599,0.436236,-0.425057,0.647432,-0.591521,0.0685669,-0.251494,0.181174,0.148166,0.22545,0.125675,-0.140814,0.159168,0.0154031,0.0105003,-0.054852,-0.159047
-36.3352,0.253503,-0.137845,-0.324672,0.50403,-0.464059,0.398295,-0.436173,0.250872,-0.257854,0.135405,0.0556457,-0.15941,0.0408133,-0.311259,0.0350878,-0.120961,-0.0286027,0.129994,-0.130665
-36.612,0.0316429,0.134102,-0.0812246,0.613153,-0.265442,0.326481,-0.342732,0.276734,-0.201268,0.0459788,0.142595,0.0735013,0.139183,0.0193397,0.036307,-0.176461,-0.132881,-0.238576,-0.0920557
-36.3427,-0.0270184,-0.126498,-0.185822,0.383533,-0.309559,0.4795,-0.608531,0.315603,0.0123007,0.168114,0.0572705,-0.0921633,0.0566885,-0.150023,0.131858,-0.175139,-0.0300319,0.0320421,-0.202367
-36.292,0.00139344,-0.127937,-0.112691,0.601298,-0.416693,0.53827,-0.501907,0.346474,0.0852357,0.153541,0.0362642,-0.0353439,0.140336,-0.362354,-0.192215,-0.146883,-0.082597,0.139069,0.233956
-36.3859,0.121008,-0.0727652,-0.385853,0.275625,-0.654454,0.651733,-0.117526,0.342975,0.0258514,0.0731329,-0.209889,-0.0191245,0.0462822,-0.231517,0.00967383,0.23138,-0.0148812,0.0850484,0.284045
-35.5939,-0.256741,-0.0150574,-0.359484,0.0866557,-0.316374,0.174315,-0.147713,0.0604372,-0.0386528,0.289728,0.0741186,-0.0779072,0.0475422,0.0193955,-0.112327,-0.131413,-0.0836931,0.0897992,-0.15353
-31.4948,-0.288775,0.351991,0.0511613,-0.399268,-0.160313,0.0610902,-0.0867338,-0.0375856,0.0399573,0.266439,0.0219965,-0.171493,-0.029601,0.187419,-0.0627826,-0.240123,-0.0980917,0.38717,0.33683
-31.1289,-0.0766839,0.400223,0.279323,-0.0261446,0.00290992,0.132533,0.212148,-0.00432799,0.000347871,-0.0686904,-0.296899,-0.140619,-0.190107,-0.0353218,-0.0423971,-0.125797,-0.138458,-0.210966,0.143949
-30.6996,0.171518,0.222988,0.0496668,0.14848,0.172508,-0.0206837,-0.269215,-0.197395,0.0727579,-0.0874904,-0.0595261,0.136651,-0.129416,0.104798,0.0976955,-0.198888,-0.0616392,0.133097,-0.0765498
-30.7334,0.258574,0.307677,-0.0680753,-0.170919,0.0948365,-0.00955213,0.0784424,-0.236254,-0.234693,0.0256573,0.0085292,0.0495613,-0.0580832,-0.0253303,0.018854,0.107574,0.242615,-0.00356408,0.0362237
-30.8195,0.0194639,-0.284071,-0.0284942,0.120815,0.19383,0.0947879,-0.105289,-0.129132,-0.169707,-0.216106,-0.212976,0.0468231,0.156706,0.140186,-0.0427487,-0.158005,-0.090389,-0.205939,-0.167534
-30.7254,-0.00132065,0.347081,0.153456,-0.187842,-0.309558,0.0802861,0.215659,0.209803,0.0813567,0.0453691,-0.164124,0.133499,0.165681,0.20381,0.0312335,0.10832,0.537448,0.24138,0.0568453
-30.706,0.150767,0.370586,0.187683,-0.0731123,0.097916,-0.208421,0.0127356,-0.0124943,-0.192104,-0.0195022,-0.0171445,0.139499,-0.00123383,-0.0460415,-0.286981,-0.0912147,0.0573258,-0.00171192,0.10829
-30.7182,0.0117276,0.0522124,-0.0177966,-0.0882755,-0.168232,0.0193911,-0.10631,-0.0269793,0.178388,0.0369692,-0.232674,0.015756,0.00484932,-0.0486588,-0.0614223,0.110325,-0.117629,0.0195024,0.0653418
-30.6437,-0.200976,-0.0678038,0.0199543,-0.065752,-0.0314221,0.0989772,0.119403,-0.173981,-0.0361951,0.0514314,0.138494,0.193625,0.0517416,-0.0301923,-0.0303882,0.0281537,0.189038,0.204008,-0.0133576
-30.5353,0.140911,0.136099,0.0643192,-0.0441273,0.0985724,0.0509726,-0.0186567,0.231045,0.210645,0.0271781,-0.0105464,0.0361155,-0.0404317,-0.257401,-0.0221038,0.129708,0.0887545,0.14252,0.0981155
-30.4947,0.178829,0.0634403,0.056033,0.316479,0.167833,-0.0523885,-0.143588,-0.00829796,-0.0940765,0.126246,-0.16398,-0.177169,-0.0606387,0.0906707,0.124651,-0.157445,-0.196851,0.24082,0.0954383
-30.7848,-0.189783,-0.0355614,0.144429,0.0760927,-0.143698,-0.0210584,-0.0876016,0.00588237,0.0750043,-0.144192,-0.238592,-0.081172,0.0487686,0.20119,0.244859,-0.078697,-0.162976,-0.0961443,0.0418863
-30.6883,-0.253699,0.207238,0.120883,0.172622,0.0554079,0.0408932,0.0545934,-0.169109,0.00716393,-0.250743,-0.156016,0.117097,0.173544,-0.0920565,0.224938,-0.0350928,0.0209021,-0.215213,-0.292537
-30.975,-0.28539,-0.0805078,-0.156796,-0.00329406,0.0798646,0.125117,0.0628596,-0.0463992,-0.0624146,0.149226,0.0650718,0.0117833,-0.012009,0.0785172,0.0193768,-0.0321982,0.163454,0.0174056,-0.0230645
-27.313,1.10918,0.772527,0.12872,0.13965,0.0953868,0.133999,0.234211,0.0747831,-0.185059,-0.228368,0.0341582,0.214764,-0.164516,-0.0848321,-0.164062,-0.144539,0.0403597,-0.034898,0.160854
-11.3462,0.669742,1.65021,0.397395,0.850403,0.189669,0.0412648,0.0317774,-0.171419,-0.0501558,0.468316,-0.0449832,-0.00634356,0.301633,0.123623,0.0479586,0.0268156,0.339569,0.255338,0.0644506
-6.47272,1.31712,2.7471,0.375121,1.03401,0.440878,0.0596961,0.579904,0.241707,-0.116854,0.202645,-0.0701229,-0.0102777,0.187965,-0.0621395,-0.0561153,0.237898,-0.0916537,0.0133375,0.38428
-7.86353,2.41924,2.07266,0.220383,0.623446,0.0768076,0.151696,0.30368,0.0503364,-0.0189692,0.236508,0.263026,-0.200069,-0.0731823,0.0881921,0.38562,0.173806,0.110011,0.186422,0.163853
-8.81676,3.91857,1.41959,0.544754,0.670719,0.337906,0.248036,0.167359,-0.196498,-0.0561017,0.0844925,0.0249356,0.0235126,0.0797693,0.284402,-0.0278414,-0.223599,-0.219359,0.0139667,0.167075
-9.70987,4.62137,1.2671,0.946124,0.499301,0.344764,0.0746011,0.481541,0.240825,-0.00846277,-0.0280688,-0.0255236,0.057546,0.144964,0.0403442,0.0682352,-0.0371092,-0.0942614,0.0122071,0.117916
-9.99002,4.93903,0.883849,1.09033,0.667889,0.217999,-0.25887,0.167799,0.200762,-0.17587,0.156538,-0.174316,-0.160564,0.161436,0.0158644,-0.0572028,-0.00528854,0.0685416,-0.00163102,0.0316269
-10.2488,5.17743,0.631984,0.73659,0.538459,0.462683,-0.275668,0.280875,-0.135884,0.0475992,0.286717,-0.212591,0.165197,0.100037,0.0700304,0.0474911,0.00610601,0.279142,-0.0717961,0.092345
-10.4664,5.28476,0.426173,0.955988,0.436319,0.350959,-0.0362124,0.73749,-0.252327,-0.384825,-0.0388662,-0.111775,-0.0445242,0.0661437,0.228013,0.0603272,-0.11616,-0.00345276,0.0304513,0.245138
-9.60502,4.75933,-0.286877,1.25341,0.376354,0.433643,0.4066,0.562729,0.0316576,0.0093422,-0.216874,-0.149476,-0.0902647,-0.0923642,0.493858,0.335764,-0.107304,0.133536,0.157457,-0.204045
-10.3726,4.94803,-0.18312,1.15483,0.405562,0.553254,0.317388,0.536684,-0.0319907,-0.329704,-0.0483809,-0.0195312,0.0841039,0.107657,0.591694,0.324537,0.0379573,0.118071,0.0378995,0.00146438
-11.3591,5.66002,0.245659,0.87637,0.351715,0.359133,-0.0941559,0.862674,0.0493117,-0.378144,0.0709307,-0.039723,0.121183,0.284573,-0.0259313,0.133407,-0.0323598,0.328711,0.0365625,0.130925
-11.5186,6.05841,0.093104,0.844036,0.333287,0.449312,-0.00993691,0.715265,0.195894,-0.0927234,0.11348,0.127445,0.306256,-0.00422443,-0.158073,0.0484616,-0.22418,0.0380222,-0.148797,0.00134581
-11.6074,5.95333,0.430233,1.05,0.35871,0.519992,0.043164,0.440842,0.112506,-0.113768,0.0872645,-0.101713,0.10082,0.239013,-0.0221192,-0.0279596,-0.220166,-0.0385052,0.0985039,0.144311
-11.8615,5.90963,0.428345,1.42613,0.57979,0.669915,0.0339097,0.0407936,0.127794,0.0112008,0.145548,-0.109263,-0.136437,0.21948,0.125356,-0.0441621,-0.219951,-0.0408328,0.211974,0.0833479
-11.8322,6.36434,0.325509,1.25714,0.2498,0.46134,-0.0957697,0.413954,0.0826877,-0.262129,-0.0482042,-0.144462,0.230186,0.111888,0.0976047,-0.0655367,-0.0958065,0.0891037,-0.0952068,0.0744973
-12.1721,6.17452,0.533355,1.07297,0.257038,0.293813,-0.017025,0.441793,0.121422,-0.168399,0.197017,-0.149276,0.105765,0.0163691,0.306366,0.305593,-0.0457832,0.00088837,-0.0358644,0.159164
-12.2966,6.40543,0.569034,1.45427,0.367938,0.0160445,-0.0858694,0.417492,0.0542951,0.0612433,0.293418,-0.380111,-0.184591,-0.0777314,0.252933,0.188667,-0.288275,0.309619,0.113444,0.129083
-12.2289,6.34982,0.412435,1.17892,0.468461,0.433618,-0.150292,0.266932,0.202004,0.132108,0.0471073,-0.437367,-0.249366,0.0800848,0.455058,-0.00387442,-0.393271,0.0632016,0.0913869,0.151948
-9.17291,2.95311,1.92383,0.398069,0.797336,0.440784,0.336876,0.196516,0.132329,-0.0227147,0.125065,-0.238003,-0.203587,0.0100369,-0.127506,0.201317,-0.0721431,0.09483,0.132239,-0.0883379
-5.87682,1.36829,2.25618,0.555453,1.12818,0.566,0.390173,0.283092,0.0843447,-0.143535,0.136308,-0.0499649,-0.023503,0.0479099,0.10211,0.369773,0.245135,-0.0427155,0.0150833,0.256093
-7.54881,2.1917,2.10898,0.621985,1.10185,0.510868,0.24148,0.155192,-0.165126,-0.0724398,0.208075,0.10062,0.188906,-0.0876993,-0.0195763,0.0520827,0.10222,0.10327,-0.208651,-0.0266692
-8.74182,2.8952,2.02625,0.69409,0.762425,0.533893,0.0853117,0.0611007,-0.268698,0.121111,0.0651304,0.111488,0.132397,-0.110857,-0.288111,-0.166569,0.160724,0.285736,0.0764207,-0.0280356
-9.95305,4.09101,1.56857,0.549508,0.944946,0.619693,0.209447,0.0323117,0.0404663,-0.0528763,0.278465,0.406794,-0.186516,-0.485015,-0.369329,-0.0444305,0.135868,0.462784,0.114718,-0.155589
-10.7585,4.76989,1.17884,0.875531,0.666268,0.412614,0.0487875,0.0609067,-0.289894,-0.0594976,0.297811,0.226964,-0.293373,-0.358107,-0.300257,-0.16028,0.0135364,0.237613,0.135732,-0.164388
-11.1627,5.11519,0.750951,0.851464,0.451181,0.470805,0.171058,-0.062962,-0.179163,-0.175168,0.198767,0.493736,-0.208889,-0.341447,-0.197133,0.0121173,-0.0349925,0.0379722,0.150477,-0.166942
-11.492,5.16808,0.591833,0.675145,0.574039,0.468933,-0.0823292,0.294118,0.0387807,-0.129248,0.196901,0.196976,-0.261827,0.0454649,-0.134896,0.0369612,0.14108,0.0636533,-0.0393739,0.0135958
-11.6698,5.17333,0.772362,0.979869,0.362415,0.403637,0.260586,0.376167,-0.11404,-0.170916,0.141544,0.0978626,-0.220961,-0.00654262,-0.0369188,-0.0572294,-0.00784368,-0.00256956,0.15703,-0.000910385
-11.9271,5.1955,0.692669,0.853358,0.681278,0.234332,0.230447,0.374055,0.0202731,-0.240393,0.131438,0.195597,0.0774009,0.0559568,-0.180991,0.179755,-0.162457,0.0838261,-0.0641217,-0.221466
-11.6664,5.24548,0.801133,0.692976,0.686572,0.421041,0.496402,0.196129,0.00042051,-0.500018,0.170838,0.0706201,-0.231299,-0.0801528,-0.0379421,0.163877,-0.407446,-0.101877,0.0503683,0.0748214
-11.9976,5.36242,0.778397,0.633757,0.639302,0.650171,0.364931,0.539172,0.00942778,-0.341148,0.135695,0.295395,-0.383372,-0.173382,-0.082365,-0.0177416,0.0281845,-0.124135,-0.257535,-0.0701425
-12.129,5.37619,0.706807,0.941539,0.838692,0.613461,0.442596,0.379442,-0.0379812,-0.429472,-0.0139038,0.0763873,-0.433025,-0.319001,0.159731,0.137149,-0.111044,-0.16055,-0.0131089,-0.126131
-12.3148,5.53859,0.795197,1.06258,0.734227,0.403801,0.508353,0.566853,-0.0909312,-0.597734,0.192097,0.023669,-0.393415,-0.27739,-0.173905,0.208271,-0.0673111,-0.0311087,0.101566,-0.028793
-12.3628,5.59989,0.875647,1.03596,0.84031,0.364783,0.165732,0.309912,0.203153,-0.402002,-0.185822,-0.0885004,-0.256457,-0.133143,0.224526,0.192898,-0.122976,-0.171456,-0.295618,-0.0663458
-12.2947,5.85526,0.834498,0.60181,0.926088,0.465811,-0.0359965,0.10828,0.288066,-0.313708,-0.109926,-0.121445,-0.182241,-0.0658472,-0.153275,0.16139,0.0959594,-0.031796,-0.0463239,-0.340165
-12.7858,5.58235,0.913843,0.68109,0.75265,0.452845,0.162032,0.268087,0.0512705,-0.383739,-0.0654047,0.0820099,-0.0219979,-0.144518,-0.347379,0.306896,0.266819,0.111068,-0.104884,-0.349261
-12.8447,5.27682,0.650066,0.808313,0.931883,0.678081,0.176828,0.244126,0.234946,-0.347542,-0.142964,-0.11023,-0.317823,-0.163433,-0.0738632,0.178203,0.130802,0.191465,-0.0852137,-0.15046
-5.82568,1.16876,-0.44125,0.785307,0.626273,0.61128,0.316303,0.0736374,0.0994434,0.214983,-0.0409845,-0.0693872,0.0991338,0.0817588,0.0661333,0.0975212,-0.146796,0.0713495,-0.202871,-0.0122313
-2.17109,1.18655,0.0796899,1.07811,0.528393,0.679404,0.428997,0.0335788,0.269282,0.208988,-0.334508,-0.101247,0.409392,0.262137,0.269878,0.116637,-0.0942421,-0.00313532,-0.195607,-0.0998267
-2.79216,0.834437,0.47651,0.781055,0.286118,0.552086,0.442337,0.00269153,0.124502,-0.0572273,-0.128031,0.217292,0.241223,0.109957,0.170113,0.170356,0.207513,-0.0379668,-0.32148,0.0856803
-3.80043,0.0969717,0.592215,1.16372,0.413955,0.509946,0.0793758,0.168855,0.24739,-0.0642955,0.166292,0.136683,0.230584,0.316097,0.217355,0.129859,-0.0630656,0.143896,0.181709,0.207517
-4.36042,-0.0164446,0.501047,1.292,0.820789,0.795492,0.393778,0.300499,0.144742,0.0525016,-0.0142662,0.128922,0.0107833,-0.0917544,-0.00178082,0.0438524,0.237906,0.371334,0.209329,-0.0815138
-5.44606,0.587392,0.755681,1.64002,0.485429,0.487527,-0.04786,0.186089,0.416452,0.38029,0.0400191,0.0507535,0.0192206,-0.260345,-0.0607059,0.240773,0.314477,0.256268,-0.105439,-0.127205
-6.50581,1.19823,0.805385,1.2636,0.521577,0.41407,0.0800361,0.197463,0.53389,0.0635197,0.0966506,-0.0383649,-0.306542,-0.0551362,0.178033,0.266823,0.122134,0.0249109,-0.0498856,-0.211716
-7.67951,1.94895,1.03926,1.30737,0.408811,0.352115,0.136,0.446517,0.428783,0.00386754,-0.224967,-0.130464,-0.291025,-0.111049,0.00945412,0.368638,0.305633,0.349226,-0.0541947,-0.150731
-8.88031,2.85056,0.783391,1.28206,0.622286,0.338904,0.0175973,0.463806,0.578478,0.0251738,-0.0850964,-0.0781348,-0.392402,-0.404425,-0.0332347,0.12551,0.383645,0.43964,0.191387,-0.259113
-9.8662,3.6157,0.583897,1.22325,0.917723,0.433453,-0.163104,0.580789,0.816072,-0.0733202,-0.261186,-0.0353424,-0.378095,-0.446728,0.0498777,0.0517415,0.223758,0.425628,0.119987,-0.370761
-9.83141,3.5855,0.701456,1.06117,0.739908,0.516672,-0.0243183,0.605593,0.378669,-0.140949,-0.192517,0.266477,-0.321736,-0.139261,-0.0161628,0.0278903,0.252416,0.312512,0.110062,-0.0819263
-10.2636,3.69154,0.490097,1.44218,0.75784,0.405013,-0.1359,0.528375,0.631438,-0.29682,-0.401398,0.259766,-0.0781033,-0.0276962,0.102781,0.211324,0.0059524,0.0678587,0.271474,-0.0442011
-10.329,4.04059,0.311326,1.37525,0.935579,0.505201,0.185665,0.497584,0.490717,-0.335206,-0.399024,0.253587,-0.086341,-0.288342,-0.106803,0.127843,-0.00624037,0.249422,0.351698,0.0291267
-10.6939,4.01888,0.299566,1.14141,0.873381,0.77667,0.041281,0.429838,0.587341,0.0786468,-0.128658,0.439532,-0.245455,-0.424445,0.00684603,0.196245,0.00489432,0.419678,0.317954,-0.130385
-10.9025,4.20065,0.527272,1.07235,0.80208,0.557202,0.130046,0.617972,0.595391,-0.112421,-0.217148,0.167584,-0.242288,-0.36863,0.0549489,0.109182,-0.150687,0.431361,0.471036,-0.126544
-11.0779,4.28303,0.474788,1.13194,0.801303,0.444992,-0.146024,0.724325,0.674654,0.00895717,-0.22341,0.204909,0.126777,-0.0544407,0.0104544,0.0189099,-0.0059519,0.255139,0.0907232,-0.422391
-11.1647,4.43578,0.430308,1.1308,0.841476,0.626352,-0.0546656,0.679521,0.779927,-0.171905,-0.368633,0.186813,0.0785374,0.0498713,-0.0366788,-0.0755564,0.106341,0.122993,0.0378658,-0.437362
-10.9281,4.2224,0.416688,0.92673,0.605534,0.557806,0.304106,0.686816,0.627348,-0.0883174,0.00701147,0.299438,0.071191,0.0366724,-0.105131,-0.00735289,0.171022,0.012153,-0.135,-0.293976
-11.0335,4.17775,0.519374,1.08442,0.460163,0.570749,0.438399,0.466975,0.557311,-0.0905451,-0.129622,0.219972,0.153873,-0.0294369,-0.12973,-0.0363221,0.238569,0.0823652,-0.0461627,-0.0569272
-8.60662,1.41478,1.81602,-0.021392,0.903797,0.434707,0.574538,0.603949,0.291164,-0.0499656,0.123521,0.186337,0.0156535,0.113035,0.293705,-0.0827094,0.214723,0.440928,-0.0638021,-0.36663
-8.55441,1.5835,1.69458,0.324227,0.756463,0.531526,0.646701,0.477984,0.315144,-0.126759,-0.0861677,0.160327,0.0940334,0.095917,0.139945,0.193881,0.352934,0.111668,0.0106022,-0.230022
-9.50885,2.13479,1.57925,0.339352,0.665116,0.6636,0.506071,0.313456,-0.08993,-0.00240056,0.186601,0.174175,-0.070053,-0.127051,-0.125771,0.221228,0.439839,0.220966,-0.0716745,-0.287369
-11.0922,3.23567,1.53724,0.337522,0.776369,0.8405,0.293711,0.0328069,0.253666,0.0464665,-0.145748,0.365267,0.096672,-0.42946,-0.24604,0.119769,0.238314,0.272757,0.106176,-0.239446
-12.1216,3.85927,0.965053,0.938645,0.777501,0.532523,0.214696,0.118081,0.167121,0.0649681,-0.24508,0.230987,-0.178523,-0.257993,-0.113221,0.0149371,0.0122312,0.146093,0.0761935,-0.304498
-12.0092,4.08199,0.0598457,1.28062,0.640022,0.489062,0.369765,-0.184955,0.00980305,0.140824,-0.133741,0.053541,-0.173173,-0.423832,0.0135266,0.0106127,0.0639577,0.234451,0.0438013,-0.325088
-12.6701,4.17244,-0.0315581,1.31263,0.13402,0.284744,0.180998,-0.0208796,0.030325,-0.0501812,0.200502,0.212651,0.119767,-0.194157,0.301494,0.0279035,-0.040508,0.235393,-0.133118,-0.0792643
-13.2544,4.16334,0.194717,1.87291,0.110456,0.0117797,-0.166805,0.116591,0.284814,-0.0666104,0.104769,0.143772,-0.0130262,-0.141539,-0.0459709,-0.215099,-0.154907,0.0875122,-0.155051,-0.24389
-13.3635,4.34881,0.111911,1.23497,0.0532309,0.428535,0.113424,0.0985243,0.552294,-0.166288,-0.381873,0.015967,0.156946,-0.000973286,-0.281451,-0.220904,-0.0855855,0.0934731,-0.129274,-0.183741
-13.0078,4.49081,-0.334225,1.32261,0.0648927,0.520792,-0.0210739,0.182675,0.774276,0.346292,-0.504408,0.0336246,0.289438,0.0758818,-0.0871245,-0.285349,-0.224062,0.156986,0.0965121,-0.364346
-13.0626,4.48075,-0.260958,1.47214,0.238161,0.663935,-0.117449,0.127999,0.777179,0.174706,-0.386237,0.136501,-0.0687841,-0.071468,-0.164577,-0.0778712,0.116319,0.00320992,-0.0324381,-0.275515
-13.8313,4.58888,0.0035193,1.47654,0.136784,0.816194,0.454072,0.123108,0.412917,-0.213693,-0.376165,-0.0161643,-0.00689757,-0.133345,-0.283694,-0.114772,0.1302,0.0200403,-0.178882,-0.175169
-14.3413,5.01494,0.288959,1.08053,0.233191,0.912821,0.354905,0.205979,0.296824,-0.084489,-0.157066,-0.0891767,0.16255,0.146331,-0.100906,-0.458133,-0.0561172,0.191987,-0.106172,0.0652643
-14.3799,4.88966,0.494566,1.37404,0.102931,0.924992,0.599087,-0.0576732,0.402905,-0.275388,-0.440708,-0.203713,-0.0921448,-0.0403759,-0.135533,-0.305329,0.0896988,0.0173274,0.233704,0.138866
-14.3756,4.90852,0.848477,1.22854,0.0669169,0.476945,0.23631,0.0759728,0.589858,-0.134108,-0.220231,-0.088494,-0.127609,0.205352,-0.146743,-0.213774,-0.00483139,-0.119364,0.1164,0.0716655
-14.2942,4.99925,0.875823,1.4407,0.195037,0.347005,-0.0835489,-0.0119059,0.57265,0.0323791,-0.384108,0.0459283,-0.0874889,-0.189293,0.0355898,0.0940854,0.0361764,-0.19084,-0.0713188,0.00260207
-14.0802,4.69596,0.711186,1.17718,0.123953,0.571043,0.406206,0.0390489,0.246456,-0.174907,0.0415753,-0.12578,-0.238436,-0.0469742,0.129007,0.123853,-0.00937316,0.0172259,-0.270896,-0.0905811
-11.7063,3.52086,0.102879,1.23842,0.508962,0.556321,0.513411,0.39242,0.403385,0.154672,-0.0699706,-0.0406589,-0.0270867,0.181189,0.110773,0.0432949,0.134299,-0.160464,-0.263707,0.0476132
-6.62718,0.974545,2.21635,0.694922,1.20474,0.421471,-0.180793,0.327272,0.211854,0.16229,0.498703,-0.0957632,0.244113,0.143438,-0.0501736,0.263631,0.166374,-0.165996,-0.10838,0.364511
-7.60159,2.10774,2.29104,0.459688,0.980919,0.416835,0.379979,0.0988891,0.32671,0.329347,0.33676,0.3432,0.00884136,0.103706,0.163188,-0.0294214,-0.146065,-0.0789214,-0.0722426,0.103129
-8.66501,3.68467,1.82502,0.609389,0.468807,0.205865,-0.0770437,-0.130861,0.224028,0.19921,0.255944,0.242103,0.143055,0.156517,0.302731,0.191958,0.0997435,-0.137926,-0.0668225,0.0315861
-9.18307,3.80607,0.672904,1.49366,0.431942,0.266951,-0.252242,0.12339,0.269905,0.0363836,0.527945,0.330898,0.266582,0.50274,0.188816,0.16062,0.0690976,-0.123809,0.00740164,0.0546209
-7.97634,3.97562,0.400514,1.65569,0.379349,0.0944115,-0.662057,0.147302,0.454435,-0.0926113,0.157916,0.141461,0.0381149,0.427347,-0.0651164,0.175422,0.0751737,-0.264354,0.219567,0.218325
-7.81827,3.66733,0.490236,1.68687,0.443983,0.0518681,-0.726131,0.159501,0.673887,-0.0445722,0.238849,0.155024,-0.073871,0.274362,-0.158517,0.0128236,-0.0440765,-0.304702,0.575992,0.213155
-7.3376,2.81278,0.408688,1.59261,0.714813,0.218204,-0.528874,0.203134,0.486262,0.159755,0.212113,0.345162,-0.259923,-0.0748995,-0.38475,-0.185088,0.408765,-0.129769,0.662239,0.00467047
-7.06697,2.66615,0.359376,1.46611,0.62602,0.0384075,-0.436184,0.321584,0.377686,-0.00311036,0.294841,0.635995,-0.545446,-0.532732,-0.438676,0.181292,0.811177,0.0766324,0.688569,-0.0344994
-7.02498,2.79303,0.343258,1.19734,0.588022,0.0982427,-0.514471,0.453367,0.312085,0.0802137,0.335757,0.382491,-0.877387,-0.209227,-0.288835,0.329716,0.986557,0.115522,0.459837,-0.423877
-7.4522,2.87375,0.320393,1.41026,0.577443,0.311911,-0.350241,0.499538,0.491776,0.0841252,0.0761853,0.0323165,-0.878996,-0.638611,-0.0927637,0.355762,0.800936,0.135038,0.39099,-0.0514616
-7.85627,3.23475,0.18872,0.855956,0.389636,0.424241,-0.0516483,0.688097,0.419078,-0.199814,0.0458328,0.149594,-0.578737,-0.485813,-0.115532,0.523677,0.816359,0.109519,0.216134,-0.250806
-7.86754,3.35562,0.0730049,0.847631,0.561253,0.268785,-0.154716,0.444692,0.23067,0.0845776,0.232613,0.110727,-0.553024,-0.454781,0.0334177,0.595248,0.769813,0.119428,0.0879996,-0.323849
-7.7088,3.24006,0.28781,0.809124,0.444245,0.266716,-0.406146,0.290333,0.17783,0.272733,0.233995,-0.0365909,-0.308199,-0.134181,0.216796,0.785452,0.839677,0.111481,0.155878,-0.202903
-7.82614,3.39475,0.519288,1.02856,0.418703,0.176744,-0.34597,0.46262,0.182828,0.1544,0.185122,0.235425,-0.308753,-0.214052,0.191352,0.619977,0.698371,-0.240571,-0.0935378,-0.236851
-7.90276,3.30721,0.361412,1.08259,0.729438,0.415104,-0.168147,0.655373,0.0782486,0.0917842,0.251787,0.166879,-0.643465,-0.332989,0.0830814,0.602645,0.855078,-0.14235,0.01444,-0.127037
-8.02112,3.50102,0.603355,1.25657,0.566958,0.370816,-0.376388,0.47623,0.167101,0.0349424,0.249255,0.284213,-0.684726,-0.294109,0.168779,0.574738,0.750614,-0.159966,0.011007,-0.148503
-7.3171,3.07438,0.539897,1.18073,0.628866,0.579006,-0.320303,0.120497,0.329193,0.414408,-0.0812425,0.18019,-0.408729,-0.230188,0.200336,0.71148,0.564923,0.0557844,-0.0965273,-0.4622
-6.77127,2.73478,0.308758,1.01337,0.697217,0.391591,-0.273688,0.473849,0.243823,0.0668044,0.258356,0.0722817,-0.176439,-0.209701,0.033897,0.609169,0.575196,0.246646,0.10182,-0.218355
-5.26377,1.44167,1.60835,0.445528,0.894633,0.178056,-0.327966,0.206244,0.281358,0.101999,0.612535,0.445476,0.0434663,-0.194024,-0.193,0.0326064,0.35073,0.391015,0.154946,-0.140265
-5.70326,2.04505,1.17451,0.593041,0.843623,0.224677,0.232157,0.469864,0.506963,0.0536044,0.421327,0.0232409,-0.358154,-0.235849,-0.129649,-0.00536423,0.0490387,0.286778,0.285003,0.0580739
-6.38429,2.52335,0.665384,0.841586,0.536863,0.309025,-0.0816707,0.308527,0.00927127,0.227678,0.50435,0.331229,-0.185592,-0.0684179,-0.0722045,-0.0894983,0.145041,0.188508,0.435721,0.129252
-6.52515,2.67771,0.388897,1.17542,0.207543,0.328815,-0.218251,0.242942,0.140052,0.105698,0.458484,0.271596,-0.295532,-0.171847,-0.0359811,-0.161085,0.166581,-0.0657656,0.614577,0.134501
-6.31404,2.94644,0.290499,1.35281,-0.0472678,0.0735639,-0.255224,0.512954,0.491565,0.595258,0.324893,0.356107,-0.198025,-0.0419182,-0.0768939,-0.209084,0.347165,-0.283538,0.282914,0.126199
-7.00525,3.22514,0.0303345,1.30043,0.058837,0.334337,-0.300333,0.307221,0.2594,0.338732,0.392386,0.259266,-0.165617,0.289485,0.0626225,0.0515116,0.24063,-0.234668,0.0081552,-0.22917
-7.32834,3.47639,-0.191588,1.36636,-0.0677904,0.25393,-0.540115,0.245551,0.351195,0.174686,0.365748,0.323093,-0.318919,0.303043,0.16366,0.356073,0.605615,-0.297798,0.0331523,0.0284299
-7.44315,3.51879,-0.0346169,1.80119,-0.0666978,0.148666,-0.673476,0.169076,0.374573,0.198862,0.467225,0.352434,-0.414698,0.124018,0.0408246,0.206306,0.447563,-0.213223,-0.00617894,-0.139738
-7.57193,3.52631,-0.0457933,1.96208,0.0275331,0.0279851,-0.525502,0.15465,0.482273,-0.00472741,0.271516,0.299497,-0.152068,0.326584,0.0255284,-0.0672106,0.330496,-0.25782,-0.102358,-0.307871
-7.51496,3.64048,-0.194253,1.37228,-0.0782989,0.341984,-0.199686,0.414309,0.615438,0.111359,0.0858945,0.226236,-0.490287,0.146973,-0.0428064,-0.00293491,0.544268,-0.0474627,0.0747026,-0.198205
-7.76423,3.7632,-0.325996,1.73404,-0.301792,0.170506,-0.140055,0.571614,0.56713,0.0213569,0.206387,0.0251696,-0.42496,0.10977,-0.0237077,0.0134375,0.584217,-0.136899,0.142804,-0.202075
-7.88515,3.65484,-0.071007,1.52617,-0.190264,0.186436,-0.317613,0.407505,0.368396,-0.0951961,0.101993,0.257586,-0.392074,0.307124,0.166172,0.236301,0.263992,-0.264614,0.161218,-0.077493
-7.82204,3.79518,-0.128766,1.57578,-0.110899,0.117909,-0.418175,0.414061,0.348668,-0.0718259,0.310982,0.167255,-0.500898,0.151655,0.015799,0.183034,0.320249,-0.297721,0.276222,0.0708682
-7.90499,3.68798,-0.21227,1.64793,0.0340303,0.388743,-0.0488691,0.406278,0.45281,-0.370073,0.0362253,0.331322,-0.447212,0.300532,-0.0084015,0.0911304,0.212936,-0.277035,0.286344,0.0164609
-8.02486,3.49253,-0.0361219,1.58903,0.124893,0.505783,-0.132317,0.287262,0.169615,-0.330376,0.415616,0.406208,-0.469106,-0.0110765,-0.0299423,0.131676,0.297675,-0.273218,0.298176,0.141037
-8.05515,3.08822,-0.115378,1.57093,0.267761,0.45807,-0.363079,0.164424,0.262391,-0.116009,0.377532,0.391442,-0.3539,0.233875,0.0127476,0.187896,0.449142,-0.256326,0.243513,-0.0729954
-8.00083,2.80706,0.288475,1.59891,0.341555,0.354895,-0.237705,0.175444,0.580302,-0.0583626,0.213746,0.261742,-0.22709,0.155471,-0.112659,0.186231,0.51061,-0.202804,0.262926,-0.106795
-7.03319,2.98858,0.311995,1.21281,-0.0850126,0.48129,-0.290881,0.237694,0.388444,0.119158,0.341086,0.0565312,-0.0913741,0.0651929,-0.012438,0.00325405,0.0825403,-0.161579,0.199531,0.139985
-2.23181,1.24761,0.112697,0.904568,0.484773,0.670773,0.170024,-0.220486,0.316085,0.478152,-0.115176,-0.221801,0.164064,-0.162377,-0.00244623,0.141483,-0.0806377,0.067422,-0.293583,-0.120704
-2.62526,1.3293,0.30821,0.63758,0.268825,0.417812,0.302512,-0.0650261,0.155725,0.0253299,-0.128681,0.185795,0.0674282,-0.221144,0.115169,0.367516,0.385942,0.193055,-0.163088,0.178324
-3.36821,0.456099,0.67764,1.06254,0.232154,0.49631,-0.0196148,0.137739,0.283863,0.323197,0.10469,-0.0562985,-0.065406,0.0979115,0.193119,0.0516081,0.134913,0.391062,0.29034,0.30003
-3.77677,0.201838,0.686181,1.12589,0.282107,0.369265,0.0057261,0.230722,0.17315,0.211287,0.343065,0.1094,-0.0698718,-0.0071274,-0.0217545,-0.0286586,0.258935,0.298188,0.329723,0.289906
-4.57876,0.564842,0.679062,1.29821,0.286685,0.368566,-0.0173871,-0.0785403,0.0876845,0.223088,0.191844,0.0664205,0.0151794,-0.0363536,-0.0395873,0.0985662,0.159599,0.420552,0.0681226,0.0914709
-5.71608,1.25035,0.636592,1.06088,0.194956,0.262765,-0.228738,-0.0680106,0.442407,0.371632,0.231595,0.210553,-0.335446,-0.184114,0.00250816,0.0517188,0.0115198,-0.0194059,0.186983,0.0732703
-6.51757,1.7445,0.678053,0.673161,0.344786,0.140029,-0.258316,-0.0763952,0.216362,0.0342949,0.0762916,0.0581758,-0.24553,-0.0387256,0.148875,-0.0857801,-0.228155,0.103187,0.463701,0.415473
-6.93512,2.18451,0.120557,0.975507,0.129195,0.00921923,-0.736992,0.0964088,0.0249081,-0.091327,0.0939335,0.0469114,-0.285255,0.0964126,-0.122423,-0.13432,-0.00414151,-0.311266,0.346514,0.304837
-7.18204,2.89398,-0.19009,0.864419,-0.248933,-0.102116,-0.659833,-0.180492,0.32583,0.335433,0.262319,0.0996508,-0.28881,0.341983,-0.17274,-0.0616166,0.145579,-0.6478,-0.0976587,0.212389
-7.44764,2.99224,-0.377354,0.834984,-0.25266,0.0775486,-0.33091,-0.0310706,0.389902,0.0788132,-0.172787,0.0363008,-0.344288,0.368922,-0.238031,-0.156645,0.225091,-0.406153,-0.113307,-0.0160841
-7.1042,2.7812,-0.506895,0.714273,0.0823418,0.0785071,-0.36096,-0.0492575,0.0967645,-0.117958,-0.139922,0.268303,-0.436691,0.166011,-0.0687132,-0.250537,0.0487511,-0.514545,-0.0279868,0.155301
-6.74247,2.43423,-0.601853,1.00197,0.101543,-0.0461128,-0.648588,-0.04717,0.20941,-0.0668258,-0.377715,0.207233,0.0928322,0.463864,-0.18226,-0.368204,-0.0835345,-0.557369,0.189306,0.674363
-6.9201,2.6881,-0.47595,0.964401,-0.0186684,-0.159063,-0.705875,0.0530341,0.529225,-0.00234895,-0.13074,0.34102,-0.205593,0.0678879,-0.396468,-0.34982,-0.0963964,-0.463744,0.557843,0.631146
-7.24096,2.78022,-0.766399,0.834239,-0.0305948,0.0512615,-0.616124,-0.0189963,0.59257,0.0602895,0.0768062,0.607756,-0.0274058,0.0129663,-0.340433,-0.244554,-0.0657639,-0.519573,0.497543,0.497693
-7.64658,2.79493,-0.748283,0.960348,0.149762,-0.0841694,-0.835211,0.210539,0.646104,-0.0737395,-0.191792,0.5018,0.00333569,0.151543,-0.324071,-0.0735793,0.187626,-0.357541,0.606924,0.512748
-7.63579,3.00612,-0.704081,0.897154,0.132402,0.0523585,-0.871562,0.105637,0.681303,-0.0381518,-0.175446,0.398477,-0.0530414,0.36944,-0.212707,-0.0572265,-0.124512,-0.542077,0.516487,0.425271
-7.53921,2.92207,-0.890708,0.865298,0.205107,0.234176,-0.863871,0.00536117,0.57672,0.19026,0.147802,0.428391,-0.15488,0.143889,-0.309128,-0.0854148,0.0648812,-0.486053,0.436216,0.500139
-7.80437,3.00175,-0.737264,0.991188,0.245464,0.181926,-0.398737,0.157426,0.488215,0.156917,-0.201427,0.344552,0.0147339,0.341033,-0.275144,-0.0839513,-0.0466398,-0.334643,0.326408,0.638301
-6.12852,1.63905,0.569713,0.400141,0.891195,0.00946399,-0.369668,0.075686,0.471758,0.33181,0.202235,0.534265,0.328113,0.00696544,-0.385876,0.119867,0.0696026,-0.358562,0.384952,0.36449
-6.14824,1.99347,1.14778,0.559823,1.02196,0.0262273,0.0681835,0.0627495,0.487051,-0.0563534,-0.242232,0.0632492,0.211266,0.300006,-0.129929,0.200187,0.152058,-0.382581,0.0648249,0.301824
-6.79085,2.92434,0.858765,0.468919,0.836583,0.349039,-0.0102897,0.141847,0.368694,-0.145141,0.22152,0.258412,0.177516,0.0969844,-0.117113,0.0161417,-0.091982,-0.11595,0.201616,0.209898
-6.91414,3.45181,0.617313,0.747577,0.362142,0.302996,0.0024978,0.00429864,0.302985,0.191093,0.201628,0.331583,-0.0117946,0.0312887,-0.0563752,-0.0604203,-0.0699751,-0.0328495,0.220234,0.180317
-6.96815,3.85949,-0.00208266,1.01499,0.390973,0.312308,-0.493063,-0.0912547,0.208281,0.166429,-0.055717,0.333103,0.0611092,0.471971,0.170034,-0.153232,0.104061,-0.213405,0.462693,0.157397
-6.88896,4.25567,-0.154592,0.807003,-0.0299128,0.355274,-0.505046,0.04168,0.26469,0.239314,-0.232943,0.576011,-0.0274652,0.0876339,-0.112969,0.0673613,-0.138103,-0.43419,0.273942,0.24504
-6.61828,4.24606,-0.488848,0.678262,0.353379,0.25287,-0.419721,0.47067,0.156604,0.0795632,-0.503524,0.451719,0.00561756,0.278356,0.0912613,-0.224133,0.0672452,-0.430534,0.167427,0.246431
-6.73949,3.73783,-0.231196,0.769347,0.150119,0.574578,-0.0689728,0.193017,0.147145,0.0549091,-0.390218,0.371158,-0.178503,0.317686,0.0827374,-0.283912,0.220598,-0.411468,0.278923,0.108992
-6.34882,3.43204,-0.360568,0.829031,0.327998,0.45987,-0.190042,0.164754,0.0732259,-0.106131,-0.334468,0.438576,-0.134032,0.367691,-0.105626,-0.104219,0.112542,-0.508453,0.239116,0.175979
-6.34721,3.50916,-0.340494,0.828678,0.245001,0.404133,-0.140976,0.410254,0.256585,-0.235813,-0.703229,0.496808,-0.0413171,0.213259,-0.134713,-0.279548,0.106492,-0.548038,0.54473,0.318553
-6.5099,3.83235,-0.441206,0.936777,0.349278,0.456582,-0.511642,0.277541,0.296927,-0.236097,-0.382378,0.433205,-0.0587891,0.376294,-0.0753318,-0.232629,-0.0777721,-0.475879,0.472976,0.378444
-6.75913,3.85192,-0.342395,1.29899,0.34106,0.384299,-0.429804,0.202043,0.267446,-0.0382319,-0.737761,0.350435,0.123305,0.425512,-0.00509251,-0.179944,-0.113862,-0.522993,0.380233,0.446461
-6.87234,4.09653,-0.36033,1.29151,0.288925,0.454966,-0.395233,0.465302,0.119259,-0.231666,-0.53277,0.477637,-0.0886848,0.298733,-0.0464108,-0.372759,-0.152702,-0.464264,0.457009,0.506397
-7.02041,4.08165,-0.030346,1.33553,0.132567,0.247009,-0.392264,0.381754,0.1491,-0.378094,-0.576327,0.844199,0.202224,0.258566,-0.362316,-0.394567,-0.13767,-0.563467,0.367281,0.45142
-7.05032,4.1883,-0.413096,1.05777,0.215394,0.492239,-0.36916,0.414817,0.0587431,-0.0701817,-0.451151,0.624931,0.0152984,0.374496,-0.237336,-0.190306,-0.178295,-0.544876,0.229851,0.304021
-7.31846,4.16611,-0.552896,1.04666,0.43466,0.525788,-0.32946,0.478686,0.239894,-0.0528081,-0.633369,0.453594,-0.0801213,0.225545,-0.0603394,-0.130136,-0.110572,-0.550234,0.0847458,0.2063
-7.26178,4.0476,-0.444612,1.04702,0.120073,0.323961,-0.143984,0.535566,0.106407,0.0906113,-0.37733,0.37425,-0.0709547,0.315036,-0.007668,-0.142655,-0.17611,-0.652996,0.286079,0.257047
-7.37413,4.33749,-0.550447,0.90375,0.0400837,0.420852,-0.109426,0.523709,0.198568,-0.114005,-0.460008,0.721327,0.0666679,0.422776,-0.226429,-0.282935,-0.270525,-0.626466,0.390927,0.202505
-5.89638,1.84653,1.39567,-0.0666777,0.470109,0.0455042,0.0827932,0.490018,0.295191,-0.308232,0.149018,0.307088,0.61483,0.323647,-0.0632584,-0.349487,-0.347361,-0.129088,0.00794446,0.322102
-5.55981,2.09682,1.56337,0.150984,0.724732,0.100225,0.0813048,0.331347,0.334734,0.0739052,0.182361,0.198846,0.342326,0.17222,-0.0758987,-0.15975,-0.29162,0.055846,0.146027,0.32516
-6.86353,2.89126,0.704053,0.370513,0.645874,-0.217348,-0.238451,0.545034,0.754141,-0.158764,-0.245188,0.346849,-0.0450564,0.10966,-0.0937825,-0.0910925,-0.302079,0.0874792,0.271273,0.548215
-7.46209,3.46427,-0.533494,0.89095,0.574117,0.177427,-0.0815588,0.310179,0.217054,-0.0323413,0.0208559,0.510951,-0.0464973,0.280984,0.0544503,-0.182138,-0.279275,-0.320433,0.416459,0.67397
-7.74699,3.83029,-0.677798,0.904013,-0.0146047,0.176068,-0.0621617,0.499562,0.236973,-0.101947,-0.182268,0.646908,0.182545,0.287912,-0.0998127,-0.207285,-0.0995689,-0.378983,0.320227,0.3581
-7.9604,3.61711,-1.01747,1.03767,0.0699634,0.299232,-0.32662,0.450823,0.399836,-0.0746958,-0.104897,0.790182,0.382153,0.485537,-0.0527986,-0.349046,-0.242772,-0.437615,0.321415,0.228138
-7.73438,3.5202,-0.980329,1.06365,0.174074,0.102382,-0.510569,0.188256,0.025004,0.223808,-0.00364216,0.754644,0.0513823,0.25851,-0.242193,-0.300289,0.0676481,-0.245646,0.531158,0.57932
-7.28563,3.0197,-0.842295,1.0305,0.182599,-0.109401,-0.470286,0.279355,0.174333,0.372245,-0.103486,0.534239,0.0466801,0.219033,-0.340911,-0.428253,0.0499281,0.0544505,0.570313,0.534788
-6.89667,3.16715,-1.01876,0.808145,-0.00388246,-0.102773,-0.323594,0.578483,0.207007,0.299897,-0.249003,0.343191,-0.258846,0.113,-0.195392,-0.358839,0.214491,0.175659,0.824597,0.37439
-6.91975,2.86073,-0.688163,0.744518,0.269778,-0.0704257,-0.130056,0.485679,0.122484,0.33923,-0.266369,0.421462,-0.0611077,0.249818,-0.15637,-0.195216,0.0547194,-0.0888906,0.716967,0.580434
-7.08576,2.79676,-0.794272,0.85962,0.225167,-0.112566,-0.177429,0.595027,0.440944,0.364006,-0.27495,0.628539,-0.0320629,0.303364,-0.287893,-0.333735,-0.0322322,-0.0166345,0.796798,0.615465
-7.50491,3.22053,-0.530138,1.01555,0.054505,-0.0111834,-0.229747,0.371438,0.25108,0.421831,-0.123053,0.862568,-0.191093,0.413806,-0.14269,-0.590305,-0.197904,-0.176725,0.840158,0.481699
-7.5604,3.2896,-0.276247,1.04168,0.237136,-0.140664,-0.185492,0.517651,0.316184,0.352559,-0.362491,0.640539,-0.1856,0.252877,-0.0714392,-0.339513,-0.317046,-0.437282,0.723387,0.502121
-7.28003,3.31105,-0.877582,1.12152,0.451522,0.210917,-0.0169435,0.424728,0.286413,0.262098,-0.460653,0.859334,-0.320523,0.210664,-0.201344,-0.231784,-0.311149,-0.682232,0.476485,0.438491
-7.44874,3.51304,-0.879241,1.07597,0.235475,0.315127,0.0750094,0.457536,0.287381,-0.161294,-0.291948,0.819541,-0.0994923,0.087012,-0.22339,-0.0556125,-0.0868225,-0.473607,0.399149,0.384699
-7.38322,3.72789,-1.11009,1.07529,0.23147,0.33502,-0.0245306,0.38064,0.189806,-0.122043,-0.225324,0.641483,-0.334469,0.283763,-0.0467813,0.029537,-0.0481256,-0.289026,0.434778,0.155181
-7.40211,3.76877,-0.808259,1.21599,-0.0794903,0.26231,-0.051841,0.36521,-0.0473266,-0.173847,-0.20226,0.486557,-0.227298,0.320712,0.0224894,-0.0591945,-0.181899,-0.334494,0.418573,0.1889
-7.57281,3.78493,-0.878515,1.12019,0.350409,0.288346,-0.394276,0.222125,0.0128125,-0.235236,-0.462415,0.645712,-0.121065,0.156842,0.189401,-0.0274,-0.114544,-0.430638,0.171979,0.21842
-5.56943,1.94452,0.663188,0.119425,0.910232,0.0186065,-0.134431,0.308066,0.391023,-0.203268,0.137515,0.166604,0.104068,0.0391846,0.105535,0.253383,-0.174029,-0.305685,-0.0576561,0.478434
-5.17862,1.97515,1.37224,0.51778,0.87259,0.258281,0.219442,0.438105,0.371546,-0.382839,0.175777,0.225751,-0.0973543,0.0530491,0.339261,0.178191,-0.186942,-0.0803276,0.103276,0.610967
-6.57743,2.32126,0.339003,0.612605,0.871725,-0.0643241,-0.179923,0.150707,0.269738,-0.0881816,0.143053,0.671969,0.0156602,0.114925,0.343252,-0.0439451,-0.335769,-0.256666,-0.0930668,0.433228
-7.05228,2.57385,-0.386975,0.809515,0.782196,-0.0439461,-0.0440568,0.448112,0.395654,-0.217781,-0.241742,0.569385,0.225309,0.236021,0.239357,-0.169386,-0.510877,-0.647826,0.0734897,0.575483
-7.09776,3.33543,-0.516155,1.21441,0.562656,0.0880887,-0.271062,0.306339,0.130916,0.0621226,-0.193176,0.635713,0.108206,0.283146,0.210313,-0.218179,-0.157184,-0.499477,0.478023,0.385707
-6.98046,3.22528,-0.440846,1.32187,0.394428,0.0946348,-0.500486,0.345745,-0.0752982,0.0506957,-0.293009,0.667967,-0.124532,0.193971,0.0940749,-0.251722,-0.276897,-0.666449,0.364454,0.352983
-7.34498,3.45345,-0.725106,1.23631,0.297269,0.407257,-0.463351,0.655356,-0.0279904,-0.326941,-0.660222,0.604748,-0.0334558,0.285508,0.268594,-0.0226669,-0.024594,-0.505516,0.0316631,0.117359
-7.14338,3.50903,-0.698851,1.2416,0.365609,0.0870531,-0.46302,0.425314,0.177294,0.0836977,-0.218782,0.584341,-0.187544,-0.0226973,-0.0947364,0.0484554,-0.189143,-0.787854,-0.071971,0.0874081
-7.40522,3.75143,-0.658773,1.23695,0.315438,0.113736,-0.287267,0.521191,0.00375434,0.0260379,-0.433758,0.641978,-0.264978,0.000954046,0.238615,-0.0717117,-0.361844,-0.672311,0.137525,0.15913
-7.51264,3.74074,-0.513655,0.931395,0.417982,0.172021,-0.445384,0.472248,0.261287,-0.0525672,-0.486617,0.642633,-0.143673,0.0389904,0.0983832,-0.143028,-0.203217,-0.589208,0.205246,0.256354
-7.60313,4.0963,-0.857854,0.99834,0.397175,0.333532,-0.458282,0.261818,0.186807,-0.194022,-0.400098,0.495655,-0.0295512,0.167428,0.0472456,0.051497,-0.137428,-0.761696,0.0962775,0.225683
-7.82478,3.74968,-0.56532,1.41286,0.461597,0.0623354,-0.454313,0.231888,0.0641783,0.0361075,-0.617378,0.424495,0.0319906,0.114298,-0.24764,0.130891,0.01079,-0.623948,0.000948518,0.101011
-7.89772,4.08429,-0.733196,1.28406,0.262501,-0.0427665,-0.280334,0.417065,0.214591,0.104708,-0.535441,0.614141,-0.366554,-0.0190629,-0.419304,-0.107649,-0.0303222,-0.369565,0.123559,0.00771079
-8.07028,4.08481,-1.12189,1.50332,0.092162,0.244573,-0.0814959,0.547251,0.260132,-0.122213,-0.427281,0.322887,-0.263263,-0.261303,-0.111773,0.0520098,-0.0519164,-0.44233,0.0387459,-0.102802
-8.14396,4.17219,-0.993622,1.25024,-0.0722309,0.269877,-0.345386,0.735423,0.383302,0.0664819,-0.543466,0.490134,-0.36193,-0.257297,-0.038984,-0.0738276,-0.18364,-0.546644,0.106,-0.135401
-8.12989,4.11724,-0.835463,1.28469,-0.121348,0.330809,-0.316738,0.532923,0.132665,-0.0243444,-0.181629,0.110312,-0.20973,-0.216612,0.0898769,-0.122912,-0.103178,-0.502086,0.0388576,-0.0948509
-7.90753,4.03433,-0.868292,1.30666,0.133606,0.172861,-0.460039,0.531561,0.257013,-0.286076,-0.502048,0.275762,-0.175052,0.0259287,0.0442322,-0.149399,-0.0704542,-0.515525,0.079277,0.0276528
-7.68916,3.38124,-0.0694592,0.949112,0.353452,0.0565371,-0.455212,0.206304,0.179208,-0.215702,-0.208287,0.300457,-0.233003,-0.328035,-0.181369,0.148169,0.0859746,-0.137781,0.0737433,-0.115777
-3.34387,1.26895,-0.143429,1.06412,0.661608,0.430981,-0.0747252,-0.142325,0.151909,0.282256,-0.352308,-0.18485,0.250663,-0.269144,0.0306721,-0.0964598,-0.266311,0.060392,-0.361195,-0.11688
-2.46712,1.61991,0.257466,0.891376,0.621127,0.706869,0.349995,-0.0556547,0.206857,0.0293838,-0.246377,0.123788,0.315643,0.0449319,0.0120782,0.0693696,0.0465633,-0.0962992,-0.249028,-0.0308057
-3.0533,0.667195,0.630014,0.906757,0.175411,0.478575,0.220533,0.295261,0.346116,0.277012,0.114953,0.218126,0.139301,0.10578,0.187128,0.0240292,-0.0427005,0.138173,-0.0530737,0.0616968
-3.7208,0.182915,0.584582,1.0015,0.265578,0.240706,0.0629357,0.282452,0.431203,0.177234,0.0588546,0.15394,0.24563,0.384622,0.19217,0.0475682,0.0764456,0.180269,0.305571,0.332552
-4.17991,0.431277,0.453527,0.954608,0.0938677,0.379117,0.0785716,0.173991,0.177806,0.0520776,0.086914,0.277447,0.243516,0.00721331,-0.150569,-0.145644,0.114052,0.28464,0.0402618,0.0924118
-5.22576,1.35846,0.391491,0.929456,-0.125625,0.249478,-0.144455,0.0954007,0.526113,0.328174,-0.107758,0.07735,0.0567911,0.0767405,-0.0614612,0.133921,0.188108,0.192341,-0.0293242,0.0285273
-6.15057,1.61305,0.26375,0.710631,0.101975,-0.0097507,-0.289813,0.31408,0.589913,0.0116114,0.193297,0.0721684,-0.114337,0.168118,0.0837984,0.160788,0.219721,0.304386,0.0874079,-0.0659632
-6.83964,2.20573,-0.0434452,0.621776,-0.0535644,-0.187465,-0.479909,0.138596,0.448918,-0.0325148,-0.117514,0.272992,-0.0139395,0.00976439,0.0656963,0.198473,0.148664,-0.00758832,0.124676,0.114892
-7.53691,3.06142,-0.648303,0.708863,-0.209617,-0.0517291,-0.316213,0.121755,0.659098,0.0322734,-0.374974,0.0060736,-0.376524,-0.332098,-0.112353,-0.0539121,0.189489,-0.241319,0.0233974,0.0347421
-7.80104,3.5821,-0.842913,0.822253,-0.140569,-0.190289,-0.398064,0.34295,0.582022,-0.0220117,-0.339298,-0.215121,-0.396294,-0.402499,-0.148536,-0.302649,0.200085,-0.224966,0.104944,0.00280172
-7.80511,3.70958,-0.944941,0.929094,-0.223285,-0.0622735,-0.646185,0.332359,0.191563,0.137605,-0.499173,0.0453266,-0.397907,-0.155841,-0.256006,-0.26767,0.250636,-0.255034,-0.0408417,-0.180582
-8.13113,3.4689,-1.1694,0.939697,0.106124,0.165862,-0.569712,0.293418,0.275624,0.134309,-0.402434,0.194117,-0.338416,0.226664,-0.298654,-0.255138,0.136879,-0.492492,0.16947,-0.213195
-7.90177,3.60117,-0.870571,0.980047,-0.104925,-0.0468558,-0.489184,0.428413,0.0690564,0.0339832,-0.528201,0.115611,-0.352432,0.122085,-0.174506,-0.290269,0.150345,-0.389099,0.133064,-0.192605
-7.92593,3.59158,-0.537885,1.02712,0.0260846,-0.114763,-0.704919,0.31033,0.168875,-0.198879,-0.663751,0.196079,-0.239631,-0.0078341,-0.257578,-0.137457,0.4289,-0.272861,-0.0501338,-0.305393
-8.00447,3.41429,-0.713469,0.887135,0.102821,-0.0464826,-0.782343,0.351971,0.174343,0.124812,-0.262884,0.254318,-0.454999,0.0346566,0.00477613,-0.103651,0.370681,-0.327793,-0.0822312,-0.135782
-7.68258,3.04221,-0.785544,0.742377,-0.0446827,0.0393158,-0.637309,0.324377,0.257515,0.223691,-0.539943,0.37318,-0.304719,0.205416,0.0532597,-0.0471617,0.355621,-0.382279,-0.049093,-0.16185
-7.55698,3.14766,-1.06119,0.635955,-0.074917,0.230858,-0.56073,0.286462,0.0171583,0.199436,-0.565608,0.292243,-0.344502,0.352758,0.0605917,0.175983,0.413666,-0.432847,0.0512851,-0.162819
-7.52748,2.96296,-0.985771,0.744461,-0.19979,0.18928,-0.546458,0.483711,0.245214,0.284526,-0.282,0.357643,-0.483356,0.12909,-0.111283,0.0487206,0.216566,-0.560654,-0.0533111,-0.172172
-7.37914,2.31909,-0.32528,0.400674,0.0797674,-0.136408,-0.429069,0.343148,0.59173,0.0988346,-0.294972,0.322731,-0.119843,0.337009,-0.0575707,-0.158275,0.195928,-0.673469,-0.119567,-0.13973
-6.2935,1.4455,0.396407,-0.141535,0.557973,-0.284231,-0.263315,0.0699004,0.644989,0.0342504,-0.159998,-0.0275955,0.0686622,0.137801,-0.223365,0.0824324,0.0638103,-0.0781463,-0.00297029,-0.221436
-6.94393,1.97115,0.0443075,0.298495,0.430736,-0.218715,-0.296168,-0.019865,0.259215,-0.2778,-0.220455,-0.113898,-0.0937343,-0.118916,-0.198168,-0.066299,0.168958,-0.0909895,-0.0233103,-0.169421
-7.24556,2.55989,0.174655,0.595607,0.592599,-0.128169,-0.758945,0.0224131,0.499421,0.0386935,-0.225341,-0.118613,-0.210713,0.280113,-0.151207,-0.128503,0.361522,-0.177401,-0.0334897,-0.290426
-7.52875,3.21134,-0.570855,0.677784,-0.0542778,-0.244724,-0.63502,0.233222,0.236456,-0.241284,-0.328186,0.0362544,-0.41511,0.018191,-0.349124,-0.139016,0.205519,-0.445975,0.0233958,-0.381424
-7.83745,3.83768,-1.09835,0.780632,-0.240327,-0.111354,-0.478568,0.311657,-0.0154118,0.00652927,-0.533771,-0.0206244,-0.515569,0.273981,-0.458828,-0.158854,0.0893335,-0.453719,-0.253541,-0.380618
-7.88511,3.31224,-1.03942,0.878226,-0.0979704,0.235548,-0.642554,0.366526,0.40451,0.098519,-0.404887,0.121278,-0.511499,0.252195,-0.162325,-0.000256421,0.106845,-0.662842,-0.204882,-0.498088
-7.99928,3.28482,-0.934445,0.968051,-0.252129,0.382533,-0.70527,0.309977,0.253235,-0.0667213,-0.311458,0.0468387,-0.302822,-0.0297077,-0.237957,-0.0925487,0.28896,-0.631538,-0.0236644,-0.523328
-8.05071,3.60216,-0.885388,1.05571,-0.354544,0.0639439,-0.736627,0.543282,0.242335,-0.19196,-0.543611,-0.0964104,-0.353296,0.297216,-0.130488,-0.0930272,0.245333,-0.374099,0.137078,-0.552552
-8.32678,3.73465,-0.610781,1.05545,-0.352238,0.459222,-0.512322,0.607611,0.373751,-0.0268687,-0.3153,0.229475,-0.0194875,0.263604,-0.0568454,0.143637,0.390961,-0.232535,0.261115,-0.246021
-8.14734,4.18126,-0.712601,1.47466,-0.3185,0.686148,-0.52563,0.44861,0.0802162,0.341096,-0.181638,0.280581,-0.533795,0.317486,0.179052,0.347933,0.429061,-0.27892,0.0927645,-0.345482
-8.37162,4.07332,-0.961648,1.53365,-0.126686,0.532613,-0.346858,0.612796,0.319399,0.296754,-0.192134,0.348521,-0.301763,0.34722,-0.0420401,0.252084,0.575982,-0.305594,-0.0205862,-0.411832
-8.12439,4.3533,-0.788028,1.33928,-0.226744,0.722567,-0.590245,0.767732,0.225166,0.32424,-0.403731,0.330639,-0.449106,0.490644,-0.197469,-0.0037653,0.2549,-0.287961,-0.144729,0.052808
-8.38885,4.41771,-0.805527,1.37697,-0.562449,0.635366,-0.433466,0.927504,0.365137,0.333573,-0.421606,0.446445,-0.504123,0.438264,-0.353584,0.220301,0.292178,-0.0226226,-0.13068,-0.230942
-8.77501,4.41253,-1.05856,1.43866,-0.278415,0.653328,-0.801125,0.927007,0.249771,0.429756,-0.379897,0.676643,-0.175202,0.590084,-0.17753,0.281616,0.0536259,-0.152089,0.0231611,-0.0103568
-9.0126,4.24232,-1.0719,1.18325,0.0426316,0.689571,-0.459685,0.836906,0.264979,0.258284,-0.181008,0.41859,-0.298276,0.498552,-0.138449,0.420042,0.293757,-0.169928,0.0858794,-0.0937741
-9.36845,4.16366,-0.893662,1.51232,-0.0516223,0.415382,-0.503831,0.549037,0.335931,0.327795,0.0565874,0.358554,-0.259086,0.495213,0.0913728,0.167629,0.116754,-0.399363,0.112929,-0.124895
-9.05128,4.54245,-0.769071,1.38852,0.0407782,0.842566,-0.520666,0.65307,0.575325,0.313017,0.21999,0.495166,-0.207885,0.398554,-0.02159,-0.0671575,0.41837,-0.492387,-0.0694138,-0.347287
-7.38211,2.33513,0.913097,0.239112,1.19058,0.197603,-0.207714,0.359035,0.526864,0.184968,0.499591,-0.0344101,0.152834,0.0264884,-0.139973,0.248474,0.245016,-0.155765,-0.421418,-0.111616
-5.55295,1.6625,2.18151,0.620182,0.947473,0.262545,-0.203508,0.211735,0.5836,0.168378,0.212788,0.130832,0.231763,-0.032277,-0.0428903,0.15654,0.185439,-0.0742875,-0.135846,0.216652
-7.3626,2.48294,1.28526,0.234795,0.883441,0.33807,0.118984,0.337085,0.62053,0.134021,0.0551957,0.0810491,-0.0694053,0.169239,0.0720384,0.047855,-0.0659026,0.0149437,-0.28776,0.14319
-8.20117,3.23523,0.443008,0.568598,0.849985,0.415058,-0.213237,0.0973924,0.572991,0.0248659,-0.0826911,0.0975737,-0.092008,-0.0645175,-0.126148,0.0971405,0.083916,-0.0322204,-0.058261,-0.233633
-8.39038,3.69672,0.145607,0.892097,0.620572,0.381466,-0.24125,0.429265,0.457152,0.0761273,0.132364,0.10588,-0.216775,0.0869583,0.0104643,0.196906,0.414069,-0.0121648,-0.239143,-0.314413
-8.55556,3.48686,-0.129099,0.811426,0.310794,0.143323,-0.217649,0.409007,0.596256,0.0744519,-0.133377,0.0806293,-0.239704,-0.0750724,0.121272,0.131862,0.163247,-0.0785656,-0.135859,-0.122036
-8.72052,3.65954,-0.262005,0.472254,-0.0512246,-0.207806,-0.505764,0.258327,0.214814,-0.0537829,-0.115313,-0.0591895,-0.205359,0.00708531,0.0651052,0.0251625,0.0873858,-0.176437,-0.16092,-0.212767
-9.19797,3.41984,-0.409018,0.502939,0.156643,0.0309529,-0.180543,0.245056,0.228726,-0.0499103,-0.00849253,-0.000666133,-0.13721,0.015653,-0.137412,0.0065881,0.0545401,-0.11331,-0.191951,-0.219982
-9.26605,3.32423,-0.936819,0.0558649,0.299033,0.092163,-0.59026,-0.133498,0.112712,-0.163753,-0.0868704,0.060545,-0.0910359,-0.00676717,-0.109015,-0.0555429,0.19457,-0.270563,-0.18648,-0.194559
-9.5229,3.21659,-0.581465,0.415957,0.294717,-0.110962,-0.436721,-0.196091,0.108065,-0.200891,-0.103528,0.00691351,-0.244045,-0.0739228,-0.171784,0.0875736,0.237387,-0.331978,-0.112264,-0.124517
-9.44061,3.35108,-0.583113,0.335573,-0.00815729,-0.0629965,-0.47403,0.0909879,0.270802,-0.293017,-0.140694,0.0274488,0.0648313,-0.0141685,-0.0870894,-0.0229676,0.035623,0.034062,0.02487,0.0057557
-9.5918,3.54464,-0.568145,0.580833,0.206741,-0.0376027,-0.288826,-0.0702242,0.0840326,-0.39471,-0.162519,0.119793,0.0787823,0.230698,-0.104516,-0.0418717,0.148563,-0.063293,0.0895631,-0.0672462
-9.64551,3.62584,-0.488035,0.748485,0.380204,-0.0610053,-0.163333,0.134412,0.197363,-0.26195,-0.295518,-0.164906,-0.276411,0.152369,0.000344647,-0.106809,0.250078,-0.144922,0.0752984,0.038704
-9.94462,3.58579,-0.561318,0.946409,0.567696,0.262042,-0.406937,-0.304128,0.413487,-0.0686113,-0.0182322,0.168617,-0.213252,0.172111,0.00451256,0.115539,0.160862,-0.186028,-0.00800259,-0.138558
-9.70412,3.96641,-0.736295,0.658431,0.386626,0.0889205,-0.368593,0.358343,0.506521,-0.0569006,-0.164489,0.00736424,-0.19331,0.0397391,-0.15576,0.0192151,-0.112021,-0.526501,-0.0532088,0.0315939
-9.95928,3.75685,-0.821,0.894588,0.208006,-0.226903,-0.233514,0.451544,0.50977,-0.0878804,-0.186626,-0.116404,-0.243433,0.00625505,-0.172326,-0.0967467,0.13366,-0.402277,-0.0253013,-0.289952
-9.79827,3.66153,-0.767357,0.182544,-0.0210302,0.215862,-0.124788,0.171351,0.516279,-0.0686899,-0.155197,-0.0946529,0.0540652,-0.0692013,-0.316695,0.266163,0.0866595,-0.252922,-0.153844,-0.277146
-8.33477,2.34617,-0.769144,0.476164,0.0476095,0.0199965,-0.37591,-0.125797,0.365769,0.214875,-0.241754,-0.00477179,-0.0222598,-0.0533503,-0.124161,0.0488273,-0.182802,0.336553,-0.203639,-0.364272
-7.16286,1.73831,0.39007,0.317199,0.632119,-0.10124,-0.257796,-0.125306,0.39827,-0.00174882,0.0815733,-0.166269,0.148458,-0.0997768,-0.360517,0.271718,-0.0565608,-0.094774,-0.199034,0.068305
-5.6572,1.44219,2.10955,0.501996,1.04175,0.285436,0.165202,0.580654,0.471594,0.303236,0.168097,-0.267318,-0.059222,-0.0908333,-0.00959411,0.177797,0.332934,0.251154,0.0155295,0.166439
-7.11735,1.68413,1.23319,0.49922,0.94803,0.482447,-0.0114831,0.0940259,0.506555,0.156294,0.141462,0.254243,0.24808,0.13394,-0.0503163,0.355688,0.0426104,-0.0626293,0.100349,0.182172
-8.16995,2.13335,0.810014,0.585589,0.61032,0.236848,-0.0374048,0.440426,0.406191,0.205916,0.102198,0.318134,0.231629,-0.0107825,0.0324716,0.474703,0.355794,0.217125,0.103274,-0.196836
-8.66734,2.94602,0.42612,1.06128,0.599389,0.591847,0.181249,0.363835,0.47591,0.0106471,0.177375,0.107003,0.421109,0.355265,0.279171,0.439722,-0.100352,0.0356506,-0.103732,-0.332053
-8.52457,3.35547,0.0739119,1.04107,0.323617,0.181245,0.00858123,0.318275,0.457438,0.124695,0.0428526,0.173951,0.218335,0.234685,0.0447144,0.24955,-0.120179,-0.144917,-0.140364,-0.146826
-9.44819,3.72092,0.109836,0.959691,0.418922,0.359076,-0.0902662,0.326748,0.553048,0.0741611,0.127023,-0.222277,0.0478215,0.0497239,-0.20189,0.187109,-0.114358,-0.332552,-0.35801,-0.140373
-9.76085,3.65788,-0.0245461,1.29847,0.594515,0.430348,-0.262454,0.102947,0.421345,0.0943522,0.0330626,-0.173485,0.066359,0.0118802,0.029459,0.121165,-0.107602,-0.214466,-0.38385,-0.300625
-9.68679,3.57249,-0.132422,0.745645,0.498254,0.300019,-0.0444405,0.34044,0.635406,0.0272406,0.23803,-0.0678071,-0.0292191,0.0470899,-0.268249,0.0376896,0.214195,-0.220614,-0.495791,-0.160925
-9.19467,3.25704,0.21549,0.526251,0.168431,0.100877,-0.0295918,0.548071,0.624732,0.123181,-0.169037,-0.128967,0.381664,0.305301,0.00629693,0.0911136,0.219153,-0.178406,-0.0486403,-0.227261
-9.44552,3.05455,-0.00220623,0.384253,0.253061,0.29391,-0.0270691,0.53034,0.490601,0.0663707,0.0196175,0.0444839,0.231951,0.177401,-0.0728745,-0.115787,-0.07221,-0.257245,-0.204161,-0.335742
-9.55571,3.38267,-0.10003,0.835019,0.0286018,0.132781,-0.00123027,0.51092,0.390819,0.0284757,-0.0311733,-0.169435,0.127472,0.219475,-0.180552,-0.00576196,0.058569,-0.0770652,0.00866641,-0.313813
-9.91473,3.63201,0.112581,0.570795,0.222578,0.171563,-0.236754,0.329573,0.345054,0.167279,0.188101,-0.164368,-0.238573,0.108343,-0.139475,-0.152025,-0.235086,0.076435,0.0896039,-0.218171
-9.82606,3.93236,0.130635,0.565161,-0.0262504,-0.22764,-0.260417,0.633555,0.235917,0.0711511,0.0462037,-0.247914,-0.26955,0.0371584,0.025262,-0.0735803,-0.279253,-0.0819922,0.00518451,-0.294713
-10.2843,3.64503,-0.122412,0.997458,0.593877,0.250911,-0.124035,0.576126,0.277882,-0.303118,-0.097428,0.0587927,-0.100647,0.0709487,-0.0584179,-0.313501,-0.184395,-0.19325,0.139946,-0.10356
-10.4513,3.62454,-0.279638,0.77442,0.486056,0.737651,-0.215027,0.407688,0.33371,0.0336708,0.107259,-0.0139721,0.222479,0.122095,-0.0802277,-0.282479,-0.368926,-0.380815,0.123738,-0.0630293
-10.346,3.71375,-0.356706,0.72006,0.757957,0.639669,0.0357796,0.761505,0.45337,-0.201545,-0.215729,-0.254877,0.0205043,0.0743967,-0.0337337,-0.145614,-0.110897,0.0671578,0.11118,-0.0824182
-9.36453,3.3972,-0.0841013,0.534836,0.446811,0.775038,-0.03454,0.418422,0.560695,-0.0202696,0.163829,-0.0767165,0.0920999,-0.0342594,0.283659,0.199537,-0.341167,0.0350493,-0.180576,-0.121141
-5.87538,1.11291,-0.103776,1.09472,0.45231,0.534295,0.0864505,-0.114989,0.639006,0.574444,-0.123336,0.140451,0.272301,-0.254362,-0.130852,-0.000549996,0.0142018,0.115618,-0.285018,-0.0853245
-2.48615,1.42383,0.198977,0.936926,0.615048,0.725282,0.138274,-0.277506,0.362173,0.413534,0.0573824,0.215912,0.302548,-0.0250111,0.121655,0.20632,0.111438,-0.0152032,-0.13299,-0.0510644
-3.0229,0.728084,0.318465,0.6095,0.157573,0.43987,0.307096,-0.0295073,0.224573,0.0677962,0.0821264,0.308261,0.338451,0.140723,0.240204,0.390168,0.370867,0.0937939,-0.165781,0.218837
-3.79956,0.268609,0.371052,0.888159,0.319192,0.740767,0.368972,0.420089,0.422668,0.359723,0.323562,0.0714511,0.166645,0.287615,0.159863,0.0408657,-0.0648398,0.0827744,0.280685,0.217823
-4.01548,0.159492,-0.132509,0.749975,0.482488,0.519579,0.0737091,0.410897,0.470812,0.177427,0.121246,0.274557,0.220133,0.212026,0.400823,0.339663,-0.120302,-0.0787768,-0.0314518,0.100266
-5.03322,0.435811,-0.385915,0.973191,0.380267,0.663852,0.248927,0.299082,0.320604,0.222282,0.012648,0.2276,0.349412,0.172294,0.26056,0.203251,-0.29148,-0.363112,-0.191373,0.301818
-5.72978,1.31898,-0.326988,0.701539,0.487308,0.51962,0.229046,0.437771,0.59988,0.21781,0.098989,0.102744,-0.156795,0.414226,0.405501,0.156614,-0.181486,-0.432149,-0.100652,0.170595
-6.49124,1.92607,-0.560991,0.570293,0.46997,0.0548276,-0.0174158,0.617371,0.471024,0.338855,0.1799,0.169624,0.00757561,0.141875,0.303033,0.176983,-0.0962968,-0.245081,-0.243474,0.33832
-6.93181,2.33687,-1.29242,0.800518,0.621405,0.0599247,0.0330297,0.976369,0.424465,0.298064,-0.0732367,0.083865,0.169769,0.0164042,0.147349,-0.143079,-0.166997,-0.278707,0.228932,0.2896
-7.25931,2.29187,-1.23944,0.849565,0.696788,-0.0559485,0.0515581,0.698218,0.137068,0.435779,0.2192,0.258314,-0.149756,0.0590594,-0.368551,-0.30181,0.0172348,-0.0664951,0.406293,0.0542488
-7.03676,1.60632,-0.431105,0.621779,0.431566,-0.435229,-0.0454189,0.536598,0.363108,0.639683,0.241175,0.0262608,0.0971537,0.0533613,-0.260328,-0.210023,-0.0324927,-0.188585,0.0384479,0.012771
-8.1368,1.79928,-0.397875,0.647163,-0.0372166,0.121809,0.248524,0.230813,0.499209,0.349511,-0.0751684,0.297929,-0.17881,-0.119643,-0.160996,-0.313956,-0.153408,-0.0561701,0.060332,-0.00118701
-8.11913,2.27614,-1.17104,0.983705,0.326109,0.215417,0.299178,-0.0156085,0.35318,0.299877,-0.156447,0.355753,-0.190288,-0.0133328,-0.042542,-0.231017,-0.224494,-0.24498,-0.181377,-0.0495569
-9.13643,2.68091,-1.20398,0.964967,0.28619,0.0124077,0.202855,0.194432,0.331226,0.266771,-0.0228239,0.16366,-0.470404,-0.164422,0.0585952,0.168731,0.278267,-0.233855,-0.236228,-0.012617
-9.329,3.14643,-1.35486,0.90633,0.204317,-0.0682717,0.0527837,0.382516,0.375783,0.183455,-0.193017,0.166781,-0.0671709,-0.140065,0.384763,-0.0948786,-0.070658,-0.328518,-0.0658819,0.159995
-9.60508,3.48178,-1.22572,0.902643,0.156255,-0.00961917,0.130179,0.134042,0.130761,0.5913,-0.100225,0.446294,-0.224637,-0.166552,0.157012,0.31156,-0.0348385,-0.312285,-0.208463,0.0337339
-9.41917,3.1325,-1.51321,1.03296,0.0846507,0.105321,0.132132,0.384738,0.168142,0.307746,-0.111122,0.122592,-0.113033,-0.034283,-7.95695e-05,-0.0419269,0.0762062,-0.213781,0.104089,0.176749
-8.46702,2.31545,-1.19631,1.548,-0.35147,-0.234918,0.171947,0.27288,0.0409823,0.401924,-0.234678,0.128105,-0.52967,0.125738,-0.480191,-0.00562926,0.150311,-0.605375,0.10517,0.157722
-7.8191,1.73914,0.160316,1.28628,0.147795,-0.0990695,0.471933,0.28072,0.588708,0.587502,0.121572,0.449063,0.12964,0.0660864,-0.220455,-0.202096,0.122557,-0.0750477,0.199488,-0.13821
-6.46795,1.13915,1.0318,0.690273,0.420065,0.263963,0.703915,0.385478,0.705539,0.273773,-0.0612622,0.38009,0.0840567,-0.0209379,0.0370318,0.0571871,0.0238656,0.32834,0.424868,0.0191555
-6.90156,1.08559,0.55292,0.971797,0.603139,0.362081,0.658742,0.221581,0.972464,0.392917,-0.0736944,0.0992199,0.193387,0.300558,0.120535,-0.148561,-0.0404142,0.137602,0.320481,0.159091
-7.36261,1.62134,0.182101,0.889389,0.273249,0.369232,0.869313,0.445199,0.881113,0.179953,-0.0585048,0.41757,0.0417973,0.0026567,0.0847801,0.0214946,-0.0246338,0.0769656,0.123894,0.306137
-8.30946,2.31712,-0.0989208,1.11586,0.0466874,0.410945,0.516693,0.42669,0.640174,0.266172,-0.185864,0.174237,-0.293616,0.0368329,0.243403,0.127234,0.0360214,0.080485,0.160691,0.312399
-8.59368,3.12372,-0.530289,1.44919,0.121134,0.146592,-0.0918075,0.0572548,0.459126,0.0787658,-0.285649,0.0900349,-0.180318,0.176267,0.0663464,0.0139333,0.0475962,-0.249554,-0.070725,0.207818
-9.16342,2.9727,-0.647804,1.36448,0.201723,0.292758,0.183492,0.408273,0.436364,0.0815722,-0.325709,0.119855,-0.0826456,0.264269,0.0123113,0.226899,0.0051037,-0.214168,0.0955897,0.41861
-9.39209,3.32254,-0.849988,1.3957,0.3192,0.502773,0.0960193,0.366687,0.39718,0.150043,-0.0382263,0.0545283,-0.0525491,0.142573,0.10704,0.115623,-0.125285,-0.507498,-0.14738,0.090761
-9.25545,2.50583,-0.728571,1.03059,0.18747,-0.0300813,0.222103,0.196721,0.487624,0.0225036,-0.113364,0.18762,-0.0531252,0.00123064,0.0102588,-0.0818897,-0.247951,-0.395141,0.0704962,0.32272
-8.22976,2.05338,-0.0184983,0.882536,0.32451,0.0832307,0.55563,0.0856423,0.720173,0.0176555,-0.11957,0.641676,-0.224971,-0.109099,0.0833978,0.125318,0.131142,0.104165,-0.053285,0.129181
-6.84087,1.53737,-0.0957678,0.601573,0.46545,-0.194519,0.523606,0.454892,0.65479,0.423406,0.0779498,0.0574414,-0.426844,-0.113752,0.297707,0.604364,0.364724,0.102646,-0.156894,-0.226102
-6.75523,1.74541,-0.385137,0.409795,0.432488,0.0912767,0.179871,0.796472,0.501247,0.393237,0.135942,-0.0370073,-0.424677,-0.42081,0.136526,0.282019,0.305085,-0.240089,-0.280197,0.107441
-7.23127,1.9806,-0.586996,0.61132,0.66419,0.175103,0.132504,0.619744,0.552931,0.444644,-0.0124666,-0.384295,-0.434079,-0.261071,0.245537,0.637786,0.338144,-0.313687,-0.281515,-0.159189
-7.5792,2.12039,-0.857154,0.380237,0.433925,-0.152935,0.202563,0.451035,0.454405,0.405726,0.0433301,0.0184559,-0.431506,-0.298673,0.221607,0.625377,0.202121,-0.24186,-0.47569,-0.0738678
-7.67198,1.96668,-0.79238,0.334779,0.245924,0.0508976,0.390678,0.607492,0.153451,0.353878,0.0642475,-0.282109,-0.671606,-0.385413,0.599299,0.524073,0.412815,-0.124442,-0.53395,0.00931635
-7.75149,1.92183,-0.881686,0.374302,-0.0890653,-0.21119,0.156215,0.526446,-0.00890716,0.176105,-0.0503947,-0.462658,-0.426101,-0.293808,0.36248,0.428306,0.269528,-0.0947822,-0.524733,0.168813
-7.83535,2.1546,-0.72612,0.2085,0.147441,-0.0939445,0.173039,0.446988,-0.0230229,0.0867102,0.0333377,-0.688088,-0.584169,-0.621398,0.036383,0.35341,0.0760251,-0.098474,-0.233419,0.298649
-8.33983,2.34793,-0.650247,0.468222,0.196234,0.052367,0.222909,0.29129,0.491979,0.121567,0.0073321,-0.301724,-0.292886,-0.272271,0.348618,0.226963,0.152161,-0.140063,-0.219573,0.305038
-8.25445,1.76809,0.0802202,0.602128,0.451359,-0.241228,0.231092,0.21491,0.361674,0.372295,-0.0896393,0.0227874,0.00215451,-0.133948,0.0915361,0.191212,-0.0342979,-0.131554,-0.0799771,0.217157
-6.07045,1.12443,2.17132,0.876976,1.19264,0.380292,0.149649,0.427954,0.138315,0.20424,0.602305,-0.0324148,-0.120506,-0.225313,0.191895,0.372965,0.121578,-0.0295874,0.0667322,0.172039
-6.81057,1.97624,1.29796,0.566236,1.24331,0.223691,0.275505,0.293213,0.209858,0.0682014,0.202451,0.170609,-0.0292743,0.0548046,0.225919,0.325254,0.121558,-0.00305306,-0.0625804,0.0980559
-7.29872,3.28888,0.421184,1.03064,0.654211,-0.079944,0.256633,0.347287,0.071382,0.101973,0.257603,0.00102855,-0.303183,-0.166065,0.284708,0.253603,0.0615611,-0.195318,-0.0800738,-0.0621224
-7.33403,3.69067,0.0931211,1.21226,0.280528,0.316346,0.0539816,0.602405,-0.20046,0.0896806,0.17717,-0.233621,-0.465576,0.0481718,0.485993,0.420688,0.504542,-0.139919,-0.484034,-0.152937
-7.18034,3.54719,-0.170382,1.28554,0.0440988,0.344293,-0.00830234,0.835513,0.075581,0.255532,-0.190941,-0.416128,-0.395577,-0.498306,0.399093,0.405496,0.501901,-0.187141,-0.236857,-0.271964
-7.18369,3.67061,-0.309596,1.07594,0.145244,0.301356,0.00333418,0.944498,-0.117228,0.322983,-0.277421,-0.167714,-0.498294,-0.679082,0.321161,0.428549,0.670717,0.0661789,-0.490213,-0.0842262
-6.45427,3.43384,-0.535973,1.10286,0.464183,0.290781,-0.244764,0.778099,0.139366,0.684208,-0.553604,-0.0957194,-0.349263,-0.274915,0.463828,0.523285,0.4178,-0.31918,-0.368077,0.264246
-6.65288,3.30857,-0.559294,1.00061,0.742323,0.469527,-0.0294934,1.10016,0.119704,0.429714,-0.761036,-0.203651,-0.445152,-0.0804205,0.90388,0.339909,0.0599118,-0.433009,-0.24654,0.0352323
-6.85176,3.51151,-0.903984,0.890506,0.637961,0.503532,-0.229796,0.836137,-0.0599165,0.311032,-0.598803,-0.128818,-0.225904,-0.109587,0.885869,0.182757,-0.212673,-0.750697,-0.125978,0.228468
-7.0581,3.54572,-0.68212,1.1891,0.63438,0.283742,-0.201216,0.787689,-0.0369877,0.521728,-0.68265,-0.3992,-0.298168,-0.0532706,0.966468,0.122906,-0.240135,-0.703458,-0.104117,0.214535
-7.12024,3.77899,-0.745787,0.99175,0.550744,0.479346,-0.09992,1.07763,0.0493184,0.376557,-0.552784,-0.0641833,-0.30621,-0.253744,0.807712,0.331008,-0.306137,-0.735457,-0.268487,0.306627
-7.33375,3.75547,-0.852602,0.938936,0.426522,0.71138,-0.0669552,0.999225,-0.138614,0.365428,-0.359722,-0.169605,-0.518366,-0.215276,0.555989,0.17412,-0.261683,-0.607619,-0.0611843,0.63698
-7.4575,3.21602,-0.758085,1.06359,0.520481,0.789589,0.013482,1.16214,-0.121133,0.23448,-0.532424,-0.345711,-0.516607,-0.40941,0.772105,0.409708,-0.0878029,-0.807073,0.0909436,0.531841
-7.659,3.59816,-0.836192,1.48186,0.39301,0.721828,-0.486539,0.932319,0.273746,0.299242,-0.495391,-0.232456,-0.292528,-0.109259,0.719345,0.363148,0.102215,-0.611774,-0.0937059,0.285832
-7.82161,3.89742,-0.895774,1.42488,0.656372,0.377604,-0.511531,0.696876,0.231268,0.484688,-0.492074,-0.0132899,-0.508241,-0.36199,0.698858,0.440415,0.424537,-0.296591,-0.351238,0.168321
-7.73885,4.01602,-1.12086,1.27919,0.489356,0.451074,-0.60338,0.553619,0.0668923,0.698562,-0.310856,0.00373587,-0.514889,-0.176502,0.418198,0.426386,0.347281,-0.502756,-0.201048,-0.0467283
-7.80759,4.21574,-0.8817,1.29256,0.479694,0.326751,-0.283285,0.755284,-0.0791089,0.283325,-0.327938,0.0133692,-0.478928,-0.309213,0.456699,0.423277,0.301436,-0.517304,-0.349987,0.272618
-7.34954,3.57569,0.0770797,0.494236,0.654023,0.315336,0.0223141,0.491084,0.312268,0.298784,-0.211523,-0.198259,-0.394641,-0.269196,0.642653,0.36807,0.168321,-0.52788,-0.401703,0.267493
-5.05702,1.58871,1.36476,-0.0417773,1.25763,0.915341,0.175596,0.541721,0.430411,0.154491,0.229873,-0.321945,-0.258919,0.00668918,0.291876,0.500388,0.068485,-0.111394,0.268235,0.377133
-6.15991,2.59728,0.870899,-0.160791,1.41977,0.580178,0.14727,0.254313,0.329673,0.161037,-0.124245,-0.382881,-0.315966,0.00583202,0.446759,0.335755,-0.0110603,0.00554216,0.0141621,0.253442
-6.95618,2.88149,0.0665847,0.267373,1.28316,0.718141,0.508216,0.653107,0.462081,0.366551,-0.144957,-0.376635,-0.539146,-0.354035,0.592294,0.447574,-0.158409,-0.320819,-0.229829,0.118609
-7.58977,3.55888,-0.133624,0.641855,1.15864,0.857144,0.248904,0.399785,0.478765,0.364484,-0.053274,-0.147137,-0.465637,-0.309162,0.56154,0.577369,0.100321,-0.293352,-0.163747,0.241075
-8.02825,4.23862,-0.584394,0.575571,0.823354,0.798979,0.180632,0.44814,0.272408,0.727412,0.18841,0.124879,-0.434549,-0.518052,0.207172,0.220699,0.537937,0.0941729,0.121722,0.0792451
-7.7815,4.44557,-0.60738,0.886022,0.1598,0.712234,-0.0360926,0.415763,0.367874,0.6295,0.340321,0.0694544,-0.384858,-0.307276,0.282289,0.0041705,0.0612758,-0.149224,0.569475,0.30982
-7.24743,4.14704,-0.829131,0.637644,0.174801,0.681108,0.02613,0.596488,0.62305,0.676193,0.111047,0.14122,-0.183139,-0.12877,0.0612333,-0.136567,0.099393,-0.386175,0.518836,0.356489
-7.52115,4.1834,-0.842625,0.836524,0.203848,0.569932,0.0852713,0.811262,0.812629,0.268618,-0.092903,0.290014,-0.059492,-0.162495,0.155316,-0.214421,0.0133684,-0.153491,0.505397,0.259879
-7.49333,4.41474,-0.900005,0.873705,0.317571,0.573848,-0.0591153,0.840464,0.711983,0.330096,0.0936496,0.126486,-0.321819,-0.190439,0.298401,-0.104888,-0.0334149,-0.538702,0.590875,0.385635
-7.61054,4.10476,-0.695731,0.981739,0.430544,0.658359,-0.113513,0.511121,0.560483,0.421045,0.124567,0.245332,-0.208791,-0.0454291,0.221892,-0.167275,0.0197989,-0.385208,0.566638,0.390303
-7.60437,3.87249,-0.683117,1.01317,0.240938,0.437757,-0.036079,0.666148,0.575262,0.531574,0.149659,0.324579,-0.181053,-0.124744,0.251032,-0.000750344,0.0618496,-0.359009,0.583993,0.507524
-7.52936,4.18905,-0.909546,0.79391,0.197352,0.377149,-0.117066,0.592904,0.679338,0.581412,0.0612398,0.18778,0.0216793,-0.0900568,0.319768,-0.0207811,0.241585,-0.597785,0.364176,0.620223
-7.52134,4.29185,-1.16007,0.708572,0.384734,0.553896,-0.00914027,0.498392,0.627746,0.419388,0.0247936,0.385556,0.123434,-0.00976061,0.240045,-0.0737127,0.22468,-0.458094,-0.090637,0.52366
-7.60262,4.50521,-0.849431,0.808684,0.189159,0.448241,-0.162369,0.54251,0.660944,0.3547,-0.122745,0.345478,-0.190301,0.176487,0.421214,0.0396338,0.00530628,-0.648225,0.172162,0.374631
-7.72178,4.60416,-0.805613,0.776743,0.175051,0.325717,-0.227215,0.390039,0.678828,0.42353,0.0569384,0.236883,-0.0844487,0.0541649,0.617151,0.0282591,0.204626,-0.747738,-0.00856031,0.413879
-7.97621,4.62146,-0.821122,0.74924,0.202989,0.40355,-0.166086,0.224218,0.611845,0.657494,0.0791321,0.281353,-0.111476,0.0882041,0.447703,0.0748883,0.195603,-0.514321,0.282099,0.415536
-8.53671,4.63232,-0.934613,0.755233,0.788188,0.587661,-0.182162,0.425322,0.455117,0.475459,0.00465646,0.021316,-0.337352,-0.012884,0.415111,0.0460871,0.307764,-0.277179,0.419333,0.490423
-6.05718,2.53156,-0.137164,0.45094,0.580146,0.472627,0.121134,0.17062,0.257405,0.177937,0.468685,0.0387616,-0.0628561,0.220356,0.0366213,0.129144,-0.0854185,0.0022581,0.365575,0.463034
-1.87483,1.33869,0.0109835,0.92087,0.284694,0.359988,0.302271,-0.131674,0.468968,0.341074,-0.20144,-0.134151,0.332954,0.149484,0.110973,-0.0683615,-0.26655,0.0390547,-0.272919,0.0783097
-2.41848,1.37225,0.254341,0.452975,0.189719,0.540491,0.105253,-0.128735,0.148107,-0.0804877,-0.202481,0.241035,0.278445,0.1793,0.244844,0.305274,0.205357,0.159229,-0.114359,0.257788
-3.22712,0.669711,0.63028,1.03291,0.303697,0.560416,-0.00944029,0.18906,0.274756,0.284075,0.165615,0.175753,0.19481,0.0992655,0.0414539,0.03341,0.15861,0.378373,0.23293,0.43722
-3.49386,0.745669,0.518471,0.852088,0.187766,0.291799,-0.0835932,0.269744,0.459882,0.286652,0.130061,0.018231,-0.0305663,0.0690504,0.146898,0.0604259,0.131096,0.210406,0.273416,0.296156
-4.13605,1.06929,0.330674,0.70459,-0.0996473,0.527082,0.237984,0.10462,0.387525,0.419089,0.121906,0.116653,0.208328,0.00385651,-0.0157184,0.00376229,-0.0734007,0.236828,0.321704,0.244342
-5.05971,2.02446,0.514598,0.561515,-0.00940155,0.42761,0.200138,0.238534,0.354721,0.342259,0.302187,0.340352,0.00211203,-0.0911855,-0.0267102,0.0186713,0.0065085,0.0361885,0.326706,0.270534
-5.98691,2.19793,0.0972608,-0.153988,0.125807,0.705353,0.0710025,0.363154,0.815793,0.754891,0.547073,0.315794,-0.299675,-0.0152579,0.0283299,-0.358862,-0.181436,-0.121847,0.371972,0.308371
-6.59882,2.95461,-0.192537,0.0811369,0.26183,0.55636,-0.123628,0.529906,0.819877,0.738511,0.363461,0.196477,-0.238875,0.0315645,0.309486,-0.362998,-0.168684,-0.0368891,0.507767,0.497814
-6.94055,3.11732,-0.598132,0.30593,0.31356,0.445289,-0.0796243,0.714912,0.718738,0.879221,0.170366,0.278699,0.0579073,0.263385,0.356357,-0.593477,-0.0475178,-0.253812,0.517898,0.425795
-7.2001,3.52547,-0.781082,0.181548,0.472418,0.748995,-0.139753,0.619609,0.611188,0.633468,0.0333202,0.556998,-0.0289088,0.118972,0.2013,-0.440775,0.0425905,-0.463597,0.269089,0.389737
-7.33537,3.8093,-1.04044,0.161615,0.203356,0.924218,-0.137579,0.371231,0.773569,0.828796,0.0818584,0.458933,0.0378129,0.187874,0.189183,-0.331213,0.124782,-0.585265,0.129271,0.0795622
-7.42582,3.80313,-1.12449,0.323391,0.404359,0.726729,-0.171118,0.239248,0.742537,0.764346,0.220701,0.503196,-0.0428718,0.0139485,0.0929107,-0.271273,0.153488,-0.566728,0.0284523,0.116236
-7.73057,3.67099,-0.955594,0.491904,0.649247,0.68844,-0.755965,0.221862,0.786067,0.723279,0.386773,0.449353,-0.145247,0.184274,0.269456,-0.1853,0.398636,-0.511297,-0.0620607,-0.230797
-7.22592,3.7235,-1.08077,0.616783,0.344874,0.831277,-0.448627,0.240573,0.858456,0.437426,0.0247216,0.386181,-0.0126323,0.228003,0.166768,-0.249733,0.412284,-0.558847,0.0460299,-0.379299
-7.60776,3.90728,-1.02208,0.705631,0.207175,0.721448,-0.431671,0.0311713,0.805834,0.523176,0.286825,0.339285,-0.00478882,0.358398,0.170059,-0.249982,0.145987,-0.40201,0.139243,-0.142494
-7.79673,4.34392,-0.990699,0.617275,-0.173485,0.522307,-0.0689187,0.206437,0.766793,0.296484,0.171464,0.345425,-0.142918,0.257417,0.0826436,-0.195493,0.388839,-0.24679,0.0796399,0.0423009
-7.89838,4.38486,-1.22163,0.75725,0.277094,0.82993,-0.298411,0.0453856,0.677738,0.446548,-0.00746199,0.330585,-0.277739,0.0280243,0.0674509,-0.30953,0.398761,-0.307043,0.362331,0.117573
-7.98205,4.29188,-1.0259,1.07327,0.0622885,0.646837,-0.206386,-0.00553633,0.699141,0.646185,-0.0175593,0.196425,-0.369483,-0.195335,-0.0027023,-0.22186,0.211731,-0.283643,0.239043,0.109681
-6.50165,2.49639,0.614831,-0.0567421,0.697963,0.357972,0.0835721,0.160188,0.755866,0.392484,-0.0597015,0.00330367,-0.049662,0.014914,-0.0889914,-0.151049,0.154145,-0.142499,-0.034134,0.079027
-6.48192,2.05341,0.753137,-0.455987,0.565861,0.226381,-0.249962,-0.292656,0.708599,0.612412,0.142469,-0.0929192,-0.216691,-0.26035,-0.292253,-0.0885827,0.0881207,0.232694,0.261385,0.208005
-7.04353,2.67001,0.471025,-0.0294901,0.289775,0.109328,-0.22113,-0.189427,0.610317,0.391199,0.032192,0.0661366,-0.214487,-0.189533,-0.0944283,-0.218711,-0.0321363,-0.0819872,0.0402106,0.457381
-7.69585,3.46651,-0.348981,0.0084808,0.463247,0.362494,0.00786865,-0.102882,0.352768,0.0902272,0.0937032,0.236472,-0.175679,-0.0616592,0.0793122,-0.192546,-0.0979798,-0.275841,0.168549,0.627294
-8.54911,3.91303,-0.596008,0.491007,0.3382,0.501156,0.071349,0.0714366,0.633565,0.012928,-0.263443,0.0579101,-0.313697,0.0241083,0.162551,-0.179928,-0.00592902,-0.170423,0.3245,0.511024
-8.63967,4.1095,-1.13677,1.06886,0.120627,0.429646,-0.101575,-0.0111911,0.55665,0.262885,-0.149076,0.195274,-0.227043,0.00459165,0.159866,-0.340521,-0.101836,-0.412228,0.268135,0.46435
-8.97589,4.67477,-1.65704,0.919189,0.0728327,0.322188,-0.202786,-0.0646494,0.501607,0.564151,0.328752,0.272788,-0.321534,-0.0779015,0.204741,-0.476784,-0.0691275,-0.199355,0.118679,0.27371
-9.27069,4.63092,-1.40212,0.791459,-0.215969,0.469225,-0.41748,-0.152151,0.657963,0.548917,-0.0457176,0.204265,-0.141331,0.104758,0.229538,-0.387516,1.62832e-05,-0.200583,0.111416,0.227782
-9.17096,4.83542,-1.42424,0.898133,-0.219364,0.325435,-0.496411,0.102597,0.760222,0.410198,-0.159343,0.218641,-0.245405,0.353986,0.417132,-0.46469,0.203097,-0.323844,0.234974,-0.00933962
-9.37485,4.79077,-1.86299,0.682338,-0.0270761,0.506441,-0.344078,-0.0497443,0.448566,0.444458,-0.390422,0.199838,-0.0907593,0.239548,0.262636,-0.530559,0.0397498,-0.246335,0.408107,0.0766566
-9.44649,4.49368,-1.62407,0.899554,-0.353861,0.527594,-0.425024,0.0993569,0.871977,0.448813,-0.264232,0.1551,-0.405026,-0.372688,0.0166627,-0.327117,0.122845,-0.192756,-0.0141621,-0.101792
-9.47851,4.65984,-1.69554,0.679923,-0.119173,0.610463,-0.391384,0.0709675,0.496576,0.431295,-0.0902994,0.228579,-0.113957,-0.0659982,0.159467,-0.265766,0.0398646,-0.179212,0.151922,0.089208
-9.37034,4.67986,-1.79048,0.460491,-0.26971,0.587195,-0.629629,-0.150788,0.650063,0.440792,-0.0852586,0.159918,-0.112417,0.0172445,0.494803,-0.294961,0.0705571,-0.397096,0.13842,0.204416
-9.64089,4.56997,-1.88379,0.85842,0.06094,0.676007,-0.316074,-0.073759,0.333941,0.079958,-0.484657,-0.0234512,-0.226013,0.201364,0.169432,-0.372234,-0.0614948,-0.300433,0.0635619,0.237378
-9.54192,4.55711,-1.90876,0.717833,-0.162785,0.476699,-0.52502,-0.0314575,0.554815,0.249539,-0.00377662,0.270622,-0.0464433,0.0344759,0.179656,-0.303823,-0.00655115,-0.318627,0.0695933,0.284175
-9.66992,4.85934,-1.31238,0.933679,-0.352713,0.415776,-0.470862,0.127295,0.311962,0.298319,-0.177358,0.0341766,-0.0099815,-0.00359985,0.00659621,-0.317916,-0.0525091,-0.0126596,0.0651034,0.342193
-9.6559,4.54909,-1.47814,0.926856,-0.160028,0.678185,-0.252156,-0.0151925,0.489865,0.2451,-0.06212,-0.244447,-0.27672,-0.0810219,0.224176,-0.203679,0.0143557,-0.114316,0.31048,0.138486
-9.86583,4.66663,-1.09471,1.19282,0.600308,0.766224,-0.106828,0.338875,0.702309,0.0731084,-0.35123,-0.0485525,-0.17837,0.306548,0.591232,-0.137838,-0.0119886,-0.47153,-0.0062626,0.254963
-5.9231,1.36775,1.65092,0.208944,1.27868,0.70247,-0.129194,0.393323,0.513346,0.0575938,0.192242,-0.160673,0.332457,0.214548,0.233873,0.400459,0.0299768,-0.167762,-0.0920125,0.310423
-6.72747,2.18575,1.99345,0.239414,1.06369,0.592321,0.118878,0.0847858,0.477262,0.422915,-0.129263,-0.248586,0.162901,0.105888,0.0470316,0.133643,0.146328,0.0375269,0.0819003,0.269445
-7.52401,3.44157,0.792349,0.313814,0.960158,-0.0228646,-0.284778,-0.141171,0.501998,0.239027,-0.163851,-0.144557,-0.16926,0.0674626,0.348335,0.311366,0.33747,0.169529,-0.071267,0.077833
-7.7762,4.34943,0.126566,0.871998,0.694153,0.199612,-0.385804,-0.0116928,0.720519,0.2965,0.00485401,-0.0688151,-0.195688,0.28213,0.311683,0.277644,0.334233,0.0428821,-0.0226631,0.198447
-8.0204,4.20077,-0.219893,0.677956,0.280957,0.522819,-0.518007,-0.249175,0.66593,0.533188,-0.000952616,-0.178042,-0.218509,0.118442,0.0895127,-0.00962143,0.36637,0.0394693,0.0887334,0.0718938
-7.75933,4.11185,-0.662386,0.953499,0.31466,0.405404,-0.361384,0.0838439,0.663714,0.433491,-0.0481464,-0.114116,-0.0967589,0.216419,0.343671,-0.0311468,0.395977,-0.145732,0.0656978,0.169309
-7.30672,4.13074,-0.584756,0.671964,0.23775,0.546585,-0.534791,-0.040993,0.429397,0.350257,-0.122079,-0.164918,-0.265954,0.202903,0.15357,0.184461,0.398214,-0.16604,-0.0457722,-0.0721288
-7.38979,3.91289,-0.711992,0.892471,0.487509,0.439229,-0.503032,-0.244633,0.400584,0.393818,0.0894673,-0.21844,-0.357759,0.239855,0.24344,-0.0891437,0.266176,-0.352708,-0.160336,0.0952049
-7.55307,3.88945,-0.655985,0.927877,0.467249,0.695078,-0.582381,-0.0903059,0.380242,0.216721,-0.259459,-0.220239,-0.0795943,0.330003,0.410194,-0.0579597,0.224453,-0.474723,-0.240019,0.134598
-7.37482,4.38949,-0.812832,0.808385,0.276148,0.700051,-0.399358,0.21605,0.542114,0.598816,-0.249236,0.071996,-0.0219505,0.240259,0.398858,0.0841393,0.528471,-0.398094,-0.629962,-0.207419
-7.5564,4.27709,-0.757861,0.556278,0.48195,0.924753,-0.320123,0.150708,0.516838,0.478764,-0.233173,0.0928924,-0.0389313,0.258356,0.364887,0.0428008,0.308114,-0.369314,-0.188332,-0.0271417
-7.57388,4.4412,-0.696189,0.889285,0.368014,0.660026,-0.42253,0.109306,0.313491,0.486939,-0.139771,-0.046963,-0.160173,0.170746,0.336399,-0.05488,0.299264,-0.374203,-0.217467,0.0817156
-7.4898,4.36692,-0.774225,0.84702,0.490762,0.791028,-0.403508,0.0356028,0.43428,0.445944,-0.313162,0.0316662,0.0920516,0.393048,0.394769,-0.194275,0.30226,-0.380651,-0.3345,0.0680942
-7.96138,4.48953,-0.655551,0.723229,0.264972,0.852387,-0.254985,0.166184,0.465012,0.140989,-0.332459,-0.010813,0.119114,0.609582,0.42891,-0.195693,0.32045,-0.227426,-0.150814,0.0386763
-7.8271,4.55014,-0.761011,0.822827,0.53817,0.638527,-0.550369,-0.141823,0.41728,0.468886,-0.213127,-0.177387,-0.0900556,0.68276,0.447728,-0.0718323,0.244478,-0.533224,-0.278677,0.148988
-7.8322,4.48469,-0.778236,0.971121,0.385646,0.783947,-0.40166,-0.0610821,0.423594,0.476336,-0.238785,-0.122947,-0.0759644,0.215165,0.505167,0.0630169,0.351731,-0.250926,-0.261934,-0.171749
-7.2,3.8968,-0.774842,0.727022,0.606632,0.723626,-0.245301,-0.076776,0.39677,0.438562,-0.108248,-0.0806821,-0.156925,0.395561,0.420653,0.0517166,0.0735007,-0.0813893,-0.19949,-0.0666101
-6.53566,3.24825,-0.351565,0.420527,0.28325,0.674697,-0.406961,0.132992,0.692376,0.278361,-0.124353,-0.0774641,0.342591,0.356526,-0.0136233,0.209632,0.0138231,-0.183416,-0.254665,-0.067062
-5.13447,1.74141,1.39614,0.217895,1.05882,0.463794,-0.174586,0.238228,0.413972,0.160248,0.153409,-0.30105,0.156856,0.409311,0.306992,0.2073,0.091023,-0.257714,-0.405137,0.21529
-5.4458,2.20711,1.12082,0.0491543,1.06675,0.582258,0.10321,0.0870745,0.457888,0.27485,0.129453,0.144927,0.247132,0.235568,-0.0445689,-0.111432,0.0335913,0.154802,-0.113601,-0.192533
-6.61546,2.48807,0.257837,0.448567,1.14341,0.786192,-0.0527587,-0.0736398,0.706078,0.328603,-0.172703,-0.131833,0.00334355,0.276483,0.160959,-0.0106145,0.129984,-0.231126,-0.270671,-0.0198824
-7.15231,2.91686,-0.0215438,0.773389,0.825569,0.545818,-0.245872,0.00946454,0.539444,0.256563,0.0322707,0.184239,0.144398,0.376655,0.0907437,0.0959216,0.0743216,0.115212,-0.152738,0.0468794
-7.02191,3.43542,-0.375437,0.793444,0.562052,0.777661,-0.221216,0.0923339,0.29926,0.255422,-0.141253,0.160426,0.294222,0.539439,0.271488,0.140953,0.207454,-0.125276,-0.116673,0.0498307
-7.2533,3.64341,-0.241396,0.820238,0.563956,0.597716,-0.292904,0.1583,0.397271,0.570293,-0.336479,-0.162002,0.114229,0.272974,0.277417,0.188462,0.33371,-0.210616,-0.166216,0.000905099
-7.57083,4.07436,-0.581492,0.908084,0.450539,0.937477,-0.216579,0.157755,0.291163,0.441939,-0.158136,-0.127005,-0.0496487,0.272333,0.338959,-0.287809,0.229619,-0.144546,-0.0255978,0.0109953
-7.59097,4.09147,-0.50751,0.861302,0.502533,0.814914,-0.34027,0.10792,0.503602,0.413355,-0.336695,0.169137,0.0661889,0.339882,0.234631,-0.254498,0.0346689,-0.497567,-0.105194,0.379943
-7.65543,4.18955,-0.533685,0.618463,0.575547,0.729486,-0.220212,0.249158,0.631045,0.510588,-0.320438,0.0614097,-0.10759,0.228172,0.0996183,-0.00387039,0.191326,-0.50802,-0.330316,0.299597
-7.63851,3.92773,-0.541667,0.813214,0.590779,0.781323,-0.287596,0.269038,0.603146,0.635804,-0.360353,-0.0751427,-0.152549,0.347552,0.542451,-0.0365378,0.0104489,-0.642807,-0.166895,0.12387
-8.06909,4.16616,-0.704408,1.01537,0.312453,1.02766,-0.268624,0.367518,0.460582,0.535621,-0.213559,-0.221214,-0.256326,0.269644,0.538087,-0.16123,0.484917,-0.572112,0.00553899,-0.0125941
-8.13578,4.22587,-0.719167,1.00018,0.288993,0.894524,-0.232341,0.529055,0.708577,0.267187,-0.347217,-0.119983,-0.220613,0.084525,0.308298,0.151639,0.509188,-0.650622,-0.161576,-0.045057
-8.05035,4.15392,-0.691999,0.835233,0.467426,0.742926,-0.497269,0.335983,0.613399,0.591224,-0.0895536,0.0507694,-0.218531,0.381028,0.576993,-0.0892096,0.110331,-0.810615,-0.551035,-0.154342
-7.88332,4.44863,-0.731675,0.653771,0.443263,0.480687,-0.345741,0.311109,0.570001,0.507243,-0.233797,-0.0698695,-0.105659,0.390221,0.248365,-0.0399289,0.143924,-0.418091,-0.102729,0.247422
-7.94329,4.35178,-0.94312,0.763604,0.721129,0.592506,-0.256564,0.302117,0.269664,0.342224,-0.298993,-0.243328,-0.0375261,0.435499,0.0634369,-0.127895,0.19249,-0.288209,0.153479,0.339242
-7.69881,3.92894,-0.604032,0.813402,0.334841,0.397115,-0.327634,0.384902,0.394991,0.295815,-0.291687,-0.067878,0.168311,0.310318,0.203312,-0.278995,0.366555,-0.315562,0.118063,0.181897
-7.49824,3.9325,-0.551884,0.725168,0.193187,0.560321,-0.251964,0.176322,0.517051,0.226018,-0.475582,0.0834355,0.0558625,0.488106,0.418706,-0.321347,0.152368,-0.469953,0.00659375,-0.00453577
-7.0921,3.41916,-0.361957,0.4393,0.190334,0.48104,-0.538805,0.420158,0.478296,0.414388,-0.157796,-0.295749,-0.00726997,0.262316,0.300869,0.0779789,0.043947,-0.267193,-0.126539,0.0759297
-2.65549,1.15155,-0.121982,0.699063,0.359104,0.781489,0.370139,0.0911289,0.359439,0.432667,-0.282646,-0.232067,0.196329,-0.136469,0.0379846,0.0668029,-0.170323,-0.027844,-0.35115,-0.0708767
-2.40312,1.5167,0.110533,0.595819,0.358185,0.545823,0.395534,-0.0258028,0.3218,0.162717,0.0517719,0.379638,0.184443,-0.0317427,0.0860552,0.29189,0.20921,0.108144,-0.00115951,0.125276
-2.92391,0.727664,0.469436,0.691278,0.194902,0.564574,0.155521,0.163874,0.46554,0.344073,0.119531,0.0601625,0.0826304,0.208462,0.160493,-0.132968,-0.0493933,0.13486,0.162254,0.273521
-3.45185,0.259059,0.0467494,0.79261,0.387235,0.512904,0.155757,0.303349,0.535272,0.133175,-0.0582261,-0.0450999,0.283116,0.402447,0.207816,-0.0278717,0.0516238,-0.197439,-0.0190846,0.350828
-3.90824,0.677729,-0.00595712,0.709891,0.246137,0.496663,0.00146266,0.0287751,0.207571,0.0543478,0.045782,0.218457,0.319998,0.255257,0.226532,0.199541,-0.134591,0.036837,-0.0499479,0.14418
-5.18723,1.29143,-0.109159,0.636202,0.397716,0.448629,-0.149159,0.0371346,0.446659,0.21336,-0.158207,0.169749,0.149807,0.26019,0.234997,0.127247,-0.0649126,-0.070935,-0.0412444,0.160599
-5.91695,1.59648,-0.289776,0.216009,0.202781,0.294016,-0.228483,0.0946816,0.676515,0.167481,-0.106102,0.066613,0.145144,0.423789,0.286716,0.0218167,-0.0194723,-0.382373,-0.179589,0.213476
-7.18633,2.25214,-0.529593,0.226066,0.404277,0.310217,-0.677403,-0.438247,0.225184,-0.180966,-0.155252,0.127583,0.264494,0.327626,0.0649992,-0.000791678,-0.254912,-0.384151,-0.167981,0.514768
-8.19078,3.52788,-0.694408,0.256141,0.398523,0.35973,-0.538878,-0.312103,0.402118,0.216082,-0.285976,-0.242614,0.121202,0.234628,0.134787,-0.176717,-0.185678,-0.359936,-0.279715,0.0956063
-9.01285,3.77508,-1.14781,0.454634,0.540834,0.625768,-0.388681,0.0440695,0.607039,-0.0915128,-0.36121,-0.227418,-0.27518,0.365773,0.249773,0.052912,0.0470944,-0.416207,-0.234936,0.0879645
-9.56665,4.44865,-1.32191,0.596303,0.127128,0.407051,-0.241584,0.245231,0.247335,0.0804606,-0.611115,-0.0193885,-0.209794,0.413687,-0.0702686,-0.337496,0.015262,-0.384893,0.0790314,0.525528
-9.36711,4.29671,-1.36548,0.516945,0.276812,0.0416766,-0.439525,0.152192,0.346405,-0.0511407,-0.396964,0.0988145,-0.116288,0.310875,0.165541,-0.474773,0.0282517,-0.426719,-0.170442,0.238892
-9.22355,4.18813,-1.12206,0.856587,0.15846,0.296957,-0.425486,-0.113472,0.248182,0.0614532,-0.219705,-0.0952466,0.0597514,0.432163,0.0918023,-0.216139,-0.144711,-0.24526,0.214616,0.492496
-9.22552,4.04792,-1.2254,0.501289,0.0880122,0.567488,-0.506798,-0.0830321,0.142923,0.186526,0.0599423,0.035385,-0.0615429,0.225823,0.136971,0.152959,-0.180229,-0.425101,-0.0693211,0.422463
-9.3249,3.86487,-1.41985,0.474977,0.0130883,0.246793,-0.577254,0.0533669,0.450387,0.187032,-0.177985,-0.309563,-0.1665,0.168484,-0.125221,-0.155718,-0.0276535,-0.495908,-0.0437167,0.29283
-9.57303,4.22171,-1.16112,0.656951,0.365087,0.400165,-0.768218,-0.099886,0.291733,-0.0297939,-0.387015,-0.283695,-0.210117,0.180255,0.168987,0.0186939,-0.0208786,-0.639413,-0.48141,0.220036
-9.75905,4.3958,-0.874771,0.679616,0.351297,-0.0202325,-0.794146,-0.0457316,0.678344,0.140494,-0.240596,-0.375107,-0.349574,0.606886,0.253701,-0.108859,-0.196664,-0.64858,-0.273947,0.0954406
-9.54024,4.52068,-0.597744,0.731822,0.370849,0.344889,-0.449527,0.215545,0.839858,0.320388,-0.381552,0.140292,0.00795752,0.222482,0.158673,0.0782128,-0.157116,-0.443318,-0.0962899,0.260813
-7.38103,1.80109,0.783841,0.238712,0.705285,0.346365,-0.0996888,0.192408,0.633896,0.491033,-0.175477,0.0697857,0.225202,0.0506516,-0.075333,-0.10572,-0.0391695,-0.265005,-0.0883953,-0.00580292
-6.28084,2.10683,1.28029,0.0911603,1.13712,0.181055,0.059893,0.0391311,0.58125,0.398441,-0.052919,0.0586329,0.233032,0.376687,-0.0632011,0.0368886,0.0505318,0.0140416,-0.0285919,0.210817
-6.78224,3.1444,0.743639,0.408616,0.928708,0.20491,-0.0755538,-0.125509,0.457298,0.265578,0.511986,0.366136,0.23398,0.0893774,-0.0634059,-0.124281,-0.26078,0.186453,0.216955,0.0681525
-7.10255,3.82628,0.533393,0.480987,0.81367,0.440874,-0.160207,0.0169843,0.299777,0.160237,0.13349,0.400636,0.127431,-0.0481804,-0.14728,0.0573583,-0.0845925,-0.203329,-0.0659489,0.205807
-6.93711,3.92615,-0.319865,1.15522,0.474363,0.520731,-0.240002,0.118648,0.574431,0.0417916,0.00820164,0.304641,0.203069,0.554031,0.040457,0.170751,0.0289767,-0.511066,0.00593242,0.210815
-6.84334,3.80974,-0.262525,1.01956,0.584497,0.593452,-0.0196506,0.391532,0.583604,-0.0225707,-0.343053,0.250405,0.210293,0.508945,0.153157,0.113782,0.0943769,-0.30188,0.208222,0.00144956
-6.43641,3.61837,-0.132422,0.921873,0.776595,0.455833,-0.242277,0.144105,0.528573,0.146188,-0.19045,0.15203,-0.15812,0.367032,0.298367,0.134556,0.119974,-0.362565,0.184625,-0.110674
-5.87192,3.27037,-0.580498,1.06803,0.539957,0.420793,-0.10632,0.315581,0.140507,0.0708617,-0.282253,0.321506,0.173752,0.486911,0.136025,-0.187158,-0.0868993,-0.523004,0.398761,0.220202
-6.06476,3.82939,-0.957957,0.847413,0.570256,0.538309,-0.348015,0.36856,0.381399,0.191787,-0.22126,0.556095,0.157142,0.327059,-0.281023,-0.084656,-0.0690464,-0.506892,0.434998,0.256041
-6.59265,4.09143,-0.84714,0.897255,0.358004,0.509304,-0.552669,0.550183,0.587576,0.425824,-0.337766,0.362891,0.0637821,0.285223,-0.0205139,-0.162053,-0.050274,-0.347357,0.404542,0.371172
-6.54643,3.65341,-0.972597,0.885147,0.364084,0.45478,-0.379257,0.750446,0.569156,0.372668,-0.388838,0.508352,0.294306,0.375772,-0.120144,-0.0856247,-0.221789,-0.652361,0.485698,0.586746
-6.93325,3.91336,-1.06654,0.944978,0.385128,0.367245,-0.0676588,0.725812,0.40769,0.15834,-0.559046,0.243512,0.177894,0.553168,0.0723337,-0.0842384,-0.0236616,-0.714057,0.344636,0.342574
-7.07486,4.14679,-0.967992,1.09734,0.035661,0.424003,-0.129419,0.496178,0.627116,0.158308,-0.36291,0.422484,-0.0592722,0.413879,0.102199,-0.149467,0.113113,-0.443225,0.335542,0.0602668
-7.46233,4.48187,-0.78471,1.02451,0.239238,0.492159,-0.30671,0.450822,0.514736,-0.00158043,-0.209176,0.273917,0.0846959,0.421833,0.307732,-0.0512313,0.237519,-0.4354,0.1955,-0.00688912
-7.11196,4.48718,-1.09984,0.87214,0.368311,0.670992,-0.217227,0.520411,0.640357,-0.15577,-0.172555,0.282086,0.0349897,0.362524,0.504952,0.070431,0.0715411,-0.581183,-0.107476,0.0670383
-7.33161,4.42077,-0.926165,1.46673,-0.00788385,0.606268,-0.293839,0.45936,0.610592,0.112755,-0.314747,0.0533003,0.168512,0.236758,0.361403,-0.369637,0.202661,-0.504656,0.247691,0.085872
-7.41164,4.32116,-0.98386,1.35028,0.12689,0.552233,-0.289361,0.627364,0.707422,0.121263,-0.245528,0.130134,0.160776,0.211695,0.257297,-0.189543,0.321742,-0.603676,0.179252,0.277081
-7.1441,3.94169,-0.944092,1.16016,0.188317,0.724342,-0.103265,0.95183,0.678412,-0.176233,-0.457114,0.261547,0.195746,0.335445,0.165041,-0.0220885,0.56377,-0.525717,-0.0507367,-0.0699026
-5.61641,1.95478,0.832323,0.128324,1.31132,0.511662,-0.208387,0.48622,0.555228,-0.132614,0.0819047,0.0485229,0.324202,0.105589,0.115174,0.167761,-0.19297,-0.540396,-0.237259,0.334458
-5.45552,1.94052,1.47511,0.422677,1.40136,0.252941,-0.151931,0.454503,0.442977,0.147636,0.316559,0.274,0.280694,0.140933,-0.0734831,-0.113305,-0.136547,-0.364666,0.0534148,0.373363
-6.10198,2.73791,0.556173,0.652362,1.0729,0.240444,-0.139194,0.140891,0.552054,0.200629,-0.0712833,-0.1207,0.11898,0.191834,0.00590668,-0.0918975,-0.0417408,-0.46958,-0.239012,0.211738
-7.0211,4.05415,-0.43192,0.635211,0.688424,0.291937,0.108235,0.589021,0.587958,0.0712849,-0.279699,0.0312112,0.0553601,0.17935,0.240356,-0.0962296,-0.146882,-0.507224,-0.104463,0.0732831
-7.77872,4.85335,-0.675259,1.02398,0.32729,0.624034,-0.276076,0.511113,0.600093,-0.00158557,-0.234914,0.242787,0.147792,0.247001,0.133733,-0.0398941,0.0963011,-0.635295,0.0744527,-0.0615766
-7.96735,5.0549,-0.784919,1.21219,0.227326,0.689438,-0.276657,0.626011,0.529134,-0.0699167,-0.28681,0.208737,0.0227198,0.186596,0.282458,-0.0143411,-0.0750251,-0.622245,-0.0509485,0.0993938
-8.28746,5.02111,-0.768557,1.28056,0.329318,0.840603,-0.511771,0.399433,0.605713,-0.0145984,-0.0828904,0.219179,0.0851194,0.315116,0.0874323,0.161661,0.104232,-0.50872,-0.105914,0.0131953
-8.6514,5.04404,-0.64591,1.36147,0.240872,0.43944,-0.555052,0.701842,0.780894,0.243813,-0.284239,0.0844843,0.143629,0.350962,-0.029733,0.0333418,0.271479,-0.451148,0.0857699,0.0429014
-8.48336,4.7339,-0.995091,1.50082,0.424307,0.521881,0.0707668,0.601745,0.557107,0.219031,-0.386534,0.101916,-0.186014,0.262373,0.261486,0.12662,0.0531749,-0.28976,0.199979,-0.0870794
-8.47772,4.90115,-1.04696,1.39121,0.163815,0.758728,-0.16143,0.772339,0.577225,0.129826,-0.129907,0.0633656,-0.338466,0.100721,0.102422,0.148868,0.207972,-0.537084,-0.05849,0.156885
-8.91146,5.10848,-0.820046,1.41845,0.0107374,0.580279,-0.257928,0.822501,0.442585,0.154469,-0.334421,0.395856,-0.0180528,0.241605,-0.30048,0.180785,-0.0423016,-0.471272,-0.034004,0.221744
-8.65506,4.738,-0.715488,1.62306,0.496654,0.581495,-0.475822,0.489695,0.205987,-0.216458,-0.150829,0.26972,0.083484,0.338129,-0.16577,-0.0747131,-0.0637318,-0.150749,0.108599,0.341043
-8.67752,4.92985,-0.813585,1.39353,0.345618,0.734155,-0.609343,0.413154,-0.0112647,-0.129189,0.0837938,0.297251,0.0304837,0.137145,0.052656,0.125893,0.0720902,-0.217789,0.122517,0.435662
-8.68693,5.20542,-1.0337,1.28001,0.056826,0.809158,-0.405522,0.463121,-0.0113059,-0.109372,-0.157602,-0.0855857,0.137843,0.458506,0.0693766,-0.0293063,0.084528,-0.229428,0.267248,0.136753
-8.95567,4.90363,-0.908877,1.3243,-0.146136,0.681291,-0.612805,0.553387,0.244076,-0.095603,-0.171835,0.109378,0.286395,0.548797,0.0612104,0.208629,0.0711998,-0.0580198,0.130172,0.130219
-8.99844,5.01924,-1.04166,1.31632,-0.0267472,0.836237,-0.697686,0.412308,0.398897,-0.198503,-0.0229619,-0.0286309,0.141956,0.17569,0.305818,0.141511,0.0750081,-0.29564,0.188168,0.028901
-8.94966,4.94284,-1.14161,1.38737,0.0844321,0.792285,-0.532409,0.601541,0.422269,-0.364625,-0.332734,-0.0417844,0.135674,0.305081,-0.022311,0.211171,-0.0775812,-0.2449,0.0788424,0.309733
-9.17405,4.65268,-1.26729,1.22985,0.246611,0.972015,-0.32155,0.533064,0.476637,-0.0676243,-0.162664,-0.193212,-0.0729689,0.342249,-0.0749054,-0.0785877,-0.188085,-0.262727,0.189159,0.314611
-6.62088,1.9517,1.20749,-0.31994,0.884801,0.451438,-0.267734,0.430804,0.733923,0.0712449,-0.0222507,-0.210247,0.0354741,0.00337125,-0.129572,0.202267,-0.254474,-0.189007,0.0848343,0.281148
-5.53808,1.58283,1.62499,0.320249,1.28232,0.785455,0.271738,0.21825,0.472112,-0.0721526,-0.137555,-0.0528477,0.0120096,0.0626218,0.162868,0.20599,-0.0243304,-0.00167345,0.010701,0.186669
-6.87564,2.33422,0.745243,0.42,1.20526,0.387595,-0.0607015,0.106947,0.333747,-0.278946,-0.139553,0.186891,0.362333,0.278656,0.144709,0.0828485,-0.165625,-0.149042,-0.000338592,0.266024
-7.5367,2.97863,0.641351,0.571356,1.10131,0.133388,-0.337428,0.20434,0.374617,-0.267001,-0.13134,0.147786,0.157678,0.40686,-0.0849349,0.134294,0.211655,0.0191001,-0.033869,0.0780632
-7.90698,3.79532,-0.219337,1.01366,0.540852,0.439249,-0.301492,0.220586,0.773381,-0.177461,0.322391,0.207346,0.240835,0.333739,-0.303179,0.0645713,-0.102021,-0.063477,-0.0101622,0.160607
-8.1731,4.31069,-0.482295,1.17758,0.354663,0.580909,-0.518717,0.150328,0.540262,-0.0842073,0.266665,-0.0985308,0.0244921,0.197804,-0.322903,0.0620894,0.0900938,-0.0917183,0.0223612,0.0149138
-8.2498,4.35915,-0.814615,1.03038,0.413807,0.669221,-0.634046,0.0946221,0.64853,0.0889736,0.0633853,-0.268531,0.080889,0.209471,-0.156642,0.268105,0.0255257,-0.128054,0.049833,0.172332
-8.44448,4.39687,-0.969112,0.921639,0.303131,0.608613,-0.322623,0.325256,0.501746,-0.0472799,0.261796,-0.151252,0.181394,0.177233,-0.0284535,0.239988,-0.160586,-0.0762988,0.141614,0.0134648
-8.85586,4.6476,-0.904145,1.30013,-0.11943,0.864603,-0.590491,0.369029,0.558877,-0.16994,0.146919,-0.199923,0.0928327,0.182446,0.251739,0.466911,0.0650935,-0.316898,-0.184864,0.0453416
-8.84793,4.69245,-0.825144,0.998794,0.349229,0.728919,-0.578948,0.244959,0.526795,-0.146181,0.271106,-0.223416,0.349851,0.354516,0.0176644,0.189907,-0.242243,-0.431901,0.114937,0.383704
-8.95135,4.36854,-0.741462,0.99766,0.385095,0.822558,-0.617372,0.36206,0.430909,-0.0880797,0.310103,-0.186816,0.125803,0.373317,0.00487022,0.16612,-0.0614225,-0.187606,0.0928034,0.12104
-9.38264,4.5511,-0.86166,1.14462,0.148137,0.666073,-0.421992,0.476379,0.720286,0.1209,0.212766,-0.24991,0.305209,0.443329,0.131151,0.00673086,-0.114899,-0.283093,0.142556,-0.0243716
-9.52218,4.71376,-1.03462,1.32727,0.272888,0.772042,-0.387916,0.306111,0.786136,-0.0778022,0.116841,-0.142905,0.126421,0.287681,0.0843383,0.278968,0.00517309,-0.178745,-0.142348,0.0719707
-9.21369,4.75586,-0.707958,1.13215,0.133117,0.709001,-0.320031,0.512176,0.649713,-0.227248,0.0885486,-0.272487,0.118383,0.124006,0.0630489,0.198582,-0.0230692,-0.212096,-0.0851554,0.0115631
-9.60702,4.62336,-0.628046,1.4055,0.5398,0.706651,-0.657581,0.161272,0.771875,-0.144192,-0.0701145,-0.390172,0.0107993,0.388252,0.152399,0.313913,0.219467,-0.252812,-0.0689805,-0.000778375
-9.60858,4.67966,-0.696561,1.14806,0.359821,0.729919,-0.366959,0.213611,0.735244,-0.350598,0.0070123,-0.0628687,0.113618,0.262057,0.0828557,0.263168,0.196251,-0.0442444,-0.0313169,0.0332796
-8.75391,3.65003,-0.249403,0.795212,0.733164,0.594768,-0.196129,0.326465,0.647048,-0.349738,-0.0653212,-0.0497305,0.00365233,0.335289,-0.0424825,0.0592263,0.0554797,-0.250144,0.0738959,0.101641
-9.09657,4.16395,-0.358599,1.26589,0.279824,0.498833,-0.346433,0.0682993,0.686263,-0.319456,0.000292007,-0.0419178,-0.0503941,0.369801,-0.16074,-0.114528,-0.310889,-0.169027,0.229898,0.1982
-4.51918,1.22668,-0.22171,0.85921,0.400398,0.438184,0.188729,-0.101735,0.112023,0.276045,-0.256223,-0.357113,0.27568,0.139236,0.120395,0.0227476,-0.233432,0.154265,-0.281483,-0.0807479
-2.28752,1.42962,0.167249,1.02447,0.525321,0.651074,0.315713,-0.159668,0.260384,0.138279,-0.0269171,0.12803,0.339978,0.278423,0.213085,0.0172509,-0.0550937,-0.0651541,-0.0796163,0.0184064
-3.03569,0.5044,0.3736,0.610994,-0.0248708,0.490316,0.420437,0.148146,0.394154,0.220364,-0.0258835,0.132652,0.271273,0.336142,0.19565,0.17862,0.171698,0.0252128,-0.234781,0.131224
-3.60091,0.399424,0.594624,1.14301,0.427469,0.483792,0.25099,0.319179,0.272251,0.125527,0.185217,0.199697,0.249274,0.491463,0.16953,-0.195797,-0.296235,-0.0569367,0.11805,0.250913
-4.41645,0.127467,0.480342,1.05413,0.451565,0.479061,0.187858,0.365961,0.209206,0.129797,0.18701,0.260568,0.137153,0.119001,0.318969,0.251623,0.119308,0.162389,0.0135344,0.10453
-5.57886,0.62678,0.469815,1.33294,0.107361,0.271092,-0.0540542,0.28052,0.499381,0.361309,-0.0800935,0.236973,0.302745,0.109476,0.221601,0.324009,0.173996,-0.0365167,0.0129381,0.0789424
-6.08579,1.56356,0.481896,0.832793,0.155205,0.401111,-0.186913,0.233718,0.64167,0.0515118,-0.0399578,0.0670187,0.0661981,0.24511,0.129459,-0.00562234,-0.187202,-0.159842,-0.168209,-0.0426109
-7.01003,2.65978,0.302546,0.721216,0.406546,0.0194634,-0.292858,0.393273,0.460624,0.157011,-0.0243357,0.0762774,0.108972,0.0251322,-0.106663,0.0831158,-0.163008,-0.0897735,-0.224284,0.159563
-7.72695,3.21762,-0.243909,0.899549,0.2586,0.47009,-0.232056,0.00568717,0.303231,-0.241264,-0.103803,0.102493,0.0733279,0.0457159,-0.0864309,-0.0145463,-0.1362,-0.201064,-0.17633,0.0186145
-8.18791,3.69409,-0.743253,1.18887,0.258251,0.396384,-0.436817,0.134783,0.901963,-0.409961,0.0543995,0.0910415,0.131039,0.20181,-0.222386,-0.0599803,-0.0800403,-0.183122,-0.220185,-0.0495715
-8.83409,3.57032,-1.0003,1.29514,0.207286,0.509793,-0.48825,0.264808,0.769336,-0.287085,-0.0160913,-0.306477,0.0689306,0.273495,-0.10493,-0.0102015,-0.0319888,-0.540352,-0.307939,-0.0420886
-8.97576,3.60009,-1.14232,1.32721,-0.0874182,0.760611,-0.376223,0.12534,0.766681,-0.177756,0.260909,-0.128067,0.0147376,0.300979,0.0587171,0.0888364,-0.0478222,-0.574424,-0.470583,0.0150346
-9.44232,4.10069,-1.17521,1.16022,-0.0122095,0.625868,-0.558061,0.148651,0.720661,-0.360443,0.116559,0.1821,0.234358,0.294026,-0.164997,0.164389,0.105205,-0.348794,-0.216217,0.016383
-9.47756,4.07744,-1.03955,0.998041,0.147143,0.503546,-0.821588,-0.24287,0.360618,-0.420882,-0.000428986,-0.18036,0.233055,0.31008,-0.138297,0.0267044,-0.193384,-0.488255,-0.317908,-0.0224507
-9.42702,3.94019,-0.889888,1.18343,-0.106211,0.536936,-0.776294,-0.0126328,0.593231,-0.43265,0.112737,-0.0982661,-0.0153284,0.0238147,-0.173744,0.0881633,-0.193856,-0.533208,-0.369212,0.109776
-8.88157,4.00066,-1.05852,1.48883,-0.219843,0.704815,-0.812846,0.0122238,0.679308,-0.182014,0.27256,0.0185791,-0.108663,0.0109819,-0.158806,-0.111725,-0.340064,-0.308671,-0.13563,0.155182
-8.63857,3.88708,-1.00483,1.30636,-0.242241,0.685299,-0.598531,0.163606,0.53583,-0.270183,0.350839,-0.0675348,0.0673739,0.104668,-0.182627,-0.00169218,-0.198926,-0.143536,-0.287039,-0.0384495
-8.78009,4.26563,-0.99382,1.55614,-0.282146,0.82429,-0.633569,0.301311,0.688619,-0.321443,0.0313251,-0.36973,0.0616282,0.21187,-0.139366,0.0164411,-0.221237,-0.290314,-0.300092,0.0963808
-8.10125,3.56363,-0.459228,0.688256,0.396904,0.512845,-0.350137,0.210039,0.646358,-0.170065,0.172338,-0.0753944,-0.272269,0.252189,-0.311656,0.12277,0.0584292,-0.200386,-0.0842841,-0.192038
-6.40381,1.62432,0.469008,-0.420876,1.05252,0.313557,0.0172283,0.135739,0.74793,0.00509514,0.0378106,0.158265,0.019188,0.146687,-0.142396,0.0802128,-0.12976,-0.0252682,0.0382786,0.111355
-6.44222,2.05141,0.429761,0.187794,0.822263,0.189227,-0.0966852,0.494749,0.887169,0.131854,0.283468,0.0634011,0.0803262,0.135345,-0.0362612,0.134138,0.207391,0.0827059,-0.100625,-0.163145
-7.15185,2.43227,0.0664862,0.11707,0.620037,0.410555,-0.239282,0.272119,0.628732,-0.198329,0.136546,0.00234913,-0.171008,0.112893,-0.471885,0.0128837,0.03447,0.174552,-0.0892174,-0.0724464
-7.37559,3.14913,-0.163075,0.4952,0.306996,0.360619,-0.408997,0.352183,0.572765,0.0453343,0.00183636,-0.0238761,0.00907156,0.173498,-0.245596,0.0982197,0.0850674,0.075758,0.0441418,-0.253046
-7.71022,3.27383,-0.405244,0.528244,0.142135,0.413875,-0.251266,0.314462,0.712835,0.0432572,-0.158751,-0.285884,-0.20241,0.240176,-0.265967,-0.0192835,-0.124762,0.0708609,-0.0751285,-0.291001
-7.77259,3.19451,-0.736378,0.671451,0.247207,0.296713,-0.333762,0.293274,0.730715,-0.102941,-0.021691,-0.233847,0.00813866,0.175302,-0.200257,0.300709,-0.0313479,0.115947,-0.172677,-0.410067
-7.7491,3.37987,-0.719142,0.696877,0.365223,0.58343,-0.486377,0.126919,0.705165,-0.036117,-0.0255971,-0.269137,-0.182222,0.181329,-0.138913,0.345587,-0.186302,-0.169827,-0.246323,-0.178429
-7.88409,3.35872,-0.690436,0.618564,0.502198,0.579068,-0.566356,0.12678,0.610891,-0.168189,0.15601,-0.148055,-0.0588096,0.320885,-0.168922,0.126131,0.106511,-0.295978,-0.385663,-0.0798659
-8.05822,3.29113,-0.89655,0.427094,0.194099,0.678728,-0.453418,0.160171,0.571344,-0.223217,0.0772489,0.00543335,0.138427,0.392496,0.0648475,0.187473,0.101359,-0.166707,-0.297223,-0.0471543
-7.96872,3.25671,-0.863246,0.733236,0.603753,0.725047,-0.270544,0.0803407,0.406341,-0.0877921,-0.0392895,-0.198985,0.208465,0.158552,-0.183349,0.278414,-0.0144058,-0.208267,-0.274917,-0.101767
-8.00736,3.88393,-0.703016,0.977582,0.599113,0.857986,-0.375373,0.5187,0.565923,-0.0197872,0.222777,-0.0742968,0.171536,0.348991,-0.126786,0.149918,-0.179866,-0.229561,0.0622831,0.247288
-8.17122,3.5831,-0.987043,0.704992,0.550155,0.86836,-0.594787,0.288419,0.312452,-0.138164,0.195586,0.0532739,0.278962,0.378859,-0.0489962,0.16893,-0.189717,-0.0232858,0.2958,0.330778
-8.41826,3.57014,-0.947387,0.704129,0.335704,0.624401,-0.82362,0.263092,0.46385,0.0417519,0.322897,-0.041178,0.161949,0.212904,-0.307543,-0.11396,-0.285744,0.112485,0.323516,0.234975
-8.84748,3.59379,-0.916027,0.941219,0.518547,0.642811,-0.632131,0.425207,0.185212,-0.310687,0.0612181,-0.282338,-0.114471,-0.030664,-0.149095,0.247571,-0.227021,-0.0671193,0.189271,0.235485
-8.4807,3.78703,-0.868951,0.552947,0.342046,0.676687,-0.824493,0.344425,0.440129,0.0317115,-0.0434221,-0.118525,-0.0482286,0.0514679,0.0239188,-0.0878062,-0.191333,-0.0836269,0.299011,0.306991
-8.98867,3.76093,-0.638314,0.991993,0.451263,0.769207,-0.908277,0.466054,0.536657,-0.119413,-0.0510732,-0.215277,0.0408315,-0.214912,-0.173255,-0.168067,-0.00159905,-0.181989,-0.120051,0.1506
-8.79072,3.57551,-0.69491,0.977111,0.752094,0.624645,-0.428811,0.356392,0.272302,-0.22609,-0.0129712,-0.210525,0.487551,0.210244,-0.238219,-0.177034,-0.123977,-0.162424,-0.386536,0.176792
-7.37057,2.4602,0.560304,0.214173,0.846591,0.230379,-0.175136,0.185172,0.448413,0.0406193,0.35657,0.121214,0.244731,-0.124899,-0.286687,0.0794901,0.00948075,0.0874493,-0.235979,-0.0819677
-5.69723,1.41173,1.75446,0.361669,1.27275,0.714088,0.0941254,0.346258,0.437458,0.103825,0.220183,-0.060441,0.407874,0.328393,0.0141788,0.148452,0.102657,-0.32753,-0.231765,0.134866
-7.01118,2.3405,1.21293,0.274081,1.05429,0.184799,-0.0110329,0.187134,0.513479,0.209761,0.0248931,0.284154,-0.0134639,0.264731,0.0525126,0.167964,0.183247,0.0135948,0.142589,0.0863219
-8.25461,3.07251,0.118286,0.295547,0.93366,0.650008,0.10693,0.130013,0.338363,-0.0419904,0.120049,-0.0485336,0.346349,0.327136,0.139031,0.211847,0.02236,0.0119442,0.170046,0.210874
-8.87737,3.51734,-0.479182,0.534073,0.813912,0.522449,-0.251903,0.163273,0.680891,0.138665,0.153463,0.208951,0.582813,0.461059,0.0184375,0.318788,0.21852,-0.00270887,0.396949,0.231791
-9.14755,3.6094,-0.285005,0.778786,0.853419,0.6151,-0.202878,0.172928,0.438939,-0.343765,0.291128,0.209914,0.412015,0.332747,-0.133176,0.245901,-0.0590484,0.0225276,0.0922313,0.113365
-9.14036,3.48812,-0.530231,0.331139,0.569798,0.746761,-0.0509157,0.451977,0.40884,-0.198221,0.113167,-0.0192181,0.22964,0.203979,0.165548,0.379968,0.17881,-0.0735744,0.380157,0.135081
-9.13249,3.80906,-0.208227,0.666151,0.366011,0.298649,-0.25203,0.334841,0.479846,-0.0984742,-0.0324771,-0.0833964,0.366761,0.360376,0.136657,0.13721,-0.0817525,-0.0880327,0.185394,-0.0109708
-9.40919,3.46885,0.0723866,1.04581,0.752379,0.555231,-0.44393,-0.0219378,0.390878,0.00146253,0.291487,-0.0403829,-0.0116724,0.272998,-0.0468944,0.255683,0.0303847,-0.0274149,-0.0536417,-0.0880977
-9.61873,3.38807,-0.35884,0.730923,0.788901,0.600041,-0.338177,0.252846,0.490614,0.0663822,0.213234,-0.285563,0.134479,0.234645,0.206779,0.549432,0.280736,0.0368682,-0.155999,0.18871
-9.4195,3.86307,-0.255888,0.418672,0.571111,0.817517,-0.454089,0.380512,0.770319,0.294603,0.116968,-0.111588,0.0926749,0.237765,0.206342,0.145573,-0.00708023,-0.242026,-0.207181,0.175549
-9.79811,3.86599,-0.419732,0.64709,0.370744,0.766552,-0.075389,0.43587,0.607362,0.14886,0.330532,0.0862257,0.359896,0.16544,-0.26365,-0.147879,-0.0139336,-0.0812729,0.0512309,0.103887
-9.89679,3.90284,-0.6139,0.901952,0.759026,0.762856,-0.325123,0.343514,0.737976,-0.263041,0.204736,0.0627937,0.172358,0.332969,-0.136847,0.0122868,0.162823,-0.0163279,0.136437,-0.0197814
-9.82121,3.8887,-0.423179,0.670514,0.74029,0.490658,-0.153939,0.398887,0.79029,0.219067,0.390728,-0.125742,0.133284,0.0770151,-0.0847882,0.289838,-0.121495,-0.208918,0.00698248,0.0143758
-9.93533,3.92423,-0.142125,0.891279,0.586719,0.711573,-0.272746,0.295468,0.691107,-0.0341319,0.172634,0.0334248,0.446266,0.249123,-0.253455,-0.165173,-0.332575,-0.32377,0.0363755,0.14723
-9.93828,3.91873,-0.700065,1.00511,0.553165,0.738271,-0.277146,0.609568,0.641065,-0.229823,0.189156,-0.0251271,0.346056,0.332395,-0.0540677,0.106484,-0.00432065,-0.201016,-0.0949003,-0.12306
-9.78823,3.86935,-0.711693,0.806586,0.399674,0.730213,-0.119106,0.575933,0.775522,0.159203,0.306365,0.0237127,0.330526,-0.00849307,-0.0689067,0.0380587,-0.1354,-0.0625359,-0.10823,0.030232
-8.51983,2.38606,-0.103976,0.93439,0.369415,0.508187,0.0435076,0.355209,0.82407,0.46068,-0.0565167,0.0984811,0.121092,-0.0301563,-0.174723,0.288034,-0.0607615,0.0578307,-0.244938,-0.0674034
-7.42439,1.99413,0.322607,0.298184,0.569433,0.24356,-0.202012,0.00205229,0.541499,0.315434,0.360756,0.206814,0.485158,0.0737923,-0.371354,0.150361,0.107929,0.0657076,0.0165457,0.115977
-5.6398,1.25094,1.93317,0.49432,1.22511,0.522705,-0.0912567,0.275818,0.295563,0.190107,0.13561,-0.119265,0.139529,0.0373529,0.0315183,0.13398,0.113596,-0.118784,0.103201,-0.0159942
-6.9516,1.47204,1.39928,0.700345,0.95327,0.462156,-0.0889266,0.177998,0.461939,0.274784,0.0875216,0.161108,-0.0550485,0.169915,-0.00447559,0.279834,0.262882,0.0997495,-0.00106651,-0.112172
-7.66163,2.19151,0.719071,0.39803,0.70186,0.475457,-0.0227991,0.413102,0.595983,0.263392,-0.0281275,0.150888,0.147438,0.242237,0.235341,0.419346,0.147694,-0.258471,-0.170118,-0.194407
-8.00338,2.58573,0.100502,0.714473,0.500472,0.391234,-0.0836138,0.269751,0.623882,0.0803993,0.295384,-0.141689,-0.0783946,0.0691882,0.189911,0.503164,-0.163447,-0.0226009,0.0309377,-0.142761
-7.98122,3.0794,-0.0688537,0.499283,0.303459,0.416802,-0.22272,0.211189,0.433382,0.178326,0.20282,0.0940963,0.133578,0.200876,0.160337,0.30147,-0.101368,0.0958298,0.0629745,-0.290678
-8.28698,3.04184,-0.223033,0.645374,0.457376,0.360111,-0.391234,0.229448,0.574184,0.206323,0.152252,0.0817499,0.114191,0.111072,-0.132023,0.0642597,0.175152,-0.0399971,-0.0314894,-0.247029
-8.53357,3.12561,-0.361941,0.656372,0.520861,0.441837,-0.210783,0.515562,0.477074,-0.29856,0.097257,0.0715815,0.337803,0.24695,-0.00569009,0.140246,-0.00331038,-0.116206,0.0237396,-0.201436
-8.27469,3.2439,-0.404266,0.665736,0.537347,0.472724,-0.116759,0.20566,0.550384,-0.0496145,0.0643342,0.117036,0.226486,0.163197,0.0857574,0.187635,-0.156986,-0.177173,-0.0189607,-0.315254
-8.43491,3.17686,-0.563801,0.86544,0.503692,0.573921,-0.458883,0.321063,0.35022,-0.00849584,-0.0386877,0.129057,0.185159,0.183827,0.127872,0.342761,0.0759865,-0.17634,-0.00760772,-0.0782271
-8.82362,3.13402,-0.521824,0.916636,0.675784,0.634815,-0.288585,0.283531,0.360379,-0.155221,0.270961,0.371109,0.234844,0.156119,0.192772,0.102084,-0.00523105,0.0117109,-0.150708,-0.19487
-9.54512,3.12619,-0.199739,0.696718,0.510704,0.586926,-0.172638,0.43531,0.767642,0.094867,0.140315,0.187414,0.195207,0.180387,-0.180314,-0.0144747,-0.133401,0.0785972,0.205017,-0.121065
-9.54006,3.06675,-0.222784,0.514699,0.766607,0.6891,-0.21031,0.357681,0.593324,0.14964,-0.170386,0.244807,0.33003,0.298911,0.0883639,0.0786017,-0.0466917,0.0694123,-0.01058,-0.0601843
-9.33114,3.1904,-0.0373437,0.641434,0.518523,0.679358,-0.165927,0.276002,0.567232,0.0650919,-0.0113526,0.23134,0.251628,0.219503,-0.136645,0.206319,-0.198377,-0.216145,-0.267112,-0.0777182
-9.41548,3.15496,-0.135656,1.02533,0.405165,0.488507,-0.298598,0.376569,0.685647,0.226213,0.107687,0.283518,-0.0036355,0.158281,0.135581,-0.115763,-0.199979,-0.0588673,-0.0366397,-0.184832
-9.1327,2.75977,0.0198792,1.0236,0.522521,0.441271,-0.310841,0.578316,0.393215,0.00557526,0.0857249,0.091201,0.0888385,0.406089,-0.135099,0.0188369,-0.0314355,-0.208049,-0.0930244,0.00721091
-8.96099,2.69636,-0.234486,0.894862,0.358925,0.71076,-0.222451,0.690952,0.448119,0.203648,-0.097011,0.119256,-0.00625497,0.0427198,-0.0964445,0.263301,-0.140152,-0.230939,-0.121313,0.0260624
-8.54831,2.60186,-0.110184,0.88983,0.187563,0.565626,-0.00548672,0.56265,0.378848,0.139857,-0.0622861,0.0665918,-0.0840558,0.184034,0.0621966,0.108539,-0.184043,0.0315319,-0.168018,-0.143524
-7.13921,2.1115,-0.30092,1.27915,0.442572,0.734266,0.202922,0.1462,0.558425,0.514721,-0.137104,-0.134111,0.0210709,-0.0912004,0.135069,0.137611,0.00128367,0.258329,-0.00679434,0.0135201
-1.97653,1.40875,0.0900744,0.917812,0.475511,0.766302,0.196757,-0.206468,0.302866,0.49986,0.010902,0.00951229,0.237011,-0.119934,-0.0141073,0.0564375,-0.0603789,-0.049459,-0.248764,-0.0381217
-2.68135,0.987213,0.161389,0.604783,0.255059,0.546406,0.370675,-0.0429517,0.155613,-0.107634,-0.206362,0.394123,0.420366,0.110844,0.202647,0.379292,0.410522,0.0205258,-0.287485,0.0508648
-3.73201,0.233981,0.510022,0.958523,0.365561,0.713988,0.215103,0.338954,0.418685,0.299161,0.119103,0.114374,0.117454,0.228935,0.165138,0.0880458,0.06333,0.176753,0.0446056,0.171196
-4.23764,-0.103713,0.1932,0.959648,0.514079,0.782602,0.316448,0.444145,0.271976,0.235678,0.232885,0.286567,0.296261,0.220873,0.175602,0.0767716,0.0509581,0.0993906,0.18415,0.258155
-5.65152,-0.0144708,0.353678,1.35592,0.473475,0.78779,0.366141,0.094589,0.286031,0.37783,0.223371,0.360162,0.371349,0.104544,0.02585,0.265629,0.0122343,0.0280753,-0.123732,0.166769
-6.19504,0.938081,0.00485861,0.803618,0.555798,0.713236,0.243551,0.247458,0.572876,0.0966586,0.155419,0.389653,0.0644292,0.14804,0.319525,0.0892387,-0.226552,-0.225571,-0.0440426,0.0969581
-6.54717,1.91811,-0.468785,0.264255,0.567718,0.615146,0.253598,0.54167,0.501592,-0.150443,0.0187399,0.280886,0.127136,0.209279,0.0779792,0.118505,0.0827854,0.0931621,-0.00834719,0.225628
-6.98752,2.37356,-1.34106,0.643562,0.457782,0.363131,0.132925,0.52645,0.50744,0.0697851,-0.0694892,0.460758,0.322317,0.250156,0.196812,0.137675,0.16776,0.187723,0.264712,0.456011
-5.76975,2.99722,-1.87217,0.216464,0.200262,0.719181,-0.154392,0.59656,0.272009,0.191682,0.0365011,0.323934,0.240204,-0.0533999,-0.0538536,0.137923,0.259747,0.0409658,0.135692,0.0792156
-4.045,2.17431,-1.89513,-0.269674,0.112933,0.48068,0.114336,0.703122,0.425006,0.210511,0.0346514,0.183901,0.199609,0.14977,0.227721,0.2151,-0.104281,-0.0782214,0.0744169,0.100031
-4.28295,2.13261,-2.0398,0.18937,0.376592,0.719398,0.0359454,0.941634,0.586447,0.177022,-0.217367,0.0546181,0.138243,-0.0240331,0.386171,0.0650827,-0.0574986,-0.297073,-0.519071,-0.379462
-4.9982,2.68933,-2.06203,0.284446,0.214835,0.677429,0.0252539,0.717359,0.245241,0.20358,-0.284141,0.258642,0.285736,0.151252,0.440421,0.0157334,-0.150399,-0.324675,-0.285678,-0.211986
-5.24406,2.76721,-2.09416,0.407321,0.23637,0.830636,-0.0307239,0.874751,0.361795,0.331786,-0.376008,0.203839,0.154531,0.176756,0.373758,-0.0920191,-0.20116,-0.517207,-0.360178,-0.0669491
-5.00994,2.93295,-2.21922,0.550319,0.136598,0.749787,-0.155901,1.02135,0.343763,0.252426,-0.225514,0.0337168,0.415974,-0.123233,0.289609,-0.340185,-0.184562,-0.552113,-0.163215,0.178056
-5.19194,2.83299,-2.07286,0.887092,0.193111,0.474851,-0.350815,1.08669,0.335952,0.0860679,-0.246953,0.235383,0.308136,-0.126386,0.169568,-0.419548,-0.43954,-0.323958,0.390369,0.727941
-5.30314,3.10619,-2.36914,0.697478,0.233587,0.576155,0.0366844,0.82534,0.300863,0.110683,-0.154546,0.396569,0.10529,-0.235927,-0.267819,-0.247377,-0.263258,0.0227554,0.557354,0.439764
-5.5497,3.40758,-2.14727,0.609713,0.292176,0.454821,-0.134685,0.932553,0.371679,0.19238,-0.0722324,0.125921,0.243627,-0.167845,-0.498601,-0.297633,-0.335705,0.00975192,0.470082,0.385674
-5.8907,3.5308,-1.84491,0.692227,0.455988,0.47979,0.0313279,0.332775,0.27258,-0.0661741,-0.349786,0.0312096,0.175153,-0.0682829,-0.0716399,-0.284786,0.0542288,-0.0677856,0.422292,0.466388
-5.53176,1.88197,0.104224,0.253145,1.23679,-0.00124377,0.377614,0.777242,0.521803,-0.0922168,-0.181193,0.0590644,0.226808,-0.0372825,-0.190002,-0.0972002,-0.134319,-0.450417,-0.228392,0.188995
-6.06884,1.83722,-0.214547,-0.0416131,1.33795,0.376916,0.456496,0.801204,0.436371,-0.0769441,0.0929973,0.037257,0.400202,0.136793,0.158701,0.0852868,-0.367953,-0.360997,0.135288,0.11007
-6.73885,2.17817,-0.472283,0.195066,1.06148,0.476425,0.297417,0.840732,0.551132,-0.230595,-0.241152,0.0947514,0.284362,-0.0273113,0.0224096,-0.156578,-0.292255,-0.333725,0.0635322,0.128914
-7.01542,2.24168,-0.625614,0.599739,1.30615,0.507266,0.551047,0.672435,0.648828,-0.44186,-0.282144,0.169185,0.178997,0.32508,0.188708,-0.0887099,-0.102394,-0.364812,0.0358229,0.15473
-5.7368,3.58091,-0.591074,0.739925,0.548629,0.240809,-0.699966,0.376267,0.239388,-0.3722,-0.170197,0.328845,-0.0132332,0.102045,0.19117,-0.00215891,0.0375958,-0.78754,-0.125863,-0.441085
-5.7403,2.98149,-1.13533,1.01174,-0.181568,0.532047,-0.658563,0.551459,0.42253,-0.0135168,-0.0785831,0.707129,0.298745,0.408845,0.473617,-0.0525926,0.0749199,-0.783998,-0.252611,-0.624613
-5.9347,2.98525,-1.24706,0.937603,-0.468815,0.580581,-0.562937,0.407493,0.0179201,-0.0567756,-0.038541,0.296671,0.167333,0.429974,0.56328,-0.143903,0.250307,-0.782465,-0.311622,-0.490949
-6.2482,3.03719,-1.23064,0.826634,0.122252,0.539638,-0.167238,0.710101,0.50758,-0.180647,0.0956589,0.267183,0.241152,0.289966,0.309112,-0.050907,0.0684183,-0.738736,-0.330999,-0.275005
-6.03659,1.83458,-0.430256,0.189439,0.720542,0.76869,-0.169187,0.766793,0.473654,-0.166615,0.0416602,0.409433,0.325161,0.129084,0.292653,-0.0864866,-0.358676,-0.540525,-0.504412,-0.0720074
-5.86273,1.30923,-0.246782,0.118573,0.924339,0.0806218,0.0386196,0.84374,0.523511,0.00709308,-0.239466,0.217249,0.381386,0.381161,0.190904,-0.296537,-0.505687,-0.561714,-0.266754,0.120102
-5.99356,1.41518,-0.504864,-0.147252,0.975047,0.465362,0.262821,0.591527,0.347769,0.150426,-0.156685,0.559539,0.286234,0.235403,0.0579842,-0.17934,-0.387036,-0.302927,-0.0497766,0.0930161
-6.95721,1.5417,-0.684908,0.201599,0.923054,0.0716333,0.368515,0.427232,0.41863,0.0861079,0.0448812,0.291608,0.336946,0.207256,-0.0106457,-0.0510655,-0.230536,-0.121909,0.200611,0.118099
-6.76363,2.35644,-0.55788,0.350126,0.542711,-0.520437,-0.17625,0.302938,0.584878,-0.189867,0.0697291,0.456414,0.521089,0.391815,0.258282,0.0665301,0.0133991,-0.148568,0.0247025,0.125294
-5.14889,2.97979,-0.436321,0.718867,0.0615984,-0.236879,-0.509832,0.141811,-0.120877,-0.262974,0.178484,0.371342,-0.162358,0.345575,0.192484,-0.194566,-0.0189047,-0.36531,-0.150139,-0.410058
-5.72121,2.3215,-0.8504,0.893175,-0.01644,-0.152969,-0.724223,0.695796,0.436505,0.0438319,0.421122,0.610753,-0.316958,0.169337,0.228483,-0.333682,0.244637,-0.499127,-0.28747,-0.570234
-5.8302,2.39306,-0.907772,0.593377,-0.12386,-0.379577,-0.274831,0.610562,0.602678,-0.0143871,0.181996,0.494482,0.0910167,0.231781,0.0934596,-0.374703,0.0701163,-0.127216,-0.301372,-0.642089
-6.09317,2.85286,-1.05059,0.622716,0.137853,-0.124536,-0.240442,0.394549,0.245325,-0.0462628,0.0588156,0.28286,0.199625,0.308166,-0.12046,-0.330271,0.02481,-0.41221,-0.282947,-0.442784
-7.15902,2.77527,-0.891899,0.603927,0.252976,0.0410002,0.1712,0.58912,0.410521,0.10504,0.154188,0.206286,0.396383,0.168171,-0.13331,-0.0805398,-0.259635,-0.306141,0.0229227,-0.247271
-5.44018,1.59438,1.45608,0.448947,0.948352,0.0187198,0.0564822,0.425764,-0.114094,-0.0401459,0.355373,-0.076768,0.556438,0.335328,-0.078977,0.0207141,-0.281344,-0.298353,0.147596,0.117571
-5.6631,2.22197,1.01913,0.352234,0.775944,-0.159678,0.310473,0.511225,0.222547,0.0625252,0.0628238,-0.0271775,0.210891,0.392017,-0.0605245,-0.0212108,0.0831069,-0.0543949,0.14956,0.215656
-6.36467,3.04109,0.0884857,0.70048,0.450125,0.199991,0.515005,0.450745,0.562164,-0.105636,-0.336884,-0.131532,0.0855708,0.05813,0.0986611,0.173016,-0.0398731,0.0789693,0.33888,0.152632
-6.55035,3.50448,-0.203192,1.10284,0.400281,-0.180134,0.349186,0.323149,0.172268,-0.206621,-0.281736,0.118841,0.301255,0.211557,0.125531,-0.135743,0.115468,-0.0263325,0.315599,0.0882595
-6.55105,3.69844,0.00503705,0.894483,0.575327,-0.481728,-0.0701317,0.292067,0.226196,-0.20098,-0.0251832,0.137144,0.0307892,0.275256,0.036801,0.0416194,-0.0515064,0.0874266,0.319061,0.150948
-6.2357,3.67654,-0.343213,0.971358,0.569724,-0.324569,-0.284721,0.132656,0.0162522,-0.262071,-0.0972011,0.262283,0.27022,-0.046972,0.0165356,-0.194974,-0.173862,-0.10311,0.448013,0.117738
-6.5057,3.46931,-0.350505,1.33232,0.791251,-0.150763,-0.125437,-0.0755761,-0.199957,-0.499642,-0.276522,0.463298,0.386532,0.151838,-0.0932667,-0.429354,-0.0735852,0.0442871,0.305398,0.169048
-5.14463,3.86168,-1.01935,0.833293,0.120032,0.17848,-0.718879,-0.027873,0.0256892,0.403248,-0.0703426,-0.120111,-0.123272,-0.212069,-0.01361,0.126685,0.220968,0.129471,-0.164355,-0.201752
-4.79534,3.81535,-1.20261,0.638404,0.0705409,0.236209,-0.474438,0.364524,0.11153,0.233608,-0.310606,-0.15414,-0.139622,-0.265787,0.202088,0.199459,0.111307,0.15963,-0.11025,-0.360613
-4.60529,3.53253,-1.3337,0.50315,0.0693541,0.441709,-0.160461,0.251388,0.0962919,0.175978,-0.0511713,0.291508,0.0150626,-0.364212,0.165267,0.120636,0.400475,0.484692,-0.319723,-0.492655
-4.68608,3.38211,-1.58426,0.749783,0.408001,0.717289,-0.0215566,0.0650692,0.00791598,0.0123541,-0.0264564,0.260128,0.122651,-0.393974,0.22353,0.100165,0.304964,0.208662,-0.252988,-0.269158
-4.35795,3.33835,-1.85591,0.768398,0.112827,1.0735,0.00245178,0.0164595,0.342719,-0.14097,-0.115001,0.125637,0.0329797,-0.272531,0.309551,0.186552,0.292469,0.0944706,-0.547786,-0.37167
-4.23034,3.28501,-1.79383,0.763585,-0.0267389,1.2634,-0.137356,0.45378,0.678333,-0.302474,-0.362861,-0.232779,-0.0370288,-0.127876,0.397975,0.0267144,0.259919,-0.398154,-0.635924,-0.20616
-4.72864,3.44783,-1.41775,0.85029,0.0265442,0.828175,-0.416448,0.808661,0.726343,-0.0723381,-0.0852571,-0.155686,-0.0421314,-0.0341499,0.451219,-0.264494,-0.120073,-0.508356,-0.528213,0.0561925
-5.04125,3.71543,-1.53283,0.959974,-0.0298224,0.892505,-0.482132,0.621314,0.624066,-0.300003,0.0617188,-0.114174,0.106984,-0.0325919,0.351517,-0.167892,-0.0726482,-0.46611,-0.605327,0.0250646
-5.11231,3.85748,-1.66955,1.13072,-0.169063,0.88025,-0.564779,0.717381,0.645907,-0.25794,-0.067062,-0.276317,0.264295,0.105352,0.358376,-0.139923,0.143704,-0.483189,-0.500849,-0.157943
-5.27268,3.90545,-1.49861,0.995491,-0.13501,0.855277,-0.349138,0.553188,0.505048,0.0476386,-0.0304866,-0.296964,0.0869304,0.252783,0.500865,-0.284394,0.0528793,-0.416752,-0.393315,-0.208284
-5.15551,3.93359,-1.35436,0.80892,0.0408846,0.83928,-0.419356,0.361097,0.362313,0.124807,-0.126247,0.084858,0.0590337,0.12921,0.315547,-0.403351,0.0523491,-0.386977,-0.404509,-0.0739721
-4.41092,2.22784,0.717723,-0.156135,1.16221,0.517643,-0.0339218,0.358403,0.487685,-0.0846867,0.081987,-0.0846795,0.061615,0.282025,0.161704,-0.00855178,-0.116093,-0.367982,-0.666492,-0.0525288
-5.38089,2.43435,1.06385,0.136105,1.33187,0.382392,0.173932,0.431488,0.220678,0.164345,0.0630303,-0.159843,-0.0907641,0.00128963,-0.000236883,0.0143667,0.100605,0.0867047,-0.0789729,0.0418399
-6.50649,2.92237,0.337802,0.14122,0.926722,0.207302,0.00215751,0.209931,0.39666,0.189123,0.209092,0.223116,0.0154635,-0.0211424,0.0184639,0.210825,0.210661,0.0364917,-0.238229,-0.0541821
-6.95961,3.39978,0.102933,0.68006,0.78768,-0.0746079,0.0246794,0.506956,0.428627,0.184299,0.246027,0.261516,-0.0199231,-0.0532259,-0.136479,0.0300527,0.171842,0.0173508,-0.248756,-0.255753
-6.74356,3.72589,-0.339152,0.776082,0.384813,-0.00508527,0.462484,0.343376,0.480115,0.11731,0.1792,0.111676,0.108701,0.248579,-0.140476,0.185448,0.268005,-0.293221,-0.105003,-0.145628
-6.618,3.26375,-0.299973,1.05076,0.544955,0.277791,0.211959,-0.00963403,0.373612,-0.093239,0.14706,0.359736,0.175242,0.0790563,-0.109744,0.163669,0.089035,-0.460701,-0.0517962,-0.0832965
-6.11102,2.75086,-0.0140047,1.77866,-0.02767,0.00502184,0.146454,0.441483,0.215511,0.320256,-0.285022,0.430809,-0.164681,-0.538238,0.0459539,0.0353103,0.2819,-0.519468,-0.166191,0.0343917
-5.41034,2.14421,0.29625,1.51296,-0.523626,0.59428,0.474125,0.0844092,-0.0875044,0.483335,-0.523965,0.543426,-0.0141658,-0.540301,0.141672,-0.418563,0.251539,-0.466946,-0.0494411,-0.0985661
-6.26942,2.08145,0.157384,1.77985,-0.179576,0.909148,0.140092,0.0715013,0.146226,0.371059,-0.597306,0.623428,-0.186035,-0.392577,0.16343,-0.636004,0.0425645,-0.32787,-0.0992444,-0.299239
-6.36665,1.75534,0.229983,1.63577,-0.0530655,0.821142,0.477336,0.0884941,0.106906,0.327288,-0.719737,0.62385,-0.171044,-0.285784,-0.158787,-0.485964,0.0227243,-0.58088,-0.240531,-0.224011
-6.1248,2.09428,-0.228042,1.42507,-0.316982,0.726522,0.551533,0.548271,0.083213,0.626166,-0.850608,0.168643,-0.462175,-0.17136,-0.1955,-0.33845,0.194269,-0.773625,-0.116642,0.0591096
-6.18157,2.33861,-0.185205,1.15909,-0.224969,0.471594,0.574746,0.806117,-0.141209,0.252333,-0.506208,0.100987,-0.656342,0.0939188,-0.0205221,-0.679857,0.14681,-0.535254,-0.154818,-0.0912161
-6.21797,2.96197,-0.392294,0.754481,-0.111503,0.733812,0.00813417,0.568935,-0.180788,0.240126,-0.352309,0.382197,-0.558907,-0.107261,-0.140559,-0.506384,0.227239,-0.649618,-0.309124,0.0752085
-6.60597,3.32537,-0.53566,0.742288,-0.0531528,0.761224,-0.247604,0.349604,-0.0761344,0.34099,-0.444306,0.337056,-0.181289,-0.147004,-0.262554,-0.448464,0.127681,-0.905631,-0.156873,-0.0734327
-6.79921,3.67172,-0.677594,0.894619,0.0751235,0.59132,0.0090451,0.183149,-0.234921,0.193965,-0.292161,0.610088,-0.373001,-0.245166,0.123305,-0.434188,-0.115018,-0.981992,-0.149719,0.152204
-7.18511,3.79427,-0.805929,0.679821,0.130302,0.597217,0.320258,0.246177,0.0772768,0.160023,-0.147036,0.598116,-0.588712,-0.17467,-0.30566,-0.156238,-0.0406219,-0.936976,-0.232141,-0.014057
-7.44068,3.60397,-1.04631,0.969637,0.291786,0.501097,0.401306,0.482129,0.135127,0.284384,-0.408675,0.328622,-0.339197,0.097623,-0.0322806,-0.132388,0.0647164,-0.669033,-0.0855758,-0.0752631
-6.61442,3.00305,-0.407455,0.510057,0.428099,0.0794183,0.139409,0.635483,0.389603,0.0397982,-0.0194598,0.0220397,-0.0655302,0.282278,-0.132376,-0.0427908,-0.315528,-0.329061,-0.0275002,-0.120105
-2.30486,1.27871,-0.228711,0.898297,0.364732,0.563497,0.171548,0.0875611,0.3842,0.527672,-0.205583,-0.118224,0.397984,0.0589491,0.143284,-0.0211612,-0.381235,-0.0430689,-0.333509,-0.0476932
-2.56484,1.36031,0.0472256,0.701977,0.462578,0.538634,0.313466,-0.0352545,0.286684,0.0662106,-0.167797,0.173387,0.225969,0.185886,0.295436,0.27276,0.283179,0.198764,-0.18169,0.071503
-3.27954,0.607082,0.84995,1.00613,0.0280131,0.388503,0.274216,0.352725,0.287603,0.0679222,0.128161,0.25244,0.146492,-0.0679247,0.0988275,0.33173,0.164921,0.1467,-0.0653608,9.22861e-05
-3.71691,0.199359,0.432465,1.00842,0.556724,0.441158,0.0317315,0.15095,0.159904,0.0438929,0.214107,0.260212,0.0970478,0.282809,0.264368,0.0946692,0.0615265,0.174492,0.298093,0.105108
-4.38373,0.247169,0.0969182,0.966008,0.106609,0.260877,0.258885,0.5704,0.301454,0.0075976,-0.0419307,0.153432,0.195695,0.140648,0.217734,0.211659,0.0998914,0.249388,0.0668562,0.0152192
-4.70168,1.40306,0.0613491,0.795962,0.00496186,0.19713,0.126146,0.474161,0.0277653,-0.202008,-0.133069,0.220035,0.188639,-0.0477966,0.0766727,0.224675,-0.0427445,-0.148402,0.023943,0.116833
-5.19834,1.42908,-0.279851,0.533242,0.0631571,0.17579,-0.251244,0.339701,0.278248,-0.14664,-0.198491,0.123952,-0.0740493,-0.0870705,0.076151,0.320372,0.151475,0.00789301,-0.0674165,-0.0564165
-5.99865,1.94819,-0.633199,0.564395,-0.217578,0.121929,-0.385119,0.299997,0.0814913,0.0357732,-0.272296,0.0191695,-0.0582791,-0.0575869,-0.13536,-0.242786,-0.0679748,-0.0793331,-0.16718,-0.10764
-6.95145,2.90783,-0.656013,0.494168,-0.339341,0.376589,-0.440979,0.280358,0.215274,0.103903,-0.404603,-0.302674,-0.0778391,-0.22804,-0.0592837,-0.120796,-0.15314,-0.223972,-0.314812,-0.34051
-7.44487,3.33074,-0.581375,0.475732,0.0530017,0.224445,-0.498457,0.212575,0.316779,-0.167737,-0.339259,0.053015,-0.330853,-0.196427,0.0490958,0.141953,0.0672908,-0.306852,-0.360493,-0.150719
-6.77376,3.48524,-1.06909,0.249798,-0.0776184,0.368412,-0.563451,0.386274,0.11675,0.03881,-0.16313,-0.0364148,-0.276457,-0.144509,0.165526,-0.228032,-0.0038863,-0.136113,-0.0482263,-0.125798
-4.15376,3.24731,-2.48409,0.0665812,-0.189842,0.696442,-0.64077,0.554755,0.161375,-0.264306,-0.514064,-0.0659112,-0.111237,-0.149449,0.417907,-0.325272,0.102905,-0.667849,-0.19553,0.0285284
-5.12313,3.04664,-1.85676,0.686233,-0.148198,0.618155,-0.700427,0.414947,0.0196058,-0.201061,-0.327087,-0.134281,0.037823,0.0111491,0.586626,-0.290831,-0.108265,-1.17929,-0.3918,-0.0258626
-4.98564,2.96585,-2.01126,0.762228,-0.310622,0.266474,-0.513963,0.574379,0.214237,-0.0179252,-0.126877,0.0677858,-0.105013,0.150202,0.522799,-0.110023,-0.108824,-1.0093,-0.383662,-0.284234
-4.93276,2.80434,-1.98241,1.08999,-0.187511,0.30302,-0.477828,0.73117,-0.173253,-0.0120006,-0.289413,0.199031,-0.0654868,-0.0437644,0.575707,-0.201567,-0.238534,-1.13228,-0.32537,-0.0989533
-4.28902,2.44143,-2.34194,1.19679,-0.386469,0.330846,-0.176669,0.988165,-0.425903,0.176362,-0.199218,0.224145,0.000405825,0.0862959,0.216676,-0.697922,-0.457495,-1.0193,0.230938,0.273858
-4.51243,2.52883,-1.55983,1.14595,-0.168668,0.0944564,-0.0337871,0.674805,-0.629831,0.432003,-0.445298,0.265018,0.0488063,-0.133647,-0.35996,-0.675987,-0.555754,-0.419583,0.481884,0.413201
-4.89097,2.45301,-0.959907,1.09972,-0.473679,0.112592,0.0833809,0.356242,-0.878231,0.719873,-0.379874,0.353023,0.167821,-0.203655,-0.555804,-0.380565,-0.564119,-0.344511,0.513107,0.187633
-4.83553,2.15082,0.0848666,0.72203,-0.30539,-0.0773871,0.292686,0.342674,-0.338412,0.429558,-0.278442,0.0115571,0.163245,-0.0244967,-0.416123,-0.2843,-0.464174,-0.58313,0.549354,0.257307
-5.52125,2.01223,0.45356,0.19102,0.65454,-0.357024,0.451378,0.2384,0.104648,0.265513,-0.0989507,-0.14099,-0.0755957,0.0170914,-0.440304,-0.49134,-0.583778,-0.565011,0.0395906,0.245044
-6.30922,2.50482,0.0978983,0.537847,0.538396,-0.0143003,0.455215,0.497825,0.233362,0.0868279,0.345771,0.087282,0.00220704,0.149664,-0.198444,-0.065771,-0.464348,-0.44499,0.178693,-0.134127
-6.65492,2.72935,0.103218,0.697573,0.509482,0.182021,0.522155,0.413912,-0.097282,0.0105805,0.0869099,-0.229381,-0.235642,0.331865,-0.0675494,0.0725221,-0.113728,-0.14795,0.13332,-0.127603
-5.66059,2.78257,0.0800317,1.10287,-0.0526542,-0.107523,-0.0193423,0.18803,-0.119067,0.0416364,-0.0764367,-0.172579,-0.555457,0.122441,-0.133921,-0.323162,-0.0454422,-0.578631,0.0150812,0.00221171
-6.26636,3.0319,-0.469214,1.07995,-0.0196879,0.0375178,-0.261439,0.404355,-0.0515326,-0.0938523,-0.187942,-0.00580332,-0.182708,0.207285,-0.00152993,-0.311935,0.192645,-0.581494,-0.391467,-0.168287
-6.80138,3.23323,-0.6282,0.782731,-0.0983978,0.437446,-0.301567,0.368641,0.068086,-0.098531,-0.42941,0.00276607,-0.063171,0.134454,-0.09189,-0.319477,0.0294329,-0.483128,-0.229537,-0.284168
-7.01091,3.24236,-0.63388,0.578338,0.108553,0.42348,-0.503721,0.254752,0.107684,0.0329021,0.0427345,0.384523,-0.438715,-0.0984323,-0.17155,-0.22407,-0.0550574,-0.517154,-0.425003,-0.215986
-7.04848,3.36133,-0.908413,0.587475,-0.0537324,0.537101,-0.620905,0.13778,0.147064,-0.0228759,-0.0402484,0.493106,-0.438944,-0.205747,-0.375875,-0.272873,-0.0212179,-0.504221,-0.662848,-0.298433
-6.50449,2.75594,-0.738235,0.703769,-0.149349,0.487371,-0.514868,0.0327051,0.020923,-0.0462194,0.101906,0.42153,-0.226468,-0.077564,-0.40714,-0.0384849,-0.036449,-0.437983,-0.588324,-0.58677
-6.79993,3.1044,-1.14141,1.4134,-0.176842,0.357348,-0.401671,-0.0192894,0.253273,-0.180117,0.162957,0.128614,-0.380875,0.0568032,0.0105014,0.196748,-0.157084,-0.631172,-0.348488,-0.723039
-6.07341,2.96095,-0.87485,1.55223,-0.621694,0.0717921,-0.807829,0.11835,-0.348528,-0.399347,0.115237,0.127264,-0.282948,-0.0340419,0.0451025,-0.027012,0.0799812,-0.113203,-0.254428,-0.641482
-6.44144,2.78496,-0.977065,1.20495,-0.529886,-0.342066,-0.785852,-0.207676,-0.374358,0.210458,0.213164,0.204292,-0.148543,0.0143294,0.075108,-0.175615,0.0708001,-0.312594,-0.708834,-0.840731
-5.81466,2.1369,-0.825733,0.853651,-0.533516,-0.510421,-0.487999,0.0511258,-0.228583,0.166701,0.0818437,0.297972,-0.259627,0.092861,0.205061,-0.341771,0.444573,-0.276298,-0.433495,-0.856718
-5.44386,2.24891,-0.971195,0.743576,-0.517237,-0.483595,-0.307038,0.017387,-0.250284,0.230531,-0.172887,0.159941,-0.442537,0.0932742,0.0222648,-0.185445,0.400567,-0.440356,-0.329429,-0.858389
-5.40917,2.28707,-1.15211,0.540144,-0.562682,-0.499289,-0.108479,0.194527,-0.410205,0.213731,-0.098645,0.0408374,-0.522777,0.234241,0.152749,-0.0458919,0.312796,-0.488671,-0.460782,-0.899546
-5.53529,2.20421,-0.923794,0.639484,-0.474233,-0.422355,-0.348485,0.376555,-0.493587,-0.17911,0.0532586,0.0662882,-0.470122,0.24287,0.364383,-0.052626,0.21653,-0.514822,-0.522971,-1.02905
-6.81926,3.29718,-0.833899,0.764652,-0.153366,-0.118968,-0.572609,0.311791,-0.0722221,0.00815162,0.176201,0.441087,-0.322548,0.506247,0.450748,-0.125792,0.212035,-0.556331,-0.158983,-0.580242
-6.54995,1.48592,0.767687,0.186456,0.774271,0.18037,0.415993,0.556343,0.142833,-0.0750355,0.307251,-0.071906,0.0702745,0.24229,0.13266,0.0362845,0.013766,-0.254815,-0.401351,-0.0401388
-4.55352,1.84615,1.01241,0.722939,0.969322,-0.221027,-0.00555617,0.290169,0.252477,-0.184042,0.559371,0.46563,0.0525469,0.353266,0.340385,-0.0268036,0.00261598,-0.0549848,-0.140268,-0.0959954
-5.05553,2.61433,0.253015,0.984256,0.42829,0.0907159,0.0126572,0.212284,0.260608,-0.012956,0.420995,0.520505,-0.0314165,-0.168383,0.382449,0.0131406,-0.147196,-0.0725067,-0.297779,-0.299642
-5.32884,3.52017,-0.599255,1.36328,0.0401738,0.508999,-0.238004,-0.194033,0.243759,0.138957,0.432167,0.241922,0.397677,0.203684,0.228419,0.394392,0.05675,-0.0916799,-0.193987,-0.604743
-5.4908,3.28962,-0.222901,1.93146,-0.107934,0.391985,-0.542632,0.375088,-0.256785,0.311894,0.275603,0.154825,0.350252,0.045362,0.403537,0.210905,0.161561,0.0716818,-0.149565,-0.632138
-5.37486,2.89059,-0.0557746,2.01066,-0.436099,0.333386,-0.40531,0.273486,-0.514197,0.46068,0.0520737,0.289907,0.124337,0.0830906,0.321113,-0.00235798,0.421749,-0.105981,0.0312746,-0.292802
-5.10358,2.64508,0.192704,1.79848,-0.587133,0.552434,-0.340231,0.127502,-0.386614,0.685936,-0.0910568,0.373929,-0.038491,0.0671477,0.376094,-0.0118709,0.452329,-0.247329,-0.0589911,-0.508021
-4.51763,2.15487,0.347165,1.88278,-0.500516,0.335876,-0.220264,0.0467662,-0.323303,0.631121,-0.152217,0.19592,-0.107124,0.142156,0.409214,0.12993,0.280424,-0.530912,-0.241076,-0.472241
-4.87249,2.28652,0.448453,1.71398,-0.581227,0.299804,-0.0284673,0.241367,-0.36707,0.402481,-0.44761,0.214316,-0.0735955,0.439536,0.287498,0.0377947,0.153884,-0.565151,-0.189797,-0.0672657
-5.39523,2.77279,-0.234495,1.97108,-0.226171,0.168096,-0.20508,0.597953,-0.34496,0.266197,-0.381224,0.437739,-0.246094,0.340323,0.445876,-0.141374,0.154244,-0.746832,-0.357487,-0.111601
-6.44502,3.46436,-0.632241,0.926039,0.156827,0.713588,-0.23156,0.621898,0.134157,0.0824645,-0.265673,0.424594,0.180065,0.145315,0.3691,-0.10417,0.116138,-0.497912,-0.31637,-0.370692
-7.28825,3.28325,-0.061863,0.786825,0.269253,0.455381,0.449201,0.71057,0.169055,0.136564,0.116266,0.488307,0.0272698,-0.119024,-0.00106796,-0.112075,0.199436,-0.330397,-0.389797,-0.416048
-6.17399,3.83608,-0.212755,0.26612,-0.389416,1.13664,0.0237174,0.320612,-0.337265,0.271126,0.296688,-0.0082273,-0.176334,-0.000783939,0.343177,0.120554,0.379508,-0.630074,-0.540511,-0.229238
-6.20841,3.73498,0.00779437,0.51936,-0.143388,1.21034,-0.585177,0.216972,-0.40038,0.340398,0.335929,0.00278114,-0.282798,-0.125669,0.632201,-0.0412999,-0.0368554,-1.02128,-0.732474,0.111697
-6.21517,3.57496,-0.184879,0.877178,-0.20431,1.14288,-1.03768,0.191491,-0.189867,0.470963,0.0866586,0.0881323,0.191337,0.164628,0.455589,-0.214497,-0.213622,-1.03769,-0.464689,0.109841
-5.93366,3.49118,-0.631117,1.0046,-0.134069,1.11563,-1.4383,0.25264,0.168183,0.306006,-0.283112,0.246417,0.713132,0.143015,0.263929,-0.290318,0.0995929,-0.805804,-0.691027,-0.161366
-5.89741,2.99566,-0.0711613,1.28809,-0.329598,0.392633,-1.1682,0.649435,-0.0668621,0.0281409,-0.122196,0.451406,0.0721703,0.233363,0.48781,0.0379443,-0.237642,-0.85002,-0.187308,-0.182143
-5.53953,2.86627,-0.282652,0.981441,0.209581,0.0744457,-0.997867,0.52422,0.487136,0.00588573,-0.36335,0.370636,-0.0935058,0.0841326,0.288126,-0.00794192,-0.229561,-0.62213,-0.145836,-0.0537084
-6.09515,1.92275,0.845215,0.618362,0.964933,-0.0166114,-0.127181,0.0660186,0.358822,-0.0331435,0.0933628,0.0216165,0.00949102,-0.0900658,-0.061096,0.106223,0.0172301,-0.228828,-0.19785,0.0973857
-5.27259,1.82178,1.68559,0.424048,0.992201,0.342125,0.152488,0.39779,0.380142,0.128016,0.0684171,0.0809862,0.108222,-0.04208,0.0154479,-0.0330338,0.149349,0.0929194,-0.257576,-0.0199866
-6.8573,1.99935,0.761802,0.61907,0.918383,0.0392395,0.225062,0.279285,0.116726,0.0705517,0.126474,0.110158,0.240141,0.326688,0.200653,0.300066,-0.107369,-0.319004,-0.242046,0.162748
-5.94496,2.37579,0.172207,0.6989,0.368037,-0.0226306,0.515021,0.515214,0.215614,0.0422522,-0.0586713,0.15706,-0.0738957,-0.00416886,-0.332256,0.122684,-0.240621,-0.23885,-0.066082,-0.0517883
-5.5392,3.10224,0.201232,0.791766,0.113672,0.237133,-0.468031,1.1763,0.0871639,-0.233013,0.159108,0.318479,-0.0746379,-0.228024,0.0142025,-0.310072,-0.1853,-0.832227,-0.055375,0.132168
-5.4891,2.8096,-0.19173,1.0485,-0.190906,0.58913,-0.927311,1.019,0.139248,-0.271709,-0.0838668,-0.245233,0.0809578,0.494044,0.551737,-0.0732901,-0.390395,-0.885395,-0.409601,0.00514168
-5.49875,3.21239,-0.514463,0.521866,0.0304665,0.660103,-1.24179,1.10489,0.0627354,-0.017044,0.0257988,-0.374571,0.199963,0.528381,0.532275,0.271666,-0.0466224,-0.91149,-0.443874,-0.11841
-5.49538,3.10319,-0.487692,0.55791,-0.204704,0.651646,-0.830007,1.14629,0.0713665,-0.10345,0.108461,-0.125095,0.225704,0.498618,0.353871,0.16736,-0.016369,-0.778975,-0.445958,-0.134446
-5.62043,3.35535,-0.524675,0.667543,-0.0212719,0.895344,-0.963586,0.765972,0.0987184,0.278102,-0.222114,-0.144689,0.093731,0.630413,0.41789,-0.0126984,-0.146284,-0.822091,-0.413652,-0.0658774
-6.57349,3.48988,-0.044038,0.747679,0.0606051,0.721059,-0.290978,0.825682,-0.285945,0.388313,-0.164847,0.204103,-0.0550638,-0.102032,0.196577,-0.00456853,-0.0507034,-1.00158,-0.192957,0.0328665
-7.36981,3.81445,0.147755,1.14736,0.471864,0.465499,-0.218911,0.620904,-0.0922597,0.32916,-0.171633,0.218369,-0.242037,-0.0828485,-0.0206967,0.0299202,-0.0536612,-0.75509,-0.202467,-0.0661844
-7.09733,3.06924,1.16877,0.648575,0.506142,0.456371,-0.35073,0.384386,0.379304,-0.0581869,-0.0712713,-0.0249566,-0.0552545,0.190539,0.271976,-0.00960079,-0.0370802,-0.0059128,-0.342993,-0.059088
-7.52412,2.65029,1.53198,0.302049,1.45167,0.200829,0.126794,0.143042,0.184548,-0.20103,-0.163292,-0.0242909,-0.148646,0.167882,0.309408,0.359361,0.0497642,-0.392554,-0.163504,0.109672
-5.97293,2.4827,0.879596,0.38339,0.992919,0.17917,0.11738,0.376876,0.281159,-0.430664,-0.0672489,0.0803609,-0.457498,0.141128,0.296193,0.0785853,0.290068,-0.253173,-0.18171,-0.186281
-5.28716,2.27833,0.483632,1.21822,0.305934,0.117701,-0.289548,0.833037,0.0307831,-0.0276432,-0.00206972,0.0539764,-0.476594,0.387733,0.263201,-0.337869,0.192899,-0.806861,-0.102857,0.128765
-5.33816,2.41723,0.409014,1.4232,-0.181442,0.376278,-0.115415,0.700715,-0.240462,0.0802278,-0.34334,0.168866,-0.156542,0.375946,0.471377,-0.379984,0.224365,-0.836502,-0.254611,0.00576092
-5.84113,2.25415,0.474236,1.6628,-0.320499,0.505923,0.082233,0.440228,-0.168678,0.416354,-0.780218,0.336792,-0.0894381,0.00930439,0.453968,-0.0587104,0.37743,-0.605118,-0.411311,-0.194573
-7.22862,3.02504,0.705417,1.1766,0.141466,0.551185,-0.0978629,-0.00323076,0.0100749,0.101379,-0.0131089,0.24309,-0.396581,-0.022338,0.477127,-0.105815,-0.108585,-0.249369,-0.394266,-0.11493
-3.96724,1.34317,0.0492242,1.03903,0.443547,0.496601,0.00713082,-0.12484,0.458435,0.482811,-0.183576,-0.189369,0.167265,-0.367092,-0.130446,0.0222804,-0.0765952,0.0135525,-0.313103,-0.113646
-2.37905,1.51229,0.0878949,0.763144,0.462564,0.467211,0.220285,-0.153892,0.321499,0.287504,0.0655189,0.31695,0.224752,-0.0133923,0.144585,0.299873,0.177873,0.064631,-0.127818,0.111792
-2.95561,0.840244,0.770351,0.916265,0.045845,0.521825,0.407355,0.0625722,0.338884,0.172679,0.0712393,0.109209,0.219978,0.208832,0.152079,-0.012495,0.0769824,0.0999431,-0.140333,0.115618
-3.53359,0.455302,0.886831,1.24773,0.405202,0.444716,-0.000684934,0.0929502,0.289327,0.156289,0.226847,0.00195304,0.110979,0.42741,0.235509,-0.106844,0.0296333,0.103892,0.138792,-0.0152293
-3.74957,0.636191,0.844433,1.22489,0.216779,0.553347,-1.30961e-05,0.187766,0.0453307,-0.315498,-0.404164,-0.0912033,-0.00417812,0.0332008,0.0938761,-0.123623,-0.027946,-0.164028,-0.247329,0.109083
-4.2167,1.37457,0.262737,1.00827,-0.178058,0.446124,0.0478533,0.192886,0.0653853,0.0965597,-0.464666,0.0181958,0.0330277,0.166217,0.0251434,-0.0967708,-0.157441,-0.633003,-0.3714,0.0448706
-4.155,1.90913,-0.0188694,0.337708,-0.0902051,0.281374,-0.280078,0.0272635,0.176914,-0.153087,-0.158507,0.166483,0.0527156,0.082489,-0.180932,-0.463778,-0.56315,-0.41749,0.196113,0.325963
-4.60585,2.24344,-0.348968,0.40689,-0.349732,-0.0760503,-0.480503,0.126356,-0.0593853,0.148499,-0.181659,-0.165289,0.08852,0.0954441,-0.469979,-0.36981,-0.35821,-0.483966,0.25595,0.129584
-5.03578,2.41532,-0.72466,0.56793,-0.363053,-0.160022,-0.626662,0.42454,-0.333819,0.0610567,-0.235573,0.0381661,-0.183403,0.0223428,-0.239914,-0.854681,-0.411582,-0.488188,0.223466,0.0559519
-5.30167,2.66139,-0.753986,0.596061,-0.336316,-0.278752,-0.487268,0.385546,-0.338989,-0.033607,-0.198792,0.106485,-0.60785,-0.435568,0.0182483,-0.622871,-0.065634,-0.527307,0.401872,-0.0432196
-5.51698,2.62435,-0.574659,0.763139,-0.246191,-0.499426,-0.75716,0.64962,-0.215765,0.153312,-0.30588,-0.109679,-0.623978,-0.551844,-0.295632,-0.393647,0.222493,-0.420636,0.025076,-0.319596
-5.67511,2.60853,-0.442965,0.688119,-0.342585,-0.608596,-0.594839,0.775244,-0.447717,0.0642134,-0.568044,-0.124851,-0.7494,-0.737954,0.112772,-0.0843708,0.213877,-0.577139,-0.146474,-0.166966
-5.98563,2.69926,-0.653778,0.32251,-0.121536,-0.227091,-0.672593,0.77713,-0.482762,-0.161072,-0.413361,-0.0870322,-0.860804,-0.84282,0.266918,-0.147501,0.293104,-0.5963,-0.25601,-0.0894268
-6.05886,2.72984,-0.579709,0.492143,-0.0493078,-0.379427,-0.660459,0.762942,-0.391867,0.016982,-0.670689,-0.20463,-0.912396,-0.697793,0.0597871,-0.299163,0.0883151,-0.721695,0.0449998,-0.0539993
-4.7081,2.62684,-1.11479,0.351461,-0.416794,-0.266801,-1.24222,0.930619,-0.403239,-0.271821,-0.347588,-0.313575,-0.463086,-0.425636,-0.106367,-0.295277,-0.0461216,-0.753685,-0.0178949,-0.315363
-5.14537,2.58165,-1.68171,0.18314,-0.995184,-0.4607,-0.99984,0.986578,-0.564208,-0.284084,-0.162994,-0.332209,-0.146668,-0.320428,0.167756,-0.319103,0.0107263,-0.727807,-0.272471,-0.351331
-5.21188,2.60791,-1.75876,0.0336898,-0.874657,-0.31714,-1.13812,0.810167,-0.253103,-0.186933,-0.323591,-0.419152,-0.231932,-0.456369,0.2738,-0.185998,-0.30588,-0.755757,-0.156353,-0.039736
-5.39876,2.78275,-1.80751,0.177674,-0.485067,-0.0708918,-1.04429,0.833543,0.237534,-0.212502,-0.265996,-0.254694,-0.216963,-0.180516,0.349616,-0.439497,-0.302794,-0.866073,-0.101734,0.26656
-4.25406,2.2899,-1.48725,0.0155503,0.139014,-0.0191886,-0.331049,0.899591,0.300596,-0.296034,0.0762878,0.254831,-0.0439566,0.257387,0.110811,-0.597485,-0.352436,-0.485366,0.400825,0.618304
-3.79742,2.20572,-0.174665,0.0842613,0.686188,-0.215791,0.276869,0.673185,0.0357749,-0.296943,0.403195,0.341548,0.0819729,0.432416,0.0565741,-0.394938,-0.271685,-0.139809,0.525553,0.575157
-4.14818,2.35737,-0.270077,0.629332,0.256137,-0.191872,0.434072,0.716715,-0.0727694,0.0473068,0.147043,0.254888,0.174607,0.132828,-0.198362,-0.608573,-0.319077,-0.234238,0.578417,0.453773
-4.2736,2.5456,-0.245787,1.0487,-0.100861,-0.09294,-0.0419904,0.310413,-0.128915,0.365044,0.0264113,0.434921,0.265701,0.146716,-0.488801,-0.425747,-0.117626,-0.302083,0.656375,0.345544
-4.68859,2.97815,-0.177024,0.968765,-0.440132,0.117399,-0.186949,0.321114,-0.124105,0.424572,-0.000307762,0.390463,0.0590746,0.161817,-0.565207,-0.309225,0.108805,-0.49203,0.274778,0.0853502
-5.43604,3.65559,-0.403567,0.768527,-0.187161,0.0385678,-0.16131,0.345232,-0.0297846,0.303064,-0.0644101,0.137875,-0.0410814,0.283015,-0.226122,-0.245548,0.0162581,-0.364214,0.434429,0.110693
-5.82211,3.60715,-0.896758,0.801739,-0.24227,0.113717,-0.138009,0.147925,0.141495,0.160625,-0.280044,0.187595,0.119977,0.634118,0.205863,0.0227189,0.0329427,-0.21168,0.289748,0.0731721
-5.3787,3.0199,-0.0907748,0.478223,0.100125,-0.506259,-0.24906,0.0822008,0.540261,-0.0326936,-0.157435,0.206388,0.250935,0.250678,0.219746,0.148204,0.0450135,-0.378247,0.491726,0.340117
-5.42092,2.58235,0.189484,-0.0596194,0.337997,-0.858198,0.169792,0.0712302,0.663673,-0.256829,0.302214,0.0474869,0.479147,0.663809,0.20503,0.208985,0.121965,-0.257306,0.718451,0.196109
-5.09812,3.0883,0.27232,0.77125,0.432439,-0.476726,0.300423,0.0620717,0.120692,-0.737432,0.0278266,-0.257315,0.182302,0.374228,-0.0674169,-0.212497,-0.0686177,-0.166192,0.451688,0.261506
-4.61714,2.99883,-0.42035,0.843405,0.0971719,-0.136599,-0.255358,0.330662,-0.10823,-0.148458,0.534398,0.0615625,0.245423,0.60438,-0.249971,-0.570497,-0.00294015,-0.813158,0.0127639,0.177036
-4.71009,3.12117,-0.456505,0.904652,-0.22707,-0.21539,-0.199464,0.355538,-0.106673,0.0931228,0.413444,0.0814614,0.37807,0.696605,-0.0367138,-0.255522,-0.105333,-0.520428,0.0294194,-0.25027
-4.96177,3.26736,-0.453101,0.963092,-0.135726,-0.386472,-0.27745,0.433993,-0.223671,-0.082343,0.480561,0.112461,0.260217,0.65433,-0.0249191,-0.077896,-0.060655,-0.594,0.00599916,-0.391444
-4.70834,3.19586,-0.36693,1.00061,0.0257452,-0.434546,-0.333778,0.586124,-0.276496,-0.125233,0.328352,0.128666,0.048701,0.613907,-0.147038,0.0646279,-0.158141,-0.589146,-0.203468,-0.436885
-5.46514,3.48361,-0.36967,0.751505,0.285221,-0.486027,-0.265794,0.542941,0.104343,-0.146179,0.383117,0.369947,-0.0400607,0.589776,-0.072116,-0.129352,-0.144417,-0.4786,-0.0698106,-0.317124
-5.59359,2.70334,0.519582,0.380292,0.62352,-0.458482,0.157309,0.0777591,0.568935,-0.24463,0.273291,-0.0272726,-0.169519,0.264501,0.186206,-0.0680142,-0.0927912,-0.210466,-0.104794,-0.173394
-6.00578,2.74904,0.22551,0.408404,0.551754,-0.465208,0.530948,0.404413,0.934312,-0.308782,0.169828,-0.123736,-0.329651,0.247837,0.0502682,-0.115562,-0.0592318,-0.321603,-0.112269,0.200421
-6.78284,3.33917,-0.30873,0.751987,0.0725256,-0.213728,0.316627,0.38443,0.825865,-0.145147,-0.0491115,-0.133923,-0.141787,0.350064,0.196999,-0.105843,0.0981908,-0.352244,0.192965,0.0114484
-6.38988,2.91996,0.364468,0.622578,0.159114,-0.199393,-0.170813,0.102793,0.647647,-0.191556,-0.168319,0.121122,0.0281912,0.275427,0.0318468,0.0650948,0.110876,-0.372412,-0.100156,0.00503025
-4.7474,1.89131,1.40787,0.0444477,0.779435,0.113117,0.0270733,0.679048,0.377345,-0.26419,0.179735,0.254774,0.213801,0.0907156,0.25906,0.493358,0.12537,-0.160393,-0.011125,0.192437
-4.68317,2.6011,0.649526,0.489533,0.397992,-0.194971,-0.410805,0.294205,0.204664,-0.147256,0.130462,0.28751,0.0483467,0.318499,0.485362,0.41424,-0.155387,-0.647028,-0.134097,-0.170574
-5.50773,3.26895,-0.131664,0.759187,0.33073,-0.0504283,-0.417322,0.128567,0.207362,-0.162563,-0.251324,0.221926,0.0212338,0.30945,0.283897,-0.0691493,-0.0888057,-0.641239,-0.134925,-0.117211
-6.33427,3.40028,-0.440635,0.572039,0.426813,0.361887,-0.0776759,0.517128,0.342198,-0.0588883,0.0192673,0.288815,-0.177036,0.344761,0.330803,-0.0103202,-0.0325827,-0.581559,0.233089,0.0738988
-6.19313,2.88964,-0.391455,0.755966,0.574103,0.154613,0.00466416,0.316507,0.185645,-0.00910264,0.043016,0.330524,-0.311673,0.22257,-0.209616,-0.234723,-0.28367,-0.548118,0.207594,0.166472
-6.20358,2.92767,-0.0516901,0.685265,0.287547,-0.22665,0.0802525,0.371689,0.334147,-0.149472,-0.156336,0.31409,-0.286544,0.271986,0.0699367,-0.295116,-0.19497,-0.540153,0.140269,0.248636
-6.21711,2.68958,-0.0198618,0.424099,0.33953,-0.185916,0.0279069,0.40668,0.590394,0.0310033,0.126156,0.236823,-0.163776,0.260812,-0.0805397,-0.27643,-0.367036,-0.611169,-0.0710075,0.159794
-6.46962,2.64212,0.0705963,0.555797,0.376523,-0.12438,0.44558,0.35823,0.362092,-0.111325,-0.158159,0.203229,-0.217983,0.0766943,0.20027,-0.177297,-0.281563,-0.50955,-0.0360736,0.242928
-6.82153,2.83415,-0.00123723,0.734145,0.51052,-0.0394044,0.0382354,0.380502,0.600905,-0.142832,-0.0635192,0.17085,-0.00670981,0.273204,0.0136998,-0.229803,-0.182761,-0.424188,0.0994053,-0.143534
-6.85214,3.12166,0.0199566,0.182329,0.455473,0.17198,0.120456,0.394352,0.440002,0.000880969,0.0777404,0.0604596,-0.171429,0.317232,0.219198,-0.137041,-0.308155,-0.654647,-0.0748982,-0.110959
-6.70929,3.18915,0.211425,0.404115,0.249446,-0.18649,-0.28352,0.323025,0.619536,0.164894,0.139857,0.0827141,0.0415196,0.0886007,-0.0697795,0.126063,-0.113199,-0.720908,-0.339027,-0.00739197
-5.19867,3.26834,-0.433901,-0.0316082,-0.00670609,0.367188,-0.349228,-0.0711099,0.263303,0.199995,0.327853,0.194489,-0.131822,-0.00156745,0.0735773,-0.0489052,0.227066,-0.235997,-0.177229,-0.0695547
-5.09489,3.39397,-1.01171,0.0467897,-0.441151,1.14016,-0.897682,0.176138,0.536616,0.331138,0.142134,0.0665734,-0.190778,-0.0697762,0.381041,-0.15443,0.152266,0.0730932,-0.292419,-0.50107
-5.20465,3.57697,-1.4876,0.0528185,-0.336615,1.08732,-0.41758,0.192492,0.598129,-0.0352608,-0.106422,-0.119668,-0.190811,0.00518499,0.291213,0.0124046,0.540306,0.0908573,-0.16973,-0.467326
-5.17848,3.26976,-1.84453,0.166756,-0.0749994,1.04443,-0.346108,0.0779857,0.507572,-0.231813,0.158224,-0.0592421,0.0267779,-3.23732e-05,0.244841,0.00775481,0.497847,0.238837,-0.264325,-0.661366
-4.59506,3.31494,-2.48481,-0.0752783,-0.0145744,1.03674,-0.446717,0.346149,0.342084,-0.211087,-0.0236659,-0.172919,-0.0158547,0.023322,0.400287,0.151427,0.488789,-0.164317,-0.496666,-0.411594
-4.78847,3.16636,-2.21421,0.226618,-0.148614,0.964493,-0.705711,0.217374,0.409021,-0.269647,-0.161533,0.0334891,0.189929,0.360049,0.609241,0.206923,0.131316,-0.69707,-0.386702,0.107267
-4.73841,2.6392,-1.71929,-0.104784,-0.127649,0.531911,-0.368815,0.211761,0.555568,-0.359671,-0.157865,0.010642,0.0643698,0.28549,0.380158,0.355664,0.135653,-0.660565,-0.538481,0.18754
-3.12378,1.82188,-0.125928,-0.107008,0.982375,0.468752,0.168837,0.550329,0.568593,-0.186146,-0.146078,-0.0779555,0.0948353,0.31737,0.415558,0.389987,0.0500034,-0.400041,-0.325008,0.190551
-3.70443,2.61849,-0.866278,-0.176453,0.464867,0.17884,0.136259,0.414725,0.415588,-0.343615,-0.283099,0.1064,-0.0421059,0.152264,0.501788,0.354109,0.0421811,-0.200281,-0.182641,0.195142
-4.45052,2.96573,-1.4108,-0.0317438,0.106038,0.190544,0.111472,0.775766,0.438337,-0.252861,-0.430755,-0.0262637,0.0177845,0.153356,0.338153,0.16848,0.0391716,-0.501113,-0.225293,0.0172606
-5.02034,3.19959,-1.33619,0.456111,-0.0255875,-0.0806493,-0.0319761,0.751637,0.665977,-0.137449,-0.201388,0.23027,-0.133135,0.553115,0.435453,0.0139669,0.0697311,-0.496715,-0.21282,0.0431767
-5.06909,3.10803,-1.42853,0.690059,-0.0989025,-0.0369792,-0.374059,0.623955,0.346292,-0.0264824,-0.149524,0.315738,-0.233279,0.488905,0.341984,0.00935055,-0.0201436,-0.654933,-0.356043,-0.0739139
-5.34076,3.33678,-1.14681,0.571047,-0.102805,-0.198612,-0.69788,0.252924,0.15832,0.119226,-0.127912,0.543295,-0.168909,0.324133,0.253505,0.0191893,-0.0234754,-0.697236,-0.45382,-0.141974
-6.48949,3.53375,-0.952149,0.772967,0.080278,0.493023,-0.483207,0.0309789,0.410479,-0.243788,-0.183327,0.30475,-0.322558,0.292813,0.0389635,0.00185423,0.177644,-0.48629,-0.063945,-0.0344952
-6.90219,3.2485,-0.758829,0.655757,0.174799,0.282569,-0.128334,-0.06846,0.513264,-0.166064,0.00399712,0.310231,-0.0343022,0.0379696,0.0434942,-0.00137653,0.125186,-0.593187,-0.202057,0.0319071
-6.82071,3.24858,-0.785409,0.484068,0.217431,0.429469,0.201101,0.183082,0.553399,-0.269176,-0.0355576,0.142684,-0.282988,0.0309897,0.0920506,-0.0277239,0.0252299,-0.513017,0.00345291,0.0544818
-6.26988,3.11306,-0.554962,0.68986,0.161396,-0.0608894,-0.173133,0.137212,0.495337,-0.315607,-0.0481919,-0.0211361,-0.0830137,0.175961,0.101428,0.101242,-0.0169919,-0.387757,-0.250992,-0.0392265
-5.21865,2.61423,-0.48417,1.12414,-0.273074,-0.0390309,0.0152966,0.371955,-0.174701,0.0471358,-0.384987,0.0402606,-0.157502,0.301098,-0.0350757,-0.300589,0.390675,-0.697155,-0.444551,0.120935
-5.03232,2.14837,-0.378194,1.26517,-0.164945,0.162785,0.200869,-0.0558664,-0.210847,0.388285,-0.680492,0.0825375,-0.0145991,0.0456455,-0.0484033,-0.134639,0.13625,-0.820582,-0.216907,-0.121396
-5.34627,2.03586,-0.04396,1.10837,-0.359654,0.31717,0.291528,-0.141683,0.0641425,0.594331,-0.787957,0.113583,-0.0997424,-0.00657416,0.187544,-0.150679,-0.0305881,-0.652042,-0.370594,-0.376074
-5.43816,1.99576,-0.329133,1.24753,-0.234883,0.234623,0.32388,0.110291,-0.0916401,0.5439,-0.491827,0.240727,-0.339118,-0.0650414,0.149815,-0.216933,-0.100232,-0.947494,-0.366278,-0.133742
-5.36693,2.13374,-0.138568,1.17434,-0.213014,-0.173112,0.267913,0.229603,-0.0814305,0.410439,-0.369113,0.173571,-0.228362,0.00935129,-0.225963,-0.218004,0.0823379,-0.864774,-0.473216,-0.177692
-5.28088,2.33125,-0.437076,0.934587,0.116409,-0.0293521,-0.116873,0.264185,-0.166049,0.222244,-0.29079,0.175315,-0.579625,0.210545,0.215467,-0.247813,0.118661,-0.560306,-0.440454,-0.361645
-5.29495,2.66371,-0.144462,0.406483,0.256235,-0.0488704,-0.50188,0.427891,0.0802166,0.234084,-0.452094,0.191619,-0.414623,0.265234,0.134036,-0.31438,0.147503,-0.715753,-0.441339,-0.377749
-4.49139,2.29675,-0.112441,0.316235,0.235329,0.294478,-0.294668,-0.103639,0.118211,0.301348,-0.341684,-0.193847,-0.00665462,0.416939,0.0191695,-0.417951,-0.301427,-0.356778,-0.383922,-0.390933
-1.86772,1.78119,0.122837,0.879285,0.391474,0.54758,0.269869,-0.209211,0.092389,0.2692,-0.134843,0.0120876,0.253706,-0.0650156,0.0768713,-0.116666,-0.255575,-0.302248,-0.36443,-0.0272583
-2.15191,1.57257,0.232328,0.34199,0.142931,0.604967,0.240113,-0.210941,-0.016919,0.183453,0.171597,0.351668,0.22592,-0.088264,-0.0255817,0.20623,0.139068,-0.234531,-0.597901,0.0508686
-2.79934,1.06314,0.570698,0.694413,0.232247,0.689587,0.167497,0.131785,0.107283,0.254507,0.348418,0.214736,0.0218474,0.107629,0.0657694,0.18103,-0.0529529,-0.398384,-0.427507,-0.096434
-3.82712,0.477013,0.486745,0.893638,0.382978,0.563714,0.165694,0.315875,0.237292,0.206354,0.159991,0.153592,0.026181,0.114467,0.207596,0.0763439,-0.0180142,-0.353967,-0.468862,-0.207111
-5.04321,0.720488,0.583477,1.23888,0.184841,0.485846,0.0981172,0.250504,0.416521,0.237636,-0.0819496,0.0518434,0.247927,-0.140565,0.0142583,0.211971,-0.0655398,-0.278862,-0.371623,0.029486
-5.8249,1.47906,0.215086,0.605723,0.129998,0.423263,0.0483992,-0.0623674,0.449061,0.151456,0.143101,0.00696846,-0.155587,0.0309794,0.285388,0.313493,0.231318,-0.0775969,-0.291148,-0.196876
-6.89668,2.21385,0.244933,0.401882,0.289263,0.266929,-0.0977475,-0.0983404,0.26099,-0.0209616,-0.0626433,-0.0291857,-0.200537,-0.0171776,0.110473,0.256042,-0.182721,-0.154238,-0.263919,0.00368505
-6.90421,2.76392,-0.150892,0.527571,0.21522,0.06166,-0.472904,-0.223632,0.12513,-0.0857602,-0.243847,0.0262067,-0.231942,-0.137734,-0.214055,0.112517,-0.0014982,-0.415468,-0.325651,-0.198489
-7.33771,3.04601,0.0140047,0.436582,0.188189,0.141595,-0.724688,0.0189232,0.449965,-0.0579527,-0.503703,-0.122943,-0.0359682,0.137994,-0.290579,0.00105844,-0.197901,-0.506966,-0.389015,-0.173038
-7.69459,3.32877,-0.383958,0.759323,0.233452,0.291355,-0.591644,0.118431,0.198494,-0.329542,-0.391876,0.148117,-0.0547169,0.307803,-0.450192,-0.141292,-0.242378,-0.580498,-0.203036,0.00685795
-8.37542,3.5243,-0.508367,0.773999,0.151769,0.452394,-0.518615,0.104828,-0.0484296,0.0381668,-0.370381,0.0493315,-0.250424,0.0551033,-0.224239,0.0603884,0.0176306,-0.419885,-0.194089,-0.323459
-8.76433,3.78943,-0.477422,1.01006,-0.0647952,0.117191,-0.226786,-0.00643445,-0.0112165,-0.110604,-0.195126,0.276335,-0.241621,-0.104946,-0.242483,0.11242,0.166814,-0.627783,-0.464258,-0.282053
-7.81966,4.10381,-1.02153,0.315539,-0.126002,0.812797,-0.445266,0.020436,0.0919008,-0.173165,-0.3959,-0.237935,-0.128647,0.0869038,-0.0955573,0.248242,0.151593,-0.574047,-0.230276,-0.437753
-5.52369,3.63281,-1.72486,0.20557,-0.281764,0.883223,-0.965618,0.363115,0.0686722,-0.397684,-0.123943,-0.0736768,-0.0491284,-0.26404,-0.146643,-0.0211576,0.0893218,-0.45656,0.177808,-0.175056
-4.16707,3.47211,-2.16674,0.263753,-0.178872,0.712355,-0.797608,0.682852,0.244286,-0.219505,-0.246009,0.0908595,-0.294549,-0.0150167,0.0483634,0.0923107,0.214791,-0.603419,0.0514912,-0.271378
-4.50295,2.81361,-2.29219,0.566346,-0.0794665,0.435811,-0.587245,0.57795,-0.107364,-0.323757,-0.505518,0.16977,-0.388069,0.0395352,0.392076,0.00368647,0.374093,-1.01262,-0.287536,-0.50781
-4.94504,2.81619,-2.05282,0.378455,-0.121015,0.281724,-0.524756,0.619439,0.243809,-0.201825,-0.375672,0.150008,0.22263,-0.152816,0.371333,-0.104619,-0.273153,-0.818235,-0.218086,0.122239
-6.0609,3.49609,-1.8859,0.418078,0.146242,0.113383,-0.313589,0.47,0.151312,-0.0932779,-0.185397,0.0649254,0.0507241,-0.384652,-0.301237,-0.147894,-0.342486,-0.649435,0.312175,0.161674
-6.57769,2.08216,0.247158,-0.512983,0.904792,-0.39055,-0.0593495,0.118807,0.169689,-0.0297504,-0.115738,-0.0806198,-0.206106,-0.260907,-0.250421,0.340985,0.00818103,-0.321535,0.150408,0.0322924
-6.74758,1.92183,0.389263,-0.315777,0.836314,-0.185558,-0.35972,0.282702,0.400699,-0.305565,-0.00602383,0.113712,-0.0144208,0.200526,0.106741,0.30986,-0.102408,-0.468395,-0.0428305,-0.0620592
-7.5667,2.35927,0.194868,0.00996762,0.593608,-0.0240629,-0.511617,0.2121,0.452631,-0.276109,-0.559783,0.182369,0.144376,0.0266661,0.15805,0.356528,0.190357,-0.289094,-0.00916969,-0.117283
-7.8568,3.11749,-0.352143,0.196705,0.704201,-0.208723,-0.17413,0.0809858,0.278138,-0.226144,-0.230579,0.309132,0.0880196,0.0414301,0.0245811,0.263315,0.175146,-0.349524,-0.0873155,-0.202483
-7.86066,2.99594,0.190091,0.0654024,0.554528,-0.206076,0.139442,-0.0194244,0.322865,-0.305418,-0.0954768,-0.201141,-0.178388,-0.0769595,0.185634,0.0842108,0.157344,-0.33008,0.0480933,-0.158005
-6.90221,3.75782,0.191262,0.0699062,0.380519,0.201915,-1.07787,-0.374737,-0.0987456,-0.236418,0.0396613,-0.0643086,-0.5085,-0.0178322,0.051902,-0.068787,0.446251,-0.485392,0.0731382,-0.103969
-6.84193,3.59664,-0.532604,0.213319,-0.232772,0.838822,-0.922866,-0.135644,-0.452235,-0.058365,0.0933407,0.223563,-0.0943105,0.132481,0.380574,-0.0448397,0.0697525,-0.558432,0.0262866,-0.384205
-7.30951,3.76549,-0.381519,0.108388,-0.408511,0.913654,-0.751025,0.113868,-0.316578,-0.315009,-0.230306,0.294299,-0.149961,0.222727,0.0595991,0.302213,0.241871,-0.361019,-0.136894,-0.68
-7.17064,3.81299,-0.20863,0.100844,-0.210081,0.757787,-0.762541,0.134654,-0.331287,-0.00752764,-0.105698,0.360284,-0.134067,0.229073,0.00784847,0.0640999,0.14958,-0.263032,-0.197993,-0.921088
-6.49285,3.66251,-0.46779,0.44517,0.139692,0.858696,-0.951013,-0.0339935,0.247539,0.708879,-0.421776,0.327272,0.0386582,0.660225,0.23622,-0.155033,0.324064,-0.313245,-0.122889,-0.702199
-6.03038,3.33451,-0.608607,0.989042,-0.250535,0.812558,-1.30664,0.297493,0.292551,0.22019,-0.254327,0.549049,0.330251,0.239787,0.0366348,0.0159631,0.608172,-0.287419,-0.21424,-0.678319
-6.34273,3.68786,-0.78183,1.23254,-0.090152,0.345084,-1.02931,0.586385,0.431053,-0.295057,-0.0160178,0.441614,-0.217969,0.205133,0.0494518,-0.0220264,0.302661,-0.280313,-0.0422861,-0.594187
-5.44069,2.96187,-0.95376,1.45387,-0.505155,0.192833,-1.02848,1.03183,-0.137757,0.156779,0.181969,0.668064,-0.330026,0.174632,0.0809019,0.107323,0.350986,-0.187052,-0.0826801,-1.0063
-5.45245,2.63234,-0.888806,1.1015,-0.401091,0.233963,-0.604564,1.17557,-0.0166415,0.167884,-0.0592266,0.178625,-0.515248,0.378384,0.211884,0.333674,0.535713,0.0204813,0.00245922,-0.871121
-5.64195,2.64773,-0.624242,0.855055,-0.565234,0.0406517,-0.412724,1.12695,0.19458,0.272995,0.00405875,0.133201,-0.503492,0.247783,0.164304,0.39383,0.556006,0.0799277,-0.129046,-0.83545
-5.98525,2.92553,-0.794959,1.06642,-0.479543,0.108174,-0.37486,1.09475,0.163483,0.249396,0.0179634,-0.105392,-0.572277,0.322526,0.18476,0.345185,0.551731,0.103367,-0.0936856,-0.995534
-5.93658,3.06738,-0.643698,1.18951,-0.457493,0.180261,-0.668444,1.02561,-0.103082,0.119217,0.136639,0.223399,-0.350632,0.232015,0.153107,0.214924,0.403571,-0.00751532,0.0247087,-1.05135
-6.51467,3.26135,0.138183,1.41069,0.206746,0.550563,-0.830498,0.914419,-0.0349236,-0.2347,0.36288,0.435496,-0.38394,0.269239,0.290258,0.545236,0.257291,-0.180302,-0.198349,-0.945388
-4.70027,2.11109,1.53478,0.363231,0.92642,0.104677,-0.0416052,0.675931,-0.00272167,-0.363201,0.522011,0.0663229,0.0576056,0.214007,0.225194,0.112679,0.0788328,-0.0393996,-0.225774,-0.285663
-5.32574,2.38747,1.16245,0.579347,0.644858,-0.310475,-0.118293,0.422238,0.152595,-0.175101,0.48216,0.196333,-0.174055,0.0567245,0.110132,0.391071,0.142044,0.122152,-0.103521,-0.278223
-6.03243,2.92274,0.657581,0.622194,0.455256,-0.0281616,-0.600011,0.59298,0.13499,-0.179771,0.422914,0.311363,-0.145577,0.0562749,-0.0743758,0.267339,-0.0487188,-0.10807,-0.248733,-0.609397
-4.94031,2.96633,-0.236626,0.908673,-0.227059,-0.0950055,-0.526671,0.956565,0.0422848,0.256172,0.525104,0.360612,-0.484837,0.167701,0.112027,0.225332,0.131731,0.0536627,-0.102358,-0.831255
-5.07079,3.23582,-0.964657,0.349428,-0.420212,-0.015403,-0.15005,1.04958,0.162675,0.0938945,0.120275,-0.0399864,-0.520732,0.150179,0.0507325,0.284027,0.397469,0.114341,-0.0970032,-0.547625
-5.23268,2.76734,-1.15632,0.676612,-0.0934473,0.313941,-0.115278,1.00405,-0.0636643,0.035994,0.173291,0.184749,-0.504725,-0.0223843,-0.0656389,0.298883,0.556101,0.457977,0.154723,-0.769402
-5.26678,2.85821,-1.29466,0.383986,-0.199319,0.339226,-0.106021,0.870535,0.205463,-0.00853324,0.126252,0.251483,-0.365084,-0.10579,-0.123149,0.295529,0.455348,0.24156,0.0741937,-0.769035
-5.53298,2.91266,-1.45617,0.621262,-0.0217194,0.481579,-0.16338,0.854114,0.147376,-0.16153,0.0486882,0.326303,-0.252474,0.0512481,0.00649114,0.410096,0.56954,0.319859,0.112868,-0.855882
-5.58517,2.83216,-1.80917,0.56121,-0.124292,0.444322,-0.0271269,0.922662,0.319889,-0.111246,0.144386,0.39652,-0.0531095,0.0301299,0.00445367,0.267161,0.444373,0.194085,0.181365,-0.852606
-5.59558,2.88129,-1.71902,0.58598,-0.00361125,0.312066,-0.114437,0.919666,0.132625,-0.0989898,0.103686,0.324009,-0.120386,0.0333501,-0.201649,0.257635,0.578854,0.421665,0.24969,-0.719735
-5.62994,2.84686,-1.66586,0.623518,-0.126001,0.313762,-0.319386,0.779693,0.0868697,-0.0755272,0.13769,0.37794,0.024891,0.123997,-0.118312,0.32245,0.730942,0.628237,0.362557,-0.842983
-5.76172,2.70445,-1.7344,0.663437,-0.325737,0.336634,-0.0732468,0.884084,-0.00522291,0.10056,0.244878,0.367709,-0.209132,0.135513,-0.149391,0.355134,0.678192,0.440981,0.160528,-0.820205
-5.8821,2.72335,-1.59627,0.700163,-0.550485,-0.0276715,0.184359,0.859616,0.240958,0.087714,0.235234,0.237526,-0.426051,0.332431,-0.0431171,0.299422,0.640486,0.483465,0.242853,-0.60949
-6.45782,2.72313,-1.16682,1.17831,-0.449765,-0.147085,0.053941,0.72616,0.251341,0.370164,-0.0645779,0.275927,-0.425244,0.292302,0.0193595,0.221716,0.890384,0.277062,0.132682,-0.714945
-6.56136,2.89886,-0.606897,1.69438,-0.514646,-0.190661,0.0869221,-0.023651,0.00271537,0.365231,-0.297567,0.430942,-0.124269,0.284223,-0.293769,0.492288,0.904937,0.186309,-0.118108,-0.569546
-8.45843,3.51756,-0.476101,1.34097,0.248076,0.451871,0.0967956,0.0423328,0.142658,0.108461,-0.178978,0.417384,0.0333701,0.367114,-0.23103,0.12958,0.394644,-0.00727154,0.0904415,-0.327336
-8.28023,2.86386,-0.38354,0.723264,0.187868,0.402287,-0.0440889,0.147562,0.683565,0.452076,-0.106487,0.488113,0.0895561,0.153766,-0.0360919,0.216814,0.0485284,0.00346628,0.0257965,-0.164157
-7.55144,2.45679,-0.207647,0.580518,0.311567,0.102306,-0.249754,0.220739,0.673147,0.217669,0.27425,-0.00150131,0.286373,0.0838665,-0.146283,0.49169,0.0641932,0.138228,-0.198159,-0.22313
-5.73446,1.35981,1.47788,0.23065,1.00876,0.419333,0.125906,0.453034,0.230218,0.00474966,0.366104,0.15724,0.252537,0.0570952,-0.0801824,0.281326,0.227242,-0.0362571,-0.156226,-0.0435329
-6.15042,1.78687,1.31355,0.516059,0.735032,0.310482,0.259588,0.444055,0.615186,0.0484418,0.277934,-0.00835455,-0.0677475,0.0970062,-0.0393841,0.16908,0.145861,0.37393,-0.061848,0.0539267
-7.48205,1.75222,1.00599,0.677528,0.0753379,0.0768959,0.1098,0.317135,0.233284,0.1548,0.383667,0.18184,-0.120433,0.0990959,0.0450622,0.313865,0.43049,0.304902,0.0528914,-0.175047
-7.3494,2.46611,0.665753,1.27164,0.394785,0.43353,0.408543,0.022169,0.386133,0.0433697,-0.0292131,0.189026,0.0561659,0.0437292,-0.00503836,-0.0806418,-0.0126364,-0.163912,0.101272,-0.44105
-6.83798,2.5214,0.525803,1.57226,-0.115965,0.458008,0.484424,0.102346,0.096497,0.273429,-0.301463,0.252618,-0.062457,0.0708569,0.174447,-0.216822,0.341392,-0.328924,-0.0315444,-0.470659
-6.82031,2.55313,0.4147,1.30332,-0.324924,0.348317,0.0451849,0.353314,-0.087862,0.265645,-0.200572,0.141266,-0.201848,-0.0136379,0.144647,-0.364617,0.476085,-0.331192,-0.4247,-0.738819
-7.11948,2.77675,0.281266,1.25952,-0.0165008,0.546003,-0.566739,0.332808,0.025663,0.26311,-0.19149,0.261537,0.199979,-0.13096,0.133485,-0.550687,0.38165,-0.37449,-0.361026,-0.667179
-6.89594,2.71132,0.0855248,1.60934,-0.166229,0.367842,-0.544929,0.370864,0.000237032,0.158563,-0.342757,0.0919616,0.0508956,0.0421939,0.43642,-0.37438,0.510519,-0.1755,-0.459787,-0.708286
-6.54455,2.29257,0.228984,1.7227,-0.364217,0.130102,-0.566847,0.386511,-0.000555351,0.315977,0.13787,0.0348791,-0.0951158,0.0563133,0.379451,-0.312271,0.575742,-0.129163,-0.535991,-0.872899
-7.59984,2.88313,0.275698,1.18587,-0.138368,0.482412,-0.430686,0.714244,0.345554,0.0290366,-0.0110611,0.203036,-0.108595,0.115132,-0.0140433,-0.217127,0.338344,-0.0627436,-0.293321,-0.424541
-6.32833,2.70358,-0.0803385,1.56943,-0.245362,0.06581,-0.72083,1.00136,-0.282546,-0.0165573,0.199312,0.161246,-0.0908373,0.440421,-0.0228589,-0.280962,0.208874,-0.494083,-0.0384383,-0.810191
-6.0833,2.5046,0.11168,1.38092,-0.405915,-0.337302,-0.550992,0.688537,-0.503591,0.495147,0.29188,0.185302,0.0919963,0.204783,-0.0472055,-0.0758614,0.15515,-0.187561,-0.288084,-0.916028
-5.99161,2.47432,-0.117415,1.32078,-0.671055,0.0140265,0.0409045,0.991488,-0.233711,0.330756,-0.237507,-0.071738,-0.180532,0.328298,-0.0364212,0.110799,0.270379,0.0598673,-0.149164,-0.795777
-5.90392,2.45791,-0.172264,1.13877,-0.57437,-0.109955,0.0702532,0.833706,-0.134262,0.411645,-0.0738552,0.0288532,-0.406372,0.0872105,-0.0473923,0.0991695,0.373706,0.0746093,-0.237564,-0.852254
-6.01683,2.47429,-0.349799,1.11581,-0.470453,-0.0357102,0.137721,0.873435,0.0321247,0.428538,-0.146402,0.0454065,-0.522738,0.194988,0.00348401,0.0458244,0.555667,0.0652017,-0.21327,-0.924283
-6.16242,2.71037,-0.443374,1.18799,-0.354253,-0.0977095,0.0233119,0.873889,0.073277,0.0780464,-0.180654,0.115685,-0.800351,0.410311,0.0444734,0.00784446,0.572906,0.0425651,-0.195976,-0.978359
-6.09023,2.97003,-0.863653,1.08991,0.0286669,0.0302049,-0.616819,0.87609,0.402522,-0.0973887,-0.258138,0.419109,-0.415522,0.243727,0.275499,0.0452027,0.407787,-0.241389,-0.313043,-0.683811
-7.36051,2.97605,-0.02206,0.825705,0.239914,0.540526,-0.421523,-6.27089e-05,0.422839,0.156435,0.0708645,-0.0362466,-0.013933,0.0250426,0.207404,0.249649,0.0263194,-0.132891,-0.369838,-0.288814
-2.32682,1.25366,0.0692119,0.720832,0.307149,0.61574,0.152358,-0.0692672,0.538626,0.610183,-0.271506,-0.165235,0.121921,-0.239447,0.104206,0.101035,-0.114318,-0.0331623,-0.314762,0.0203679
-2.93542,1.22746,0.300179,0.824118,0.505227,0.606557,0.406677,0.010502,0.153593,-0.0193701,-0.0385134,0.388618,0.164467,-0.170936,0.102232,0.372643,0.27227,0.00844476,-0.233832,0.155425
-3.49599,0.341642,0.53303,0.968185,0.313552,0.558129,0.18923,0.357574,0.447192,0.476035,0.183549,0.185968,0.265983,0.42508,0.350833,0.121015,-0.0161855,0.0793213,-0.134984,-0.0615426
-3.39995,0.707182,0.755234,1.1621,0.342477,0.285975,-0.0377156,-0.0137781,0.0943684,-0.0501976,-0.0474697,-0.131131,-0.0451672,0.264306,0.294944,0.113427,0.0448075,0.149642,0.108918,-0.152331
-4.17456,0.668535,0.638515,1.39144,0.0146217,0.342872,0.1292,0.0975087,0.16589,0.23281,0.29653,0.243753,0.179276,0.0312385,0.0375658,0.1857,0.0824884,-0.0557583,-0.394487,-0.551509
-5.16062,1.21629,0.495998,1.28814,0.0341574,0.0249868,-0.137822,0.000275197,0.201866,0.518173,0.13643,0.315043,0.0884463,0.228042,0.0185138,0.114094,0.236546,-0.37824,-0.353494,-0.662406
-5.80437,1.57353,0.63349,1.41666,-0.0132049,-0.10567,-0.467169,0.110381,0.0938355,0.203487,0.179624,0.0912514,-0.267589,0.373835,0.0957516,-0.0164403,0.198903,-0.159681,-0.275028,-0.795808
-7.16684,2.08548,0.54475,1.24966,0.0476982,0.0322887,-0.313427,0.270891,0.068817,0.217544,0.0682819,0.111452,-0.299009,0.0404467,0.0348062,-0.0200553,0.00385093,-0.489339,-0.115327,-0.610442
-9.10762,2.46059,0.445626,1.12835,0.279367,-0.155197,-0.20362,0.460312,0.191931,0.29052,0.178068,0.0381747,-0.4796,-0.203517,0.131391,0.0762749,0.283631,-0.302108,-0.356355,-0.319293
-9.11201,1.6426,0.934402,0.19023,0.545351,-0.00610378,0.0448477,0.513388,0.482022,0.136112,0.16373,0.20363,-0.296393,0.110228,0.00389681,0.0645215,0.133662,-0.222467,-0.244837,-0.2165
-9.19841,1.05242,1.21607,0.00440018,0.61738,-0.159645,0.0908409,0.104172,0.276617,-0.308706,-0.0227172,0.359264,0.0399863,0.11826,-0.022475,0.14147,0.353108,-0.0266427,-0.547242,-0.455723
-9.10672,0.765575,1.1824,0.0709979,0.370422,-0.440506,0.14929,0.0512,0.318945,-0.00515668,0.0533713,0.0125478,0.0484379,0.303411,-0.19844,-0.0740565,0.0997821,-0.198047,-0.227804,-0.122733
-6.82222,2.94923,0.501544,0.590835,0.248571,-0.545991,-0.622892,-0.266003,-0.324604,-0.688491,-0.146534,-0.174044,-0.431247,0.175199,-0.111991,-0.00795028,0.0250961,-0.179523,-0.119844,-0.552596
-6.10609,2.26351,-0.634219,0.630406,-0.450448,-0.486071,-0.938582,0.464353,-0.0893355,0.0331068,0.405877,0.349281,-0.271081,0.0845599,-0.294445,-0.0588631,-0.000316977,-0.46551,-0.385903,-1.12902
-6.26403,1.92772,-1.08699,0.564058,-0.508593,-0.44571,-0.552965,0.626206,0.235558,0.0810697,0.0336868,0.139924,-0.400881,-0.401618,0.0714247,0.290791,0.141971,-0.16967,-0.297366,-1.034
-6.31116,1.66711,-1.27358,0.28707,-0.613575,-0.456223,0.0609188,0.755831,0.219207,0.0827634,-0.107099,-0.068999,-0.655333,-0.113481,0.298537,0.0181658,0.284785,-0.111237,-0.281953,-0.882173
-6.83564,1.89885,-1.00053,0.685296,-0.60693,-0.656225,0.0928444,0.474183,0.361003,0.423701,-0.00906214,-0.0361952,-0.647173,-0.0199242,0.0655932,0.054397,0.597573,-0.0603052,-0.312142,-0.86033
-6.62584,2.02938,-0.64001,0.988114,-0.722427,-0.40997,-0.0179194,0.240234,0.132795,0.582611,-0.0235999,0.0584687,0.0460671,0.201656,-0.0897007,0.02713,0.433572,-0.201237,-0.530394,-0.997155
-5.59067,1.55989,0.559276,1.09705,0.0903322,-0.368919,0.207706,-0.0256754,-0.0374759,0.56265,0.113383,-0.0159277,0.232418,0.337491,0.125942,0.442223,0.424403,0.0166833,-0.245402,-0.85918
-6.80092,1.40639,1.45952,1.01141,0.320446,-0.343619,0.484213,0.149984,0.279287,0.288601,0.322708,-0.0876856,0.133921,0.307779,-0.128994,0.163299,0.261691,-0.0346338,-0.388911,-0.445275
-8.45535,1.52199,1.27973,1.04254,0.4869,-0.00976902,0.417749,0.342161,0.337364,0.543931,0.498791,0.055561,0.00244071,0.0879065,-0.0514479,0.0537522,0.221352,0.0211987,0.0102904,-0.272679
-9.15678,2.37237,0.943644,1.49865,0.767462,0.0903863,0.448167,0.469964,0.305676,-0.0229145,0.011734,-0.102618,0.0803271,0.260136,0.159054,0.282404,-0.00523166,-0.126065,-0.0318839,-0.135486
-9.67078,2.74293,0.572638,1.41772,0.392565,0.133742,0.210583,0.587844,0.638206,0.26593,0.241274,-0.171019,-0.130986,0.198802,0.0383761,0.428497,0.346845,0.00499539,-0.0641137,-0.448861
-8.42383,2.8619,1.13144,1.31929,0.347884,0.0281741,0.498811,0.616279,0.167626,0.013305,-0.20578,-0.126956,-0.359606,0.193043,0.209271,0.374788,0.51576,0.0842917,0.0343183,-0.253623
-9.2925,3.4541,0.814858,1.32247,0.321626,0.336309,0.455651,0.325755,0.101552,-0.0378695,0.128897,0.0126139,-0.612648,0.0790577,0.138158,0.275521,0.574848,0.416151,0.179411,-0.00197594
-9.31548,3.80718,0.667815,1.08603,0.445285,0.683238,0.473221,-0.0174567,-0.127442,0.0816779,-0.0856623,0.0209694,-0.300769,0.0411032,0.0349167,0.36793,0.335951,0.125767,0.0852703,0.153206
-9.03876,3.30509,0.79232,1.0031,0.485038,0.696969,0.350849,-0.321694,-0.328634,0.178137,0.105904,0.211144,0.0621585,0.287875,-0.215036,0.128502,0.318147,0.0932387,0.202528,0.261593
-8.28446,2.71599,1.4036,0.38761,0.727984,0.220312,0.506658,0.0751497,-0.180165,-0.0398776,-0.0860108,-0.0776372,-0.141883,-0.205723,0.0830074,0.208961,0.236371,0.173942,-0.0126324,0.0810276
-7.48413,2.64609,0.847524,0.174738,0.890008,0.244869,0.130415,0.0971737,0.147282,-0.0231733,-0.248976,-0.271308,0.0574622,0.282519,0.0232839,-0.0800255,-0.121838,0.143991,0.312432,0.299799
-8.60597,2.68981,1.46545,0.229744,0.359325,0.34568,0.413843,0.304312,-0.135163,-0.404467,-0.370461,-0.120083,0.209673,0.14825,0.0849187,-0.113033,0.160696,0.0556757,0.0995673,0.199359
-9.41041,2.89711,1.30087,0.30449,0.331029,-0.0363571,0.0868287,0.344328,0.100802,-0.0223584,-0.171501,-0.0938785,-0.0662555,0.0819082,-0.0534145,0.209829,0.093497,0.204394,0.0786487,-0.0605563
-8.6054,3.4932,0.965987,-0.103824,0.40887,0.274911,0.324841,-0.170112,-0.410533,-0.52404,-0.106709,0.249378,0.0268815,-0.073,-0.16314,-0.0623428,0.136028,0.410511,0.223124,-0.106529
-8.16054,3.70697,0.292822,-0.303187,0.606244,0.857659,0.111296,-0.840272,-0.860062,-0.292792,0.235462,0.0407549,-0.124987,0.0784056,-0.0113192,0.0106347,0.239815,0.411224,0.20162,0.00246671
-7.42307,2.77924,-0.0665983,0.589554,0.787355,0.203863,-0.589853,-0.354882,0.215933,-0.511548,-0.117559,0.399625,0.130845,-0.0333267,-0.0513696,-0.17449,0.195817,0.194209,0.122774,0.143715
-7.18691,2.39965,0.298342,1.3668,0.147984,-0.274432,-0.140057,0.0859066,-0.352758,-0.52942,0.102458,0.0171751,-0.218392,0.165665,0.126216,-0.0591645,0.00737678,0.180998,0.0260731,0.00970904
-7.49505,2.72885,0.810694,1.38253,-0.112303,0.233153,0.128902,0.24766,-0.5417,-0.0760174,0.165286,0.172883,-0.159405,0.328215,-0.126563,0.117374,0.17026,0.0870362,0.183754,0.0717712
-6.91086,1.25485,2.39143,0.525851,0.785057,0.202805,-0.0261659,0.423138,-0.101357,-0.232716,0.536673,-0.0395115,0.355939,0.381272,0.0403644,0.0813845,0.160228,0.220491,0.117604,0.163909
-6.57826,2.18069,2.41426,0.270785,0.671599,0.356767,0.284087,0.405859,0.376235,0.136739,0.12457,-0.0712408,0.0562628,0.245693,0.0258264,-0.096877,-0.0212742,0.168297,0.119923,-0.0131956
-7.66843,3.52977,1.83431,0.370895,0.404916,-0.126032,0.28576,0.388547,0.1572,0.168902,0.153704,0.035389,0.175648,0.259823,0.265534,0.122012,-0.132499,-0.0469767,-0.0493751,-0.0905743
-8.63432,4.49821,1.34962,0.525534,0.227214,-0.0589564,0.111257,0.319113,-0.188631,-0.123002,0.0713716,0.0152517,0.49035,0.533679,0.134825,0.137037,-0.0344116,0.170717,-0.0328543,0.0637295
-8.9405,4.96601,0.890511,0.678869,0.374186,0.296305,-0.155114,0.248789,-0.118866,-0.251573,0.169371,0.397021,0.426019,0.181761,0.0974884,0.147608,0.0424267,0.0229023,-0.0503538,-0.107277
-6.55178,4.44988,0.23627,-0.667986,-0.351793,2.00665,-0.856753,0.417585,-0.34375,0.060281,0.499014,-0.124101,0.132574,0.134091,0.266345,0.226948,0.0917387,-0.104569,-0.0772924,-0.119846
-5.06578,4.23096,-0.386988,-1.15544,-0.497808,1.8571,-0.692688,0.834581,-0.250628,-0.168708,0.519121,-0.0757188,0.27876,-0.152535,0.17691,0.163476,-0.0327094,0.113278,0.111369,-0.0599452
-5.91462,3.84943,0.114098,-0.288337,-0.353114,1.69022,-0.487987,0.665682,-0.370716,-0.213708,0.645959,0.109459,0.610762,-0.370937,-0.604139,-0.0878673,0.349581,0.785949,0.359315,-0.460371
-6.10016,3.64388,-0.182336,0.16097,-0.398883,1.38413,-0.0426889,0.519846,-0.0628315,-0.460694,0.715712,0.366672,0.513783,-0.411682,-0.717391,0.0833191,0.252899,0.973567,0.0294243,-0.520214
-6.66443,3.72095,0.170297,-0.0801564,-0.182796,1.43613,-0.153988,0.643419,0.0093726,-0.665051,0.91255,0.267403,0.42338,-0.291356,-0.832448,-0.102709,0.226879,0.935768,0.394723,-0.113272
-6.31144,3.3722,-0.00107607,-0.30133,-0.0518277,1.50722,-0.141894,0.679464,-0.308118,-0.299465,1.29761,0.165261,0.353522,-0.484515,-0.873957,-0.0498278,0.404024,0.934544,0.234679,-0.345414
-5.91059,3.38224,-0.582239,-0.352836,0.322413,1.43995,0.0690865,0.776655,-0.629495,0.181421,1.03826,-0.283512,-0.14406,-0.898634,-0.277505,0.708991,0.833021,0.335387,-0.327783,-0.214405
-6.06621,3.66997,-0.421883,-0.55588,0.302534,1.1328,-0.432892,0.547521,-0.576675,0.351857,1.01408,-0.385648,-0.157806,-0.412976,0.00668619,0.996695,0.732482,0.0329335,-0.170815,-0.0906299
-6.72427,3.73541,-0.161572,-0.0917291,0.00644295,1.32576,-0.297835,0.719573,-0.59661,0.316018,0.777475,-0.0399556,-0.408509,-0.793334,0.095913,1.10635,0.852363,0.00524593,-0.372574,-0.251826
-6.79312,3.60907,-0.18791,-0.227567,-0.116456,1.60211,-0.0932454,0.514913,-0.483642,0.477466,0.575338,-0.056545,-0.24923,-0.677092,0.143359,1.03467,0.854844,0.0489655,-0.507013,-0.242733
-6.71243,3.5195,-0.119268,-0.0906369,0.23724,1.62474,-0.604211,0.623455,-0.279593,0.438646,0.529758,-0.0339506,-0.343055,-0.810072,0.256896,0.740736,1.13948,-0.0070856,-0.686377,-0.367819
-6.34047,3.37008,-0.378413,0.116512,0.150085,1.085,-0.378716,0.746238,-0.216899,0.499703,0.400799,-0.0956671,-0.0317889,-0.982544,0.169239,0.878552,0.984848,0.0186698,-0.602634,-0.507787
-6.33235,3.55862,-0.354591,-0.0489372,0.706403,0.79394,-0.413208,0.86187,-0.144672,0.209537,0.646708,-0.257185,-0.308439,-0.695571,-0.203932,0.742101,0.76118,0.365425,-0.394767,-0.603729
-4.48435,2.1559,0.425057,-0.406291,1.55719,0.527673,-0.774304,0.55909,0.678309,-0.0263956,0.211877,0.145538,-0.176766,-0.746488,-0.619795,0.338439,0.529687,0.718848,0.231647,-0.536781
-4.30312,2.32138,0.494648,-0.200884,1.34553,0.242821,-0.225594,0.66232,0.509375,-0.113889,0.265927,0.55527,-0.0580851,-0.515823,-0.451101,0.0571837,0.0808562,0.355419,0.761512,0.210768
-4.73859,2.58995,0.216455,0.0409395,0.911071,0.096472,-0.481861,0.854817,0.17825,0.0340668,0.395717,0.391996,-0.289641,-0.157604,-0.380378,-0.192754,-0.106171,-0.117815,0.423812,0.110922
-5.21504,2.86681,-0.072133,0.119569,0.620362,0.305914,-0.542677,0.92609,-0.064198,-0.000971928,0.420367,0.572196,-0.270223,-0.065047,-0.491762,-0.273946,0.155425,-0.198885,0.497456,0.197295
-5.56514,3.30777,-0.248461,0.397087,0.598181,0.906864,-0.92931,0.851189,0.00413966,-0.264476,0.0612076,0.625772,-0.357374,-0.0614631,-0.208701,-0.164781,0.18333,-0.403817,0.425104,0.0788527
-5.21881,2.8061,-0.171501,0.568739,0.249894,0.406217,-0.513475,0.972506,-0.26206,0.0777084,0.34386,0.547792,-0.0955665,-0.186459,-0.579783,-0.375294,-0.233457,-0.214456,0.778862,0.220144
-5.30215,2.87258,-0.306467,0.326928,0.629554,0.274375,-0.487216,1.03443,0.0247871,0.155195,0.192647,0.441449,-0.0976995,-0.202896,-0.797657,-0.292955,-0.226752,0.00207299,0.763189,0.162401
-5.65688,3.01341,-0.475117,0.18369,0.531537,0.680875,-0.598378,0.890071,0.141228,0.410571,0.147314,0.610228,-0.0130866,-0.652884,-0.698719,-0.268295,-0.312953,0.0497717,0.620754,0.37778
-5.8001,3.25723,-0.553786,-0.191515,0.63225,1.18152,-0.836691,0.76802,0.0970388,0.464548,0.0726403,0.670516,-0.254855,-0.519524,-0.309328,-0.523212,-0.252277,-0.0259356,0.66203,0.676529
-6.27786,3.95893,-0.773291,-0.266639,0.0996834,1.07166,-0.161675,0.776781,-0.321317,0.368398,0.171129,0.512624,-0.21454,-0.285685,-0.117478,-0.44451,-0.365159,-0.197761,0.703733,0.784932
-7.53666,3.91294,-0.400888,0.0109498,0.431614,1.2764,0.0526273,0.964346,-0.567954,0.206664,-0.158307,0.146399,-0.0761815,-0.291401,-0.181588,-0.0275414,-0.189147,-0.0299574,0.13977,0.450631
-7.55898,3.84151,-0.347463,-0.0817839,0.384963,0.879032,0.123056,1.14887,-0.351746,0.154413,-0.0411677,0.166305,-0.235771,-0.31187,-0.342743,-0.213641,-0.0876472,0.0318356,0.257023,0.628415
-6.11861,3.5225,-0.532045,-0.376003,0.12181,0.846124,-0.15708,1.04985,0.000872309,0.191011,0.158128,0.268456,-0.357882,-0.773484,-0.635771,0.118898,0.516462,0.6625,0.853379,0.0160605
-6.19143,3.29174,-0.462254,-0.486847,0.164945,0.918391,-0.133034,1.05889,-0.0680862,0.246625,0.116484,0.394254,-0.240067,-0.8848,-0.460861,0.000754323,0.932024,0.658999,0.773755,-0.135575
-6.38283,3.43915,-0.216477,-0.551148,0.0469929,1.10205,-0.188685,1.09722,-0.21088,0.0579145,0.397426,0.330043,0.0831988,-0.895896,-0.399627,-0.348062,0.625637,0.736255,0.955297,-0.0784066
-6.73622,3.34232,-0.0340359,-0.364701,0.151767,1.29605,-0.476095,1.07297,-0.13827,-0.105477,0.352422,0.492746,0.0455166,-0.638353,-0.722322,-0.515436,0.483561,0.78066,1.13325,0.0819412
-6.93897,3.62366,0.0881885,-0.102411,0.0459066,0.900298,-0.542741,1.14677,-0.22148,-0.0143288,0.341861,0.520175,-0.0861941,-0.870512,-0.695406,-0.390584,0.508743,0.898758,1.1222,0.0269744
-6.98223,3.70215,-0.0878347,-0.028591,-0.032795,0.684936,-0.259477,0.964394,0.0724294,-0.173662,0.240786,0.464341,-0.212314,-0.742421,-0.563506,-0.143367,0.503794,0.772799,0.825315,0.173908
-2.72537,1.68464,-0.175753,0.578545,0.159376,0.306298,0.256143,-0.0511177,0.383548,0.365718,-0.118617,-0.0864073,0.338373,-0.276477,-0.242116,-0.166977,-0.176966,0.490593,0.0419478,0.156041
-2.28625,1.6998,0.140995,0.573306,0.297926,0.62662,0.441397,-0.0726599,0.291075,0.130111,-0.100646,0.280944,0.440997,0.224697,-0.0942844,-0.180719,-0.0218824,0.23053,0.0986701,0.118252
-2.77911,0.958796,0.516079,0.486338,-0.237432,0.41282,0.456982,0.289323,0.365541,0.063654,0.115247,0.0902517,0.210417,0.146177,0.134478,0.0664768,0.156544,0.143685,0.00760704,0.323615
-3.26627,0.769347,0.422465,0.735486,0.136252,0.535318,0.406976,0.302706,0.275171,-0.0210517,0.190814,0.263057,0.0700728,0.119665,0.215193,0.15362,0.0264327,-0.13347,-0.129537,-0.0338406
-3.05244,1.43113,-0.0100103,0.00792668,-0.16691,0.57673,0.266011,0.041868,0.131558,0.140602,0.233559,0.12174,-0.177373,-0.14087,0.157,-0.120442,-0.441618,-0.311127,-0.140748,0.282869
-3.64826,2.08628,-0.718807,0.0587211,0.026644,0.669951,-0.0395065,-0.136696,0.362308,0.650746,-0.054572,0.0692768,0.0423118,0.102267,0.0886734,-0.374429,-0.542863,-0.349003,0.268424,0.637008
-4.22876,2.18226,-0.900513,-0.0124907,0.0758534,0.326472,-0.373795,0.111483,0.62253,0.165159,-0.358484,0.0794312,0.212004,0.111103,0.221073,-0.129469,-0.298839,-0.261507,-0.504312,0.038115
-4.82889,2.59563,-1.18111,0.217093,0.069682,0.342045,-0.370141,0.0943917,0.0897191,0.0112987,-0.389793,0.0737421,0.308667,-0.138573,0.268015,-0.184351,-0.672344,-0.267996,-0.677827,-0.0605183
-4.43784,2.76542,-1.56237,0.273633,-0.276316,0.448855,-0.80927,0.351831,0.363701,0.0216958,-0.48817,0.21823,0.340758,-0.126931,0.222669,-0.687102,-0.572619,-0.316795,-0.261499,0.49736
-4.7284,2.67696,-1.41663,0.463041,0.323418,0.805243,-0.628643,0.505856,0.0265109,-0.11793,-0.465513,0.291056,0.29113,-0.240874,-0.17955,-0.911566,-0.313233,-0.216381,0.479414,0.850099
-5.00972,3.16753,-1.07903,0.499744,0.308119,0.743088,-0.722769,0.282718,0.0925729,-0.0754532,-0.457978,0.288346,0.368262,-0.295262,-0.462863,-0.862554,-0.300567,-0.309059,0.461818,0.833083
-4.78921,3.26603,-1.30975,0.490444,0.202207,0.598239,-0.915962,0.401458,0.176307,0.125329,-0.310242,0.395774,0.509989,-0.0936214,-0.348187,-0.925251,-0.271791,-0.459982,0.347302,0.732177
-4.84798,3.03925,-1.16939,0.614482,0.201776,0.811547,-0.995234,0.247432,-0.00836224,0.104984,-0.296461,0.588636,0.433239,-0.150613,-0.44356,-0.623505,-0.200386,-0.457368,0.298421,0.807012
-5.15521,2.9794,-1.18417,1.035,0.0758306,0.532103,-1.04692,0.619728,0.0796532,0.23283,-0.230921,0.703797,0.438909,-0.2956,-0.534058,-0.723984,-0.267248,-0.277042,0.441362,0.456583
-5.61458,3.05263,-0.782843,0.899021,-0.0465978,0.771207,-0.608151,0.475825,-0.120227,0.338446,-0.11,0.682944,0.0322041,-0.420831,-0.383497,-0.850982,-0.192858,-0.418269,0.581283,0.281035
-5.9243,3.3652,-0.849142,0.410228,0.322347,1.01487,-0.334528,0.288331,0.173298,0.199823,-0.336626,0.558053,-0.303596,-0.152961,-0.298213,-1.05901,-0.268837,-0.428545,0.151572,0.407323
-6.63739,3.31684,-0.519366,0.172731,0.341602,0.938201,-0.337891,0.444508,0.263412,0.412059,-0.47769,0.604953,-0.0672243,0.040466,-0.384244,-0.690145,-0.392112,-0.487024,-0.260412,0.196142
-6.34549,3.60833,-0.515739,0.281525,-0.00659143,0.959863,-0.415327,0.395583,0.28867,0.475776,-0.251149,0.283222,-0.178092,-0.188657,-0.282838,-0.543265,-0.179617,-0.488976,-0.309444,0.0386811
-5.97098,3.12237,-0.0207775,0.451304,-0.038327,0.695897,-0.216718,0.218738,0.47804,0.437921,-0.0532223,0.291076,-0.00922393,0.0856341,-0.125327,-0.474813,-0.23429,-0.33422,-0.36198,0.0293601
-5.46585,2.2618,0.83125,0.0251836,0.56068,-0.0673442,0.199653,0.217594,0.607093,0.00888944,0.104907,0.256369,0.126639,0.342786,-0.262881,-0.669135,-0.106677,-0.05123,-0.362101,0.110374
-5.79753,2.14619,0.742054,0.0682032,0.657952,0.554216,-0.356201,0.39164,0.46977,0.205962,0.121335,0.052563,0.32436,0.00816844,0.04949,-0.185709,-0.0109927,-0.132611,-0.229855,-0.0863699
-5.81479,2.12312,0.863715,-0.276106,0.753732,0.648198,-0.208479,0.17712,0.149564,0.520427,0.277877,0.218084,0.0516369,0.0235604,-0.108872,-0.174144,0.0141319,0.0476749,0.183457,-0.0395289
-6.27932,1.66312,0.764521,-0.0233551,0.997441,0.302305,-0.0133777,-0.0230769,0.209426,0.279568,0.317034,0.32996,0.172265,0.193292,-0.110519,-0.393112,0.0751936,-0.0220453,0.11925,0.347346
-6.39085,1.33214,0.50363,0.124116,0.483586,0.41608,0.0746146,-0.066832,0.0625905,0.593212,0.442254,0.45738,0.444752,0.611704,-0.146914,-0.258816,0.173507,-0.277381,-0.038318,0.309871
-7.95348,3.00093,-0.250454,0.0415686,0.685374,0.345733,0.320405,0.196949,0.454031,0.400692,0.248512,0.666433,0.299987,0.319882,0.0418163,-0.399448,-0.0561393,-0.345766,-0.187246,0.237219
-7.41295,1.96224,0.0868849,-0.0591548,0.233916,0.81389,0.149936,0.157698,0.63414,0.379383,0.0790982,0.492219,0.147626,0.387618,-0.16358,-0.294908,0.0458824,-0.252179,0.016784,0.200068
-6.29747,1.86877,0.560021,0.851255,-0.192359,0.942356,-0.0925933,-0.0776972,0.5997,-0.0480624,-0.610015,0.109824,-0.105194,-0.0929827,0.0212935,-0.372701,-0.395995,-0.129897,-0.151625,0.232647
-6.25595,1.38555,0.420737,1.36462,-0.368058,0.923947,0.0110281,-0.136209,0.499163,0.236007,-0.585823,0.406702,-0.0523767,-0.453325,-0.171463,-0.360609,-0.404791,-0.232629,0.014363,0.0655591
-6.23901,1.85516,0.00833718,1.01964,-0.529305,0.560146,-0.0377403,-0.0613891,0.225954,-0.0796711,-0.693969,0.435173,0.238234,-0.302813,0.00424891,-0.572677,-0.282612,-0.440294,-0.211906,-0.0868691
-6.03874,2.08053,-0.220357,0.965854,-0.333376,0.608912,-0.194389,0.158677,0.230702,0.195213,-0.414671,0.436653,0.0456169,-0.0606529,-0.0519669,-0.708468,-0.459475,-0.647995,-0.349736,-0.09291
-6.07429,2.22818,-0.382473,0.841448,-0.309127,0.347918,-0.422599,-0.0864108,-0.148943,-0.0668061,-0.525019,0.51672,-0.094522,-0.0942445,0.104992,-0.508915,-0.452167,-0.747251,-0.612377,-0.172564
-6.16908,2.22301,-0.300172,0.738019,-0.489988,0.300622,-0.549394,-0.0410316,-0.0020251,0.146262,-0.465102,0.378745,-0.201254,-0.165494,0.0633295,-0.499571,-0.696912,-0.856651,-0.45842,0.08561
-6.4377,2.25475,-0.210773,0.914112,-0.257415,0.432293,-0.660423,-0.14864,-0.140473,0.119976,-0.458007,0.184639,-0.27075,-0.16084,-0.130559,-0.459305,-0.48146,-0.851814,-0.246338,-0.0173342
-6.46166,2.31802,-0.500998,1.12864,-0.458806,0.191363,-0.494424,0.203922,-0.415655,-0.107919,-0.39083,-0.0792932,-0.535008,0.0361704,-0.227002,-0.499081,-0.325514,-0.870451,-0.383356,-0.040164
-7.50546,3.10907,-0.426588,0.661753,-0.201375,0.0582243,-0.575482,0.0447293,-0.122552,-0.291521,-0.541391,0.0806068,-0.259672,-0.0238345,-0.252359,-0.655627,-0.121369,-0.405021,-0.1727,-0.247961
-6.25809,2.71486,0.136512,1.32161,-0.306867,0.550886,-0.184346,0.379269,-0.0287556,0.279183,-0.116425,-0.0123604,0.0492486,0.29841,-0.0269917,-0.274752,0.452122,-0.678672,-0.265751,-0.454768
-5.42756,1.91381,0.955689,0.575588,0.203678,0.0757535,0.046552,0.0444918,0.364726,0.129485,-0.156249,-0.187745,0.264179,0.248999,-0.239055,0.034403,0.187253,-0.359224,-0.320761,-0.202207
-4.93751,1.86648,1.59691,0.549093,0.613112,0.273322,0.257414,0.191333,0.424594,0.443048,0.0916339,-0.0215722,0.419229,-0.00947894,-0.327052,0.161271,0.215813,-0.323542,-0.133122,0.0804196
-5.92394,2.5504,1.11481,0.974923,0.11884,0.0173657,0.0112115,-0.0838317,0.546346,0.551606,0.423097,0.138369,0.171975,-0.0714295,-0.232205,0.114892,0.236829,-0.382901,-0.0854636,-0.0737393
-6.43156,3.58087,0.779088,0.987938,0.149213,0.38227,-0.0984255,-0.19176,-0.180978,0.221488,0.280618,0.274453,-0.0766881,-0.0259274,0.06315,0.292496,0.324114,-0.297095,-0.110237,-0.127295
-7.89433,4.3012,0.176984,0.860415,0.330743,0.589082,-0.253966,-0.248182,0.372804,0.351905,0.183514,0.253414,0.302803,0.155276,0.159434,0.355542,0.114832,-0.210608,-0.113949,-0.0235063
-8.08188,4.44235,0.276827,0.791629,0.207213,0.762653,-0.453898,-0.33707,0.328751,0.56179,0.278243,0.275058,-0.0139173,0.189067,0.332531,0.472809,0.376067,-0.303331,-0.359906,-0.0598669
-7.52488,3.88426,0.448263,0.982844,0.414125,0.701599,-0.613431,-0.171362,0.0137455,0.101814,0.445163,0.0717712,0.00407052,0.246686,0.01507,0.331895,0.172152,0.223161,0.0130986,-0.0433896
-6.50858,3.52005,0.678526,1.04867,0.126557,0.591555,-0.36507,0.107113,0.153465,0.0828179,0.407956,0.0210634,0.133169,0.364104,-0.0291199,-0.00872032,0.232685,0.0682059,-0.451954,-0.0897745
-7.1012,4.26213,0.31079,1.19362,0.472924,0.317986,-0.172191,-0.266269,0.322415,0.174611,0.0756463,-0.0014833,-0.0465447,0.0537657,0.304713,-0.166662,0.39071,0.331827,-0.110815,-0.173313
-6.79111,4.3598,0.175692,0.93505,0.706666,0.323488,-0.173527,-0.341502,0.498966,0.161142,0.190268,-0.166853,-0.269438,-0.0905209,0.382398,0.016299,0.316618,0.09356,-0.0444381,0.058182
-6.66315,4.14812,-0.0409484,1.19511,0.383272,0.398024,-0.364753,-0.430583,0.445057,0.132216,0.0726952,0.0205003,-0.270731,0.152797,0.318524,-0.0342082,0.279289,-0.0363257,0.243986,0.0707681
-6.74713,4.10937,-0.0714249,0.796712,0.404804,0.283726,-0.298907,-0.253792,0.834914,0.28399,0.296132,0.159472,-0.370833,0.0660319,0.122196,0.0747717,0.344841,0.0911754,0.19198,0.0298537
-6.96411,4.05381,-0.0890545,0.776237,0.486641,0.419039,-0.190003,-0.29513,0.885582,0.597285,0.460316,0.401549,-0.331721,-0.0130186,-0.0641532,0.0277513,0.429525,0.0465562,0.0550099,0.0470985
-7.40079,4.06352,-0.00894678,1.00937,0.678257,0.328268,-0.0948862,-0.238606,0.682541,0.555388,0.0273631,0.103722,-0.20938,-0.010926,0.072992,0.240178,0.483809,-0.000160739,-0.0756895,0.101882
-7.41534,4.40267,-0.236761,0.832534,0.295771,0.433165,0.0316235,-0.0610663,0.529392,0.23079,-0.160022,0.119776,-0.481048,-0.0228005,0.0619311,0.205102,0.602508,0.0862261,0.152307,0.0882862
-7.25655,4.29369,-0.354249,0.998427,0.592834,0.587316,0.0451096,-0.00618833,0.634025,0.0762988,-0.0259593,0.0944879,-0.41744,-0.132843,0.0770121,0.0610689,0.595156,-0.0737038,0.24387,0.148904
-7.21331,4.51608,-0.0518282,0.851968,0.492214,0.615436,-0.162827,0.0548443,0.51295,0.129826,-0.228438,0.0330085,-0.203658,0.102104,0.1422,-0.00227086,0.421595,0.0278945,0.172335,0.0837471
-6.27328,3.89359,-0.182853,0.552735,0.389135,0.330088,-0.131572,0.0605874,0.566809,0.282136,-0.196337,0.062332,-0.11017,0.0346435,-0.0650286,0.129442,-0.114351,0.309363,0.0980386,0.121593
-5.23335,2.71088,0.557452,-0.167452,0.52079,0.184916,-0.139078,0.0254326,0.486364,0.0733162,-0.138819,-0.0538362,0.356448,0.147196,0.0330972,0.292091,-0.0131995,0.0836183,0.178711,0.153827
-4.50415,2.22325,1.63073,-0.0321808,0.707979,0.254286,-0.0658186,0.370384,0.533668,0.158684,0.240557,-0.171655,-0.0965995,0.267641,0.200022,0.148735,0.323191,0.20848,0.138648,0.18824
-5.40786,2.91586,0.875413,-0.137913,0.304961,0.263042,-0.131116,-0.0811071,0.424939,0.17246,0.0110858,-0.176445,-0.253605,0.065131,-0.0554108,0.311457,0.417918,0.0468195,-0.265023,-0.0141035
-6.07321,3.18387,0.145388,0.502024,0.423497,0.0246493,-0.423882,-0.057788,0.566533,0.0803547,-0.0941247,-0.198597,-0.491241,-0.321916,0.125962,0.609285,0.551061,-0.0572116,-0.203277,-0.0775587
-6.98972,3.8084,0.231472,0.821392,0.128232,0.11437,-0.163547,0.0885116,0.626017,0.0976214,-0.466472,-0.190884,-0.020749,-0.110111,-0.0012167,0.466505,0.452248,0.170443,-0.131272,-0.196495
-6.44014,3.66733,-0.367801,0.308905,-0.0692841,0.724631,-0.400564,0.46212,-0.0166834,0.0706444,-0.473326,-0.503445,-0.189483,-0.0762912,0.146955,-0.0544884,0.113003,0.242479,-0.098431,-0.149039
-6.28138,3.76233,-0.582697,0.282938,0.00845932,0.800434,-0.576816,0.600192,0.149211,0.306165,-0.359015,-0.498264,-0.251936,0.173978,0.233158,0.0806231,0.267049,0.15707,-0.113172,-0.12858
-4.27424,2.99326,-1.14448,-0.421467,0.230915,1.438,-0.60498,0.832226,-0.0704303,0.448493,-0.115436,-0.193165,-0.161194,-0.080298,0.351346,-0.186988,0.0449763,0.0423559,-0.0302077,0.174686
-4.01776,3.26555,-1.74756,0.0128049,0.0113496,1.16557,-0.70073,0.343875,-0.137441,0.241442,-0.181174,-0.190347,0.168928,0.041882,0.614745,-0.141926,0.0853329,-0.0696921,-0.00081188,0.139913
-4.96979,3.5481,-1.74541,0.2785,0.0131377,1.03291,-0.393774,0.53722,0.27078,0.235533,-0.154347,-0.613066,-0.00398862,-0.0371745,0.461376,0.0150385,0.0517602,-0.0638359,-0.184083,-0.109427
-5.08392,3.79464,-1.77593,0.296409,-0.215796,0.862621,-0.551917,0.326112,0.16976,0.279052,-0.0591144,-0.661958,0.169181,0.0850818,0.445415,0.0734354,0.113547,0.163051,-0.0374788,-0.123187
-4.7512,3.44109,-1.75572,0.634025,-0.0477854,1.11346,-0.506606,0.342797,0.271168,-0.15171,-0.15139,-0.554935,0.129737,-0.211754,0.444067,0.0832585,0.235419,-0.0486712,-0.316513,-0.137093
-4.50159,3.28803,-1.38976,0.673172,-0.240668,0.860707,-0.550701,0.620988,0.295529,0.0596073,0.0703,-0.418066,0.25145,-0.481108,0.249743,-0.0320302,0.248054,-0.00801031,0.000192301,-0.0279934
-3.8278,2.91006,-1.32725,0.660975,-0.332997,0.351004,-0.644146,1.11341,0.0865394,0.220527,0.146332,-0.308943,0.173971,-0.297754,0.306603,0.121013,0.02855,0.0263506,0.024955,-0.436088
-4.08708,2.77163,-1.37176,0.713571,-0.442886,0.648297,-0.591893,1.51323,-0.226168,0.772466,-0.189075,0.13208,-0.241296,0.368495,0.0941333,-0.00164299,-0.222637,-0.352654,-0.395226,-0.164935
-4.42566,3.06064,-1.17637,0.869613,-0.350796,0.806857,-0.54833,1.19465,-0.356312,0.811239,-0.342211,0.306645,-0.333433,0.386086,0.0877631,-0.501562,-0.289895,-0.637735,-0.227473,0.208552
-4.76046,3.09976,-1.13481,0.901571,0.0417802,0.800288,-0.508777,0.874839,0.0133435,0.674381,-0.361296,0.13123,0.0134904,-0.213274,0.166984,-0.559957,-0.398887,-0.587877,0.209908,0.109147
-5.29819,3.24753,-0.484746,0.746744,0.0990812,0.777671,-0.388294,0.562455,0.165298,0.561514,-0.328149,0.0493623,-0.150826,-0.376576,0.292527,-0.242418,-0.145213,-0.713174,0.0249144,0.118188
-4.09029,2.25036,-0.19639,0.601247,0.234381,0.52641,-0.0725582,0.117809,0.256537,0.434716,-0.437578,-0.054871,0.0936623,-0.130456,0.212231,-0.0923417,-0.246941,-0.323514,-0.239874,0.0796899
-1.82344,1.73756,0.136098,0.84771,0.427997,0.576474,0.0384612,-0.0954749,0.383445,0.39139,-0.119655,0.0937499,0.118766,-0.140361,0.0792297,0.147807,-0.0790534,-0.244952,-0.153322,0.120621
-2.59266,1.11726,0.233675,0.498966,0.110722,0.295516,0.0203828,-0.00322179,0.14256,0.00111848,0.0105139,0.342648,0.143634,-0.128261,0.22756,0.305839,0.216291,0.0150747,-0.190462,0.25303
-2.97278,0.846407,0.550208,1.10229,0.50526,0.393015,-0.10776,0.219186,0.392294,0.151507,0.102102,0.0484228,0.0663112,0.219487,0.221269,-0.0292141,-0.428629,-0.425522,-0.117237,0.214592
-3.20025,0.971139,0.419725,0.932766,0.239223,0.116408,-0.116531,0.261625,0.158169,0.0613327,-0.0862678,0.16114,0.0403898,0.041602,0.178005,-0.110821,-0.406631,-0.279511,0.0845183,0.0729334
-3.69574,1.4883,0.0683741,0.914702,0.0552944,0.183845,-0.270346,0.378569,0.108079,0.0282516,-0.231085,-0.0625348,-0.0873495,-0.0494447,0.25823,-0.0751133,-0.446633,-0.314882,0.0865402,0.165958
-3.85891,1.75874,-0.544554,0.493535,-0.163534,-0.124842,-0.466488,0.679984,0.25328,0.0266186,0.0877115,-0.0851047,-0.197259,0.14645,0.386157,-0.0944559,-0.403145,-0.700497,-0.206543,0.0935338
-4.57604,2.08956,-1.24851,0.22844,-0.0642367,0.0761806,-0.427356,0.654847,0.100723,-0.174294,-0.0816062,-0.164039,-0.0572671,0.375672,0.494371,0.21448,-0.509474,-0.760314,-0.354551,0.0632979
-5.16403,2.59727,-1.4639,0.196316,-0.188563,0.224569,-0.737067,0.768687,-0.0967663,-0.270398,-0.508398,-0.366713,-0.00957777,0.132396,0.630546,0.0915257,-0.481593,-0.880283,-0.570291,-0.113611
-5.15812,2.7357,-1.8509,0.210767,-0.292568,0.0847742,-0.900747,0.647589,-0.0490991,-0.0409603,-0.56117,-0.19342,-0.122534,-0.00661992,0.41841,-0.191409,-0.384687,-1.07887,-0.540208,0.229414
-5.05355,2.5713,-1.83333,-0.207415,-0.181681,0.502626,-0.860704,0.714628,0.250353,0.0597456,-0.378909,-0.404128,-0.127059,-0.0492606,0.335807,-0.348856,-0.530101,-0.894079,-0.29662,0.597773
-5.12816,2.81835,-1.77412,-0.315197,-0.368484,0.424901,-1.11889,0.521584,0.198476,-0.00825634,-0.463314,-0.43516,0.119954,-0.110073,0.242757,-0.343738,-0.640567,-0.661739,-0.386893,0.638656
-4.66755,2.89575,-1.69377,-0.169379,-0.386698,0.659857,-1.02442,0.642704,0.301114,0.234985,-0.271576,-0.304583,0.252886,-0.163675,0.344245,-0.188422,-0.655634,-0.561475,-0.380882,0.444469
-4.75936,2.80273,-1.70061,-0.0967701,-0.502466,0.516374,-1.10848,0.404306,0.284367,0.0210568,-0.272924,-0.408404,0.213039,-0.11562,0.588674,-0.168686,-0.370946,-0.528295,-0.367637,0.478384
-5.08945,2.89093,-1.87736,-0.318388,-0.582417,0.264048,-1.04164,0.604156,0.0654111,0.0536277,-0.441862,-0.374827,-0.0301003,-0.0359062,0.48085,-0.210522,-0.181265,-0.637537,-0.281951,0.245984
-5.19553,2.48864,-1.76962,-0.195636,-0.737224,-0.00527947,-0.907945,0.647401,0.271931,0.0406635,-0.476925,-0.0439258,-0.140427,-0.136453,0.350897,-0.163391,-0.160446,-0.938207,-0.260779,-0.0138937
-5.31353,2.4073,-1.97657,-0.200014,-0.629088,-0.283668,-0.716023,0.558985,-0.0617637,-0.291012,-0.444993,-0.133058,-0.395503,0.21517,0.514299,-0.0895916,-0.212413,-1.22082,-0.0929007,0.0345154
-5.45393,2.2422,-1.58397,0.0690245,-0.672884,-0.178475,-0.383937,0.550621,-0.0510539,-0.284024,-0.19287,-0.154562,-0.527938,0.358612,0.474527,-0.298061,-0.40797,-1.01683,-0.254974,0.0174065
-5.43514,2.66642,-1.25345,0.0666407,-0.283604,-0.22299,-0.0196931,0.449573,0.128492,0.0466519,0.222113,-0.437214,-0.450389,0.416157,0.403449,-0.190704,-0.433012,-0.973124,-0.21068,0.163449
-4.20099,2.005,-0.398123,0.0587816,0.0676609,-0.369804,0.316903,0.272366,0.354542,-0.0663431,0.128222,0.00503909,-0.243649,0.436188,0.191568,-0.0185822,-0.310308,-0.70561,-0.447872,0.140826
-4.5828,2.72245,-0.0994357,0.347467,0.416914,-0.277237,0.245897,0.306236,0.259606,-0.119937,0.261667,0.0887144,-0.0349941,0.335637,0.0623512,-0.196951,-0.519869,-0.628897,-0.332716,-0.0422401
-4.58338,2.37818,-0.0576459,0.936899,0.0458654,0.204454,0.225311,0.449448,0.399958,-0.00926869,0.0529779,0.10498,-0.183201,0.281391,-0.323438,0.169114,0.0437594,-0.296158,-0.136488,-0.207681
-4.60986,2.60109,-0.258509,1.29999,-0.140577,0.088854,0.225132,0.37569,-0.01536,0.124122,0.115555,0.309313,-0.291786,0.635472,-0.340955,0.0146728,0.0838742,-0.101193,-0.020684,-0.218485
-4.77339,2.81316,-0.39339,0.897262,-0.00434085,0.100934,0.229058,0.273726,0.0668604,0.377818,0.0454157,0.155096,-0.314316,0.361663,-0.056179,0.0178962,0.164739,-0.0307223,-0.0864596,-0.129444
-5.75863,3.29634,-0.423558,0.969818,0.344663,0.199213,-0.362898,0.176604,0.0563093,0.341824,-0.0494309,0.358339,-0.0445935,0.368867,-0.0756204,-0.101194,0.218019,0.0670332,-0.0308473,0.043606
-6.30939,3.91626,-0.785286,0.74653,0.406069,0.574095,-0.50716,0.173964,0.152752,0.0513751,-0.133715,0.417594,0.212574,0.284792,0.169273,-0.0693152,0.055326,-0.210735,-0.0673987,0.0362662
-6.48685,4.10687,-0.851813,0.889311,0.187424,0.547985,-0.452643,0.19934,0.14009,0.437657,-0.0410869,0.251132,0.0127297,0.477714,0.183178,-0.142452,0.0413578,-0.182978,-0.155631,0.112946
-6.29826,3.98653,-0.949281,0.861415,0.185338,0.516363,-0.402653,0.204192,0.0878839,0.267519,0.226492,0.237344,-0.0735707,0.506914,0.0859444,-0.24436,-0.105689,-0.0543144,-0.108851,-0.0760576
-6.35957,4.00145,-0.917383,0.602657,0.342653,0.527815,-0.710129,0.404055,0.48392,0.141739,-0.12827,0.417331,0.201265,0.442906,0.10913,-0.22924,-0.30369,-0.290101,-0.103292,-0.0498895
-6.36371,3.82804,-0.819056,0.777962,0.301803,0.548984,-0.345126,0.359423,0.122787,0.330187,0.193699,0.245944,0.240997,0.368146,-0.0283868,-0.337382,-0.294265,-0.317271,-0.0717242,0.0166494
-6.74983,3.4803,-0.246046,0.975152,0.0533046,0.602021,-0.214479,0.62881,0.330243,0.244077,-0.154833,0.337324,0.084717,0.232949,-0.178361,-0.166385,-0.239387,-0.347645,-0.213232,0.0837976
-6.57413,3.46531,-0.25278,0.641121,-0.0242418,0.714642,-0.281661,0.686886,0.171139,0.350336,-0.142882,0.147779,0.0407973,0.328975,-0.0076782,-0.0862934,-0.194041,-0.214013,-0.0771352,0.0875946
-6.02434,3.48943,-0.587338,0.816069,0.122458,0.772336,-0.510893,0.492252,0.34027,0.327685,-0.470621,0.251776,-0.240854,0.36384,0.00529996,-0.00031205,-0.127009,-0.233579,-0.246521,0.111034
-6.39601,3.67332,-0.744117,0.743483,0.18604,0.718404,-0.550366,0.615421,0.40374,0.262806,-0.308574,0.308599,0.0173036,0.374131,0.104732,-0.109864,-0.0831828,-0.574668,-0.191377,0.169932
-6.76471,4.02869,-0.592313,0.636211,0.480116,0.639547,-0.436586,0.277358,0.420854,0.226013,-0.31311,0.195251,-0.136659,0.29788,0.21333,-0.0793201,0.238552,-0.456656,-0.265754,-0.101852
-7.08427,4.07637,-0.770269,0.97258,0.31766,0.45012,-0.545158,0.16228,0.428821,0.519872,-0.0706231,0.0687474,-0.0711368,0.379345,0.244111,-0.281859,0.288557,-0.503547,-0.212262,-0.053784
-6.88157,3.33365,-0.19953,0.432068,0.827966,0.460812,0.0747987,-0.023201,0.489154,0.118191,-0.116066,-0.0416307,-0.0374112,0.332499,0.136972,-0.272912,-0.00461717,-0.184115,-0.165914,-0.00436636
-5.08659,1.6581,1.4372,-0.212605,1.15711,0.925316,0.10309,0.436824,0.534258,-0.0695215,-0.0201494,-0.173845,0.168723,0.338551,0.377199,0.140034,-0.03312,-0.281667,-0.243132,0.182476
-6.32126,2.4243,0.803194,-0.435951,0.508733,0.33097,0.17652,0.25918,0.644402,0.218977,-0.0429589,-0.0528243,0.020174,0.267974,0.0677321,-0.053049,-0.313354,-0.122392,0.000337838,0.279274
-6.29228,3.4176,0.211593,-0.0292165,0.38153,0.243863,-0.6985,0.24298,0.409615,0.0133323,-0.21721,-0.0374576,0.33179,0.239751,0.407533,-0.0506241,-0.0374305,-0.315984,0.163785,-0.0816335
-3.97447,3.11506,-0.707736,-0.361762,-0.288662,1.05954,-1.1341,0.745697,0.130548,0.309579,0.151088,-0.106276,0.107567,0.422671,0.120015,-0.0348299,0.364714,-0.0531529,0.403445,-0.25527
-4.51168,3.15962,-1.21287,-0.3439,-0.0427078,1.02154,-0.742557,0.606353,0.0320075,0.436192,0.313171,-0.176389,0.0323673,0.122969,-0.112279,-0.384491,-0.49801,-0.160382,0.589263,0.112665
-4.94694,3.4092,-0.936077,-0.0735509,-0.165303,0.748501,-0.572202,0.593782,0.0106764,0.235817,0.155329,-0.103843,0.438226,0.0725167,-0.41693,-0.527856,-0.28208,0.305954,0.588378,0.282411
-5.23404,3.24917,-0.815776,0.0486239,-0.448836,0.864607,-0.240759,0.758987,-0.272789,0.229153,0.138887,-0.0664314,0.379105,-0.107609,-0.249187,-0.571591,-0.37182,0.122877,0.596133,0.550747
-5.50201,3.37835,-0.906783,0.192929,-0.392158,0.840715,-0.184171,0.751999,0.0167622,0.267365,0.100053,-0.0581494,0.363758,-0.264583,-0.29893,-0.694166,-0.508955,0.0805729,0.76131,0.540778
-5.3379,3.19594,-1.03589,0.371855,0.0316982,0.650976,-0.676722,0.599848,0.165266,0.284734,0.0698451,-0.289178,0.429845,0.139258,-0.1744,-0.846676,-0.566069,0.241102,0.80617,0.34941
-5.17313,3.1266,-0.855392,0.275969,0.178887,0.932813,-0.945123,0.486467,-0.0188165,0.521239,-0.0444555,-0.230906,0.259627,0.177062,-0.52829,-0.906313,-0.134144,0.458338,1.02241,0.0727635
-5.31876,3.06471,-0.620799,0.366865,-0.0701759,0.976294,-0.675226,0.725847,-0.0259841,0.175332,-0.344886,0.257302,-0.351692,0.101942,-0.408578,-0.543912,0.052666,0.223318,0.986734,0.160877
-5.74013,3.57905,-0.835696,0.0474864,0.0511761,0.499325,-0.149414,0.612298,-0.186453,0.228291,-0.47389,0.24802,-0.263747,0.157899,-0.193438,-0.252937,0.202018,0.278119,0.602468,0.0971738
-5.6601,3.22884,-0.391944,0.279196,-0.419243,0.772599,-0.167836,0.236511,-0.0754358,0.015431,-0.270115,0.114136,-0.465163,0.247964,-0.282603,-0.543257,0.42443,0.317182,0.534938,0.12926
-5.17553,2.65472,-0.122231,0.357745,-0.694986,1.04433,-0.194501,0.163067,0.152871,0.036277,-0.257994,0.536413,-0.574711,0.0137899,-0.138574,-0.571656,0.369826,0.352978,0.365095,0.0514011
-5.03756,2.53028,-0.061275,0.496098,-0.615181,0.658438,-0.389067,-0.192001,0.0894321,0.132305,-0.11346,0.547769,-0.274701,0.0478741,-0.585239,-0.405885,0.252071,0.545804,0.577032,0.164085
-4.70294,2.467,-0.199446,0.409438,-0.502981,0.636607,-0.167357,-0.125543,0.0494739,0.420854,-0.182583,0.0878886,-0.124264,0.0104449,-0.564734,-0.122514,0.180257,0.322007,0.97772,0.0657355
-4.86994,2.58268,-0.147595,0.69994,-0.314708,0.406709,-0.293247,-0.0105008,-0.242898,0.142252,0.114981,0.246884,-0.413284,0.247504,-0.359596,-0.606014,0.488227,0.265866,0.717697,-0.168593
-5.3719,2.76494,-0.276665,0.58825,0.209391,0.130084,-0.153761,0.0573825,-0.140309,-0.362042,-0.261956,0.415191,-0.397668,-0.0845586,-0.251201,-0.71644,0.638443,-0.0291806,0.535276,0.0339796
-4.27873,1.94425,1.33156,-0.0631458,0.846388,0.619992,0.0822579,0.14272,0.108077,-0.114855,0.146555,0.146571,0.335566,0.210597,-0.125626,-0.0373514,0.12034,0.0325085,0.118432,0.346351
-5.65692,2.16815,1.07824,-0.0238255,0.879535,0.628183,0.256187,0.031709,0.193671,0.158536,0.147132,0.157233,0.012622,0.0622376,-0.0935487,-0.111663,0.0241918,0.202355,0.0632852,-0.150021
-5.33495,2.15786,0.517957,0.60635,0.409333,0.326614,0.171961,-0.141804,-0.0652747,0.0188192,-0.107611,-0.223557,-0.25188,0.449444,0.138999,-0.292504,0.131943,-0.245708,-0.0727522,0.187905
-4.89171,1.88475,0.170977,1.10242,-0.199052,0.419994,0.194919,0.0414012,-0.23543,-0.0414961,-0.378235,-0.0144388,-0.109206,0.219687,0.194387,-0.21904,0.426213,-0.222811,0.302777,0.215785
-5.4581,2.18313,-0.24135,0.750772,-0.295342,0.831668,-0.0514861,0.234925,-0.0799088,0.0781778,-0.244565,0.0169288,-0.140744,0.0429699,0.175007,-0.599406,0.0882305,-0.206686,0.120395,0.271971
-6.15445,2.85502,-0.38381,0.114856,-0.31152,0.93726,-0.407297,0.13045,-0.128384,-0.337839,-0.439552,-0.158406,-0.438209,-0.00743001,-0.153402,-0.733668,0.130759,-0.454847,0.188042,0.350751
-6.32512,2.89623,-0.241013,-0.0334164,-0.120075,1.00081,-0.574146,0.0754359,-0.189541,-0.495433,-0.171472,0.0364114,-0.0828921,-0.268331,-0.374447,-0.96086,-0.124259,0.0094607,0.132829,0.240965
-5.81104,2.81462,-0.566819,0.679874,-0.700307,1.19947,-0.29047,-0.280948,0.0560953,-0.527266,-0.063796,-0.264047,-0.184488,-0.201328,-0.235318,-0.858167,-0.398741,0.0843505,0.130924,0.1886
-7.78433,3.56536,-0.70584,-0.0354778,-0.487842,0.811212,-0.194744,0.296084,0.135618,-0.123105,-0.216872,0.0702042,-0.0434642,0.0620063,0.0178131,-0.427677,0.090761,-0.255475,-0.15199,-0.174323
-8.01172,3.70502,-0.659082,-0.0335251,-0.318238,0.80882,-0.361277,0.167296,0.147125,-0.205975,-0.172516,0.216433,0.0859709,0.206167,0.0327347,-0.542689,0.146228,-0.278199,-0.105977,-0.214531
-7.06091,2.58351,0.701392,-0.0977821,0.0676725,0.465457,-0.348122,0.00182118,-0.0739818,0.0594781,-0.0336055,-0.208678,0.10023,-0.097104,-0.20559,-0.261472,-0.143427,-0.221136,-0.305667,-0.146364
-5.5388,0.915087,1.40195,0.0501982,0.396977,0.342374,-0.38686,-0.036599,0.0387551,-0.41308,-0.0777152,-0.222431,-0.171399,0.00131843,-0.0251046,-0.157574,0.0376558,-0.238541,-0.438844,-0.155832
-4.66152,1.19768,0.130731,0.57152,-0.038082,0.00135142,-0.229302,0.2111,-0.0491382,-0.849346,-0.337242,-0.0401568,-0.447498,-0.182075,-0.190121,-0.595441,-0.318621,-0.0303122,0.277318,0.308201
-5.11468,1.66038,-0.271877,0.0962742,-0.182191,0.392282,-0.813113,-0.131411,-0.136624,-0.245366,-0.0942594,-0.118795,-0.268174,-0.0487435,-0.485954,-0.817499,0.0810414,0.315141,0.469703,0.326741
-4.83866,1.94861,-0.0880993,-0.508103,-0.322214,0.555463,-1.03187,-0.0549697,-0.254325,-0.119918,-0.221609,-0.131498,-0.217451,0.0833836,-0.496383,-0.743346,-0.248009,-0.0558205,0.748839,0.30392
-5.53836,2.1425,0.00792932,-0.641802,-0.110649,0.677137,-1.04439,-0.344483,-0.289291,-0.0717423,-0.102456,-0.032232,-0.253737,0.0418046,-0.351403,-1.04848,-0.533674,-0.0954135,0.776571,0.526361
-5.66927,2.28206,-0.0490809,-0.800129,-0.209774,0.619901,-1.23788,-0.362039,-0.308099,0.0861959,-0.124583,-0.216137,-0.316135,-0.0870366,-0.46656,-0.974596,-0.550075,-0.0662514,0.80637,0.234733
-5.03674,1.92447,-0.212875,-0.379969,0.0985291,0.39701,-0.923779,-0.0088455,-0.414681,0.151435,-0.135436,-0.424318,-0.281935,-0.107795,-0.510844,-0.673739,-0.472854,0.00931246,0.645303,0.129974
-1.89469,1.44918,0.0723345,1.01756,0.362666,0.522656,0.131401,0.0350594,0.358775,0.273135,-0.3586,-0.213918,0.221371,0.131306,0.0370507,-0.0317677,-0.215176,0.137892,-0.0704109,-0.176627
-2.41206,1.20263,0.319427,0.642591,0.480244,0.689848,0.391585,-0.000168542,0.416838,0.140054,-0.150286,0.24881,0.354406,0.146744,0.0303603,0.161372,0.0935626,-0.0541557,-0.198696,-0.0723086
-3.60738,0.524373,0.843298,1.31131,0.571567,0.761241,0.149011,0.13964,0.188236,0.249271,0.274686,0.236861,0.0587566,0.211013,0.13643,0.170316,0.0461741,-0.0201337,-0.209073,-0.130738
-3.76776,0.331393,0.429392,1.05727,0.672365,0.734543,0.317535,0.459466,0.352768,0.334133,0.279274,0.372537,0.275837,0.155011,-0.00563179,-0.149079,-0.215592,-0.0348923,-0.12453,-0.221175
-3.69113,1.28219,0.661376,1.11937,0.0446485,0.538527,0.161715,0.110461,0.308106,0.483754,0.0189691,-0.0587605,0.0523196,0.202353,0.086508,-0.110362,-0.40712,-0.426042,-0.281891,0.0470673
-4.35106,1.66067,0.400437,1.08716,0.0707008,0.325721,0.282987,0.251757,-0.0214995,0.493703,-0.145033,-0.0036079,0.167561,0.13266,0.0386036,-0.13213,-0.318186,-0.636167,-0.162327,-0.155287
-4.86252,2.13539,0.337122,1.00748,0.0786711,0.356714,0.0893139,0.498792,-0.34613,0.277092,0.181471,-0.0822603,-0.040859,0.366761,0.0234058,-0.13778,-0.294369,-0.801552,-0.257631,-0.0663007
-5.76069,2.5826,-0.12,1.28116,0.346808,0.243868,-0.0480601,0.594467,-0.10201,0.096612,-0.176842,0.148951,-0.158667,0.375961,0.271194,-0.549764,-0.224396,-0.460195,-0.235846,-0.12037
-6.36765,3.39739,-0.170996,1.10188,0.559758,0.318991,-0.167844,0.504753,-0.314018,-0.0133429,-0.0294011,0.301198,-0.0338603,0.130343,0.505576,-0.429229,-0.404321,-0.843021,-0.0417992,-0.0821223
-6.68073,3.36495,-0.0317133,1.04097,0.445532,0.344959,-0.220193,0.623484,-0.318813,0.235178,0.0103457,0.299039,-0.117849,-0.0067345,0.300368,-0.316029,-0.333,-0.766999,0.0100834,-0.208918
-6.81631,3.47433,-0.22588,1.27401,0.427158,0.295841,-0.288454,0.698635,-0.406844,0.41274,-0.0240563,-0.142113,-0.209707,0.203177,0.498724,-0.28937,-0.172568,-0.891548,0.108403,-0.34612
-7.16436,3.54502,-0.315397,1.15353,0.549227,0.337225,-0.0461699,0.801551,-0.202264,0.152412,-0.0450794,-0.0492943,0.104846,0.148837,0.335748,-0.614596,-0.343481,-0.735037,-0.0679352,-0.333006
-5.21748,3.12901,-0.513536,1.3575,-0.245682,-0.0312313,-0.441065,1.15601,-0.076842,-0.163907,0.560234,-0.0956085,-0.149263,0.424108,0.296756,-0.478548,-0.171026,-0.923606,-0.262028,-0.49531
-4.81307,2.55893,-0.714848,1.20444,-0.434194,0.242764,-0.0529681,0.935948,-0.271312,-0.202225,0.232119,0.210042,-0.0174757,0.805834,0.455823,0.0293884,-0.133587,-0.88214,-0.615149,-0.4481
-4.74535,2.52908,-1.09013,0.838603,-0.305821,0.234094,-0.0479727,0.927636,0.0549146,0.0496346,0.101899,0.220573,-0.288528,0.790751,0.729404,-0.149842,-0.0587656,-0.850689,-0.326992,-0.155439
-4.98996,3.05203,-0.989424,0.492258,0.141971,0.6028,-0.42556,0.92325,0.217696,-0.10589,-0.215674,0.229937,-0.0828491,0.485084,0.688931,-0.12647,-0.116327,-0.81593,-0.300904,0.0933769
-5.47179,3.23832,-0.99361,0.151616,0.486763,1.02132,-0.511659,0.469657,0.212488,-0.0547296,-0.0703984,-0.1111,0.024889,0.700933,0.490306,-0.18985,-0.273147,-0.860564,-0.360831,0.022041
-6.1952,3.62203,-0.688112,-0.110842,0.375032,1.1173,-0.0243108,0.297127,-0.0780024,0.147132,0.134944,0.156496,-0.31164,0.550029,0.423586,0.140114,-0.219535,-0.852069,-0.524701,-0.140433
-5.45982,3.04099,0.356043,-0.464235,0.648044,0.687444,0.317908,0.149019,0.0912764,-0.324679,0.0884126,-0.00890492,0.168986,0.268163,0.121314,0.278693,-0.471803,-0.818657,-0.497797,0.00577504
-5.25475,2.65932,0.714664,-0.486227,0.426962,0.598379,0.520876,-0.214602,0.0746956,0.037477,0.0943117,0.115345,-0.0937323,0.294782,0.156958,-0.001857,-0.320503,-0.700491,-0.512813,0.164603
-5.16783,2.70774,-0.129389,0.156009,0.638166,0.419204,-0.451627,0.324882,0.814937,0.0357534,-0.184279,0.396336,0.19209,0.195734,0.262598,-0.177524,-0.180031,-0.853532,-0.604053,0.281266
-5.39752,2.54857,-0.0721686,0.660892,-0.0633461,0.37646,-0.025273,0.363559,-0.0766776,-0.104598,-0.140767,0.284511,-0.0874956,0.261671,0.514731,-0.2174,-0.325075,-0.679017,-0.567403,0.178147
-5.65773,2.3815,0.494559,0.921354,-0.490329,0.600503,-0.148858,0.0840562,0.0246728,0.413606,-0.155812,0.240672,0.034957,0.304652,0.271255,-0.0178396,-0.262594,-0.655064,-0.543597,-0.165915
-5.98389,2.02804,0.468837,0.973631,-0.48514,0.733413,-0.262669,-0.10643,0.232589,0.433648,-0.21889,0.442693,0.236374,0.447851,0.0740665,-0.199014,-0.574804,-0.843946,-0.553231,-0.344483
-5.84616,2.39049,0.367823,0.863204,-0.734731,0.650368,-0.172982,-0.133668,-0.176027,0.392902,-0.222043,0.277919,-0.11313,0.459065,0.359207,-0.213663,-0.496981,-0.788991,-0.356062,-0.124554
-6.12982,2.19822,0.215996,1.22522,-0.604421,0.45071,-0.193975,0.157768,-0.289856,0.56305,-0.113511,0.171642,0.0633214,0.550236,0.115539,-0.126577,-0.520728,-1.25868,-0.317827,0.00927283
-5.8389,2.56597,-0.231194,1.26586,-0.395716,0.288414,-0.223055,0.36749,-0.389978,0.141575,0.247007,0.0883689,-0.0436241,0.493923,0.0672595,-0.367375,-0.191813,-0.892056,-0.331768,0.0154445
-6.15247,2.73976,-0.0761463,1.15318,0.137685,0.58184,-0.416304,0.5006,-0.05791,-0.227839,-0.101434,0.167123,-0.316643,0.148069,0.471157,-0.401121,-0.267225,-0.675544,-0.373683,-0.000620822
-7.99933,3.06545,0.490592,0.776188,0.306713,0.641799,0.181922,0.0538561,0.17618,0.340798,0.00743497,-0.129451,-0.287492,0.1027,0.426204,-0.180135,0.0200521,-0.536154,-0.330045,0.155653
-8.41737,3.21546,0.264358,1.05388,0.460201,0.406336,-0.0385443,0.163866,-0.0775503,-0.0697196,0.278577,0.253576,0.0065889,0.475552,0.141969,-0.108058,0.195254,-0.406175,-0.328179,-0.152107
-8.6554,3.40943,0.192038,0.878999,0.411796,0.706186,0.40488,0.0167821,-0.0483938,0.0463339,0.271096,0.274505,-0.167663,0.166779,0.013661,-0.0650574,0.131417,-0.332774,-0.233658,0.0404109
-8.23316,2.97557,0.597751,0.733406,0.422153,0.227588,0.30928,0.154698,0.12842,0.0803875,0.284125,0.0444894,-0.205945,0.265417,0.360252,-0.0986717,0.0947375,-0.221583,-0.21374,-0.0675022
-5.82355,2.91184,-0.0706414,1.35952,0.214126,0.313989,-0.725939,0.423186,-0.292229,-0.494847,0.010527,0.553175,-0.278881,0.00931357,0.609947,-0.0412869,0.222936,-0.200657,-0.192359,-0.308837
-6.45946,3.25981,-0.428314,1.38724,-0.231879,0.578762,-0.669471,0.752046,-0.249192,-0.227514,0.125023,0.964242,-0.216942,0.0800881,0.665698,-0.0510221,0.038168,-0.449981,-0.356985,-0.605637
-7.00575,3.6856,-0.300508,1.11386,0.205238,0.442039,-0.605954,0.663377,0.0400105,-0.175248,-0.189297,0.704454,0.00699231,0.00922626,0.344684,-0.0442294,-0.083527,-0.301657,-0.336782,-0.364631
-7.5617,3.54789,0.446688,0.418828,0.696941,0.712885,-0.0295285,0.169112,-0.0214044,0.15297,0.0148415,0.0664509,-0.180767,0.00864709,0.124167,-0.0682387,-0.213601,-0.344965,-0.458156,-0.308242
-5.59911,1.61052,1.71306,0.461477,1.22051,0.554124,0.0248344,0.405852,0.284792,-0.0384107,0.179467,-0.106726,0.16706,0.179524,0.180961,-0.0794283,-0.241433,-0.153598,-0.291549,-0.15477
-6.12354,2.18549,1.58336,0.37336,1.11189,0.524362,0.178124,0.0203587,0.105698,0.0678315,0.295366,0.206516,-0.292243,0.0214969,0.0509564,0.000168173,-0.112651,-0.0445027,-0.082299,-0.00448909
-7.37841,2.96096,0.843052,0.638524,1.10639,0.502835,0.0679453,-0.10107,0.0018631,-0.0229792,0.258402,0.276899,-0.112208,0.277309,0.144911,0.16203,-0.00916848,-0.25822,-0.177299,-0.334151
-8.08937,3.86071,0.654597,0.689009,0.775346,0.442074,0.153173,-0.0881387,-0.237599,-0.10981,0.195758,0.469678,-0.220269,-0.0982751,0.0748954,0.0662848,0.342327,0.019921,-0.205978,-0.151074
-7.18424,3.27824,0.587619,1.45994,-0.4012,0.681723,0.218552,-0.527717,-0.0182587,-0.281414,-0.0414579,0.611554,-0.13634,0.226983,0.231151,0.0477943,0.170499,0.0122804,0.0119328,-0.0886038
-7.73534,2.98977,0.658568,1.11103,-0.485538,1.13439,-0.22673,-0.27761,0.0496182,-0.180689,-0.231124,0.380467,-0.160619,0.425341,0.355496,-0.087237,-0.0146911,-0.00334123,0.266032,0.111558
-8.20136,3.12277,0.881172,0.990752,-0.284681,1.13449,-0.194127,0.00625671,0.0890637,-0.172068,0.107841,0.525636,-0.330591,0.0884061,0.400428,0.0511704,-0.00768882,0.0136377,0.32041,-0.174147
-7.93025,3.22795,0.681244,1.03504,-0.317053,1.20553,-0.338416,-0.189593,0.0429762,-0.267811,0.159352,0.45608,-0.268798,-0.00132597,0.0383811,-0.00152978,0.246359,-0.127932,0.229498,-0.141609
-8.02132,3.2392,1.04885,0.939114,-0.193859,0.994889,-0.267676,0.133901,0.070377,-0.253578,-0.0446423,0.392022,-0.160631,0.296053,0.0920101,-0.0138439,0.0857747,0.066727,0.170356,-0.156527
-8.34861,3.3798,0.737517,0.816456,-0.220083,1.03909,-0.321985,-0.0394396,0.07888,-0.400399,0.160571,0.40015,-0.242318,0.307847,0.262407,0.302772,0.0840336,-0.105954,0.122297,0.00114578
-8.38387,3.6386,0.711145,0.951735,-0.122044,1.30422,-0.334924,0.125096,0.108765,-0.519221,0.164981,0.295759,-0.105424,0.421079,-0.00769802,0.038085,-0.103576,-0.197359,0.29079,0.0264437
-8.34927,3.37958,0.771301,0.748776,-0.292138,1.28596,-0.420428,0.315886,0.18013,-0.478518,-0.0897152,0.193074,-0.404522,0.638552,-0.0364126,0.217096,-0.0812463,0.0717677,0.372432,0.00231012
-8.77005,3.52299,1.37015,1.00872,0.00121808,1.0562,-0.459642,-0.38019,0.350421,-0.309727,0.247953,0.468092,-0.381554,0.412802,-0.0829076,0.326405,0.12983,0.0420875,-0.0467587,-0.223934
-9.179,3.53908,1.10395,0.642955,-0.240136,0.508943,-0.196459,-0.030199,0.187513,0.0713604,0.217862,0.0102507,0.116793,0.315913,0.116249,0.174232,-0.0314795,0.189117,0.138951,-0.0301576
-10.3921,4.20799,0.421056,0.639349,0.331398,0.799603,-0.00797587,0.0994119,0.389204,0.0592256,0.125679,0.11092,0.0424071,0.409974,0.234292,0.0932416,-0.0897312,-0.164657,-0.0175532,-0.340037
-10.493,4.51733,0.38414,0.758876,0.336905,0.7239,-0.357125,-0.0757721,0.270296,-0.00243533,0.143923,0.257569,-0.0708423,0.350501,0.376488,0.088755,-0.120214,-0.172987,-0.0258577,0.028887
-9.35299,3.52217,0.255511,0.824145,0.357313,0.750442,0.272361,-0.00485187,0.351651,0.256149,-0.23732,0.206304,0.0175132,-0.0461893,0.0557663,0.272994,-0.0190536,0.00807814,-0.232332,-0.348041
-8.02188,2.65887,-0.017694,0.896959,0.569291,0.534,-0.202782,0.179359,0.647187,0.43105,-0.100349,-0.145022,0.023551,-0.106424,-0.125636,0.45817,-0.0602565,0.132962,-0.0893616,-0.238194
-6.13232,1.03066,1.58469,0.279042,0.930712,0.613891,0.15918,0.34138,0.29952,0.215422,0.253545,0.0456159,0.463031,0.206814,-0.118846,0.085426,0.108596,-0.0331256,0.0968121,0.229306
-6.08736,1.49321,1.55543,0.447528,1.05029,0.960726,0.533148,0.122409,0.198191,0.0552959,0.0787341,0.0840942,0.0366803,0.000260723,0.204768,0.0868937,-0.0202337,0.0266309,-0.0964597,-0.0166328
-3.45786,2.08224,-1.89202,-0.188108,0.435032,1.29209,0.446586,0.530149,0.296694,-0.23635,0.435975,0.55834,0.181718,0.0655935,0.0572165,0.00970727,0.1518,0.0415917,0.0904589,-0.0720051
-4.47261,2.23745,-2.18173,0.276301,0.269942,0.972816,0.231481,0.501273,0.204175,-0.631001,0.343859,0.238691,-0.0326895,-0.153534,-0.14642,0.167956,0.101879,0.087447,0.060194,-0.308306
-4.96306,2.68297,-1.79536,0.514387,0.040418,0.818343,0.267714,0.512996,0.204713,-0.638149,0.260912,0.400033,0.216492,-0.0319681,0.0122718,0.166021,0.276046,0.431352,0.225077,-0.427605
-5.32317,2.30324,-1.53109,0.559201,-0.0572145,0.749328,0.17045,0.611896,0.0137897,-0.402649,0.381521,0.335998,0.00159885,0.0822463,0.0802214,0.290575,0.591194,0.433584,0.0422402,-0.67425
-4.32322,2.12925,-2.04437,0.740479,-0.497906,0.464715,0.525834,0.716402,0.268847,-0.127047,0.31355,-0.0504685,-0.268781,0.0713736,0.170183,0.249408,0.502224,0.0213025,-0.182987,-0.727525
-4.75856,2.25318,-1.79571,0.83993,-0.618815,0.522445,0.657249,0.618844,0.0234348,-0.108802,0.0724678,-0.0446922,0.00776618,0.442561,0.404455,0.0882052,-0.131967,-0.804526,-0.509659,-0.224168
-5.13958,2.39172,-1.21301,1.004,-0.399113,0.406468,0.440328,0.411891,-0.0856619,-0.0912172,-0.0426513,0.0596523,0.265975,0.438371,0.0946802,-0.0302966,-0.490163,-0.85255,-0.27448,0.226091
-5.44136,1.99358,-0.886802,0.92346,-0.750589,0.461487,0.400421,0.199051,0.0660713,0.170621,0.0330827,0.187422,0.425117,0.472288,0.111622,-0.00327802,-0.438063,-0.744912,-0.302804,-0.224949
-5.55104,2.37445,-0.583687,0.884602,-0.813912,0.658791,0.355806,0.250113,0.0180223,0.0477022,-0.220936,0.313915,0.286985,0.444015,0.0821776,-0.0435714,-0.397672,-0.79287,-0.479634,-0.361294
-5.72303,2.21052,-0.340552,0.880197,-0.811944,0.702731,0.21698,0.160895,0.0650275,0.112106,-0.162916,0.509627,0.179769,0.299755,0.0702472,-0.146379,-0.398753,-0.778294,-0.477989,-0.504998
-6.05049,1.98723,-0.0799043,0.794077,-0.810758,0.695284,0.18632,0.388019,0.1333,-0.102228,-0.159343,0.659096,0.156097,0.470368,0.199592,-0.232457,-0.436645,-0.902369,-0.540578,-0.394651
-6.58601,2.61314,0.169385,0.607008,-0.433756,0.829106,-0.0177075,0.350445,-0.0542989,-0.24275,-0.182754,0.630222,-0.12829,0.292176,-0.0204461,-0.152447,-0.146993,-0.750362,-0.377378,-0.252645
-7.4253,3.10325,-0.0660252,0.669761,0.27599,0.573773,0.175695,0.226944,-0.244371,-0.321993,-0.342939,0.363793,0.0274202,0.454426,-0.195248,-0.338854,-0.37983,-0.265747,-0.386743,-0.152757
-8.25087,3.28904,0.0225984,1.14818,0.321093,0.522002,0.295507,0.323493,-0.126279,-0.114461,-0.238446,0.340096,-0.000825469,0.414759,-0.014999,-0.213915,-0.0281555,-0.215091,-0.146979,-0.318838
-8.68447,3.37818,0.0522983,0.845194,0.0231293,0.514613,0.371498,0.485948,0.171502,0.0703421,0.00532564,0.1802,0.16522,0.309985,0.0288689,0.246056,0.143865,-0.342185,-0.408111,-0.261093
-8.71151,2.56496,-0.122494,1.1449,0.355098,1.00284,0.400637,0.170048,0.0310585,-0.0367722,0.23385,0.0462523,0.269875,0.286459,0.104913,0.0722751,0.0585012,0.0279444,-0.323247,-0.207371
-3.23411,0.997138,-0.0233547,0.956843,0.409017,0.656111,0.254468,0.00459323,0.480591,0.686702,-0.00746391,-0.149608,0.248281,-0.468479,-0.290161,-0.237382,0.00404878,0.157273,-0.35967,0.021819
-2.30059,1.49578,0.200573,0.870162,0.295007,0.629114,0.328216,-0.0572413,0.233763,0.0199382,0.133594,0.50273,0.29625,0.0303188,0.049308,0.154885,0.0594977,-0.333959,-0.38408,-0.0054524
-2.5862,0.859708,0.549919,0.669901,-0.479071,-0.0827724,0.134461,0.289173,0.374505,0.270921,0.347233,0.427508,0.314871,0.340775,0.122053,-0.135425,-0.173781,-0.183838,-0.0754544,0.296749
-2.78075,0.62786,-0.0928624,0.314583,-0.162364,0.355378,0.513799,0.700146,0.524114,0.265338,0.441942,0.325574,0.273684,0.40571,0.314041,-0.0688138,-0.327498,-0.676599,-0.267173,0.173175
-3.46934,0.867357,-0.287154,0.24567,-0.336663,0.246873,0.572146,0.877929,0.505639,-0.0221835,0.0788635,0.0812937,0.153438,0.444379,0.556067,0.418945,-0.0561274,-0.392573,-0.592916,-0.169483
-3.60709,1.60269,-1.2035,0.413828,-0.524392,0.048486,0.645533,1.02661,0.401237,0.0855713,0.103413,0.102588,-0.196251,0.280774,0.273902,0.289222,0.28096,-0.247013,-0.437043,-0.477458
-4.26852,1.87048,-1.19622,0.0404186,-0.305811,0.0389871,0.457894,0.743041,0.43296,-0.0872782,-0.0105622,-0.0779933,-0.240943,0.204542,0.122784,0.275448,0.454033,0.166313,-0.144717,-0.516864
-4.86111,1.86659,-1.54896,0.363894,-0.273286,0.226814,0.311772,0.861398,0.187614,-0.0283946,0.109631,0.104582,-0.312239,0.0987327,0.0460613,0.280872,0.601415,0.116955,-0.095888,-0.877021
-4.81359,2.35192,-1.60744,0.418663,-0.592221,0.319845,-0.043792,0.967726,0.137974,0.0958349,-0.0154553,0.0505742,-0.194222,-0.0385399,0.123153,0.0275894,0.53154,-0.0780359,-0.0225018,-0.872966
-4.55918,2.01647,-1.4326,0.27732,-0.240072,0.254848,0.184085,1.03873,0.190346,-0.0283568,0.0171333,0.231265,-0.206683,0.0423465,0.167418,0.175902,0.520209,0.111932,-0.0782879,-0.836296
-4.49872,2.19376,-1.11443,0.0388195,-0.185082,0.180754,0.304142,0.923716,0.0964348,0.0472852,0.282286,0.356167,-0.130442,0.0811352,0.0746276,0.223817,0.462213,0.0649617,0.0502574,-0.648441
-4.79477,2.46703,-1.21617,0.568977,-0.15785,0.43171,0.0350382,1.00534,-0.0209838,0.230103,0.20056,0.369313,-0.0790945,0.0791439,0.0218394,0.0357507,0.66764,0.0711959,0.218151,-0.964806
-4.89661,2.54691,-1.46824,0.78347,-0.253354,0.647417,-0.147428,1.01524,0.0530875,0.236698,0.0484512,0.37185,-0.240982,0.222151,0.11455,0.13636,0.776002,0.187189,0.209346,-1.10952
-4.83828,2.71545,-1.6255,0.527716,-0.332271,0.609721,-0.0467892,1.0642,0.0228969,0.190265,-0.131029,0.435478,-0.228801,0.303943,0.115267,0.199623,0.50849,0.0737311,0.273423,-0.745498
-4.75443,2.41802,-1.51329,0.414404,-0.152658,0.559084,-0.0781566,0.94143,0.118744,0.196435,-0.100038,0.442289,-0.188426,0.258131,0.133562,0.231134,0.663366,0.32381,0.287308,-0.650379
-4.74914,2.4835,-1.4752,0.483935,-0.329112,0.435273,-0.153505,0.85545,-0.00421085,0.158112,0.118146,0.526625,-0.0753964,0.206255,0.141309,0.248596,0.786162,0.413879,0.151416,-0.649034
-4.89763,2.46821,-1.57859,0.552159,-0.352038,0.424225,-0.114548,0.779875,0.0525218,0.230431,0.103827,0.597712,-0.075904,0.08534,0.0845297,0.203732,0.916082,0.321766,0.151674,-0.639559
-4.93972,2.35631,-1.70551,0.624358,-0.354699,0.239824,0.101058,0.780416,0.0874248,0.414453,0.106689,0.552038,-0.140705,0.183331,-0.0159833,0.193114,0.798153,0.357179,0.159039,-0.675384
-4.49154,1.78147,-0.812503,0.462134,-0.330612,-0.231989,0.424415,0.761225,0.554989,0.451172,0.3171,0.074645,-0.189639,0.200662,-0.0384276,0.243065,0.630992,0.20324,0.0393038,-0.558661
-4.64099,1.63642,0.0314065,0.325646,0.072064,-0.656586,0.581949,0.560874,0.403608,0.138187,0.360223,0.0748947,0.0528225,0.437211,0.0958248,0.279259,0.689327,0.15556,-0.359352,-0.766181
-5.70113,2.27636,-0.0776359,0.77311,0.0428917,-0.587724,0.0670836,0.44762,0.413669,-0.10044,0.410445,0.219962,0.0159364,0.390184,0.120698,0.360718,0.474789,-0.10519,-0.324525,-0.330857
-5.86212,2.29385,0.0549255,1.33605,-0.361554,-0.248591,0.196119,-0.0263528,0.239525,0.259238,-0.0453981,0.252997,0.287331,0.628007,0.0154177,0.477369,0.31222,-0.293418,-0.372409,-0.887315
-6.29683,2.15549,0.0943575,1.59921,-0.902629,0.139053,0.245808,0.451657,0.203475,0.544125,-0.373712,0.139255,-0.0596169,0.502344,0.125064,0.149942,0.128392,-0.237482,-0.245625,-0.906951
-6.4314,1.88148,0.1106,1.56477,-0.690058,0.453452,0.361502,0.2804,0.168758,0.442294,-0.443809,0.529536,0.295658,0.313752,-0.0215004,-0.0691294,0.15539,-0.249519,-0.168854,-0.890877
-6.4694,1.93545,0.0818446,1.37863,-0.712608,0.380427,0.118252,0.123211,0.0369452,0.424025,-0.454596,0.557429,-0.0155962,0.0292502,0.00569694,-0.109166,0.167716,-0.186707,0.0505338,-0.870791
-6.66272,1.78474,-0.124267,1.36716,-0.789831,0.205268,0.222347,0.0506171,-0.0159331,0.628415,-0.342031,0.439149,-0.135939,-0.0949232,0.0313231,-0.0995059,-0.00415146,-0.23005,-0.125168,-0.949808
-6.62181,1.5965,-0.113489,1.59932,-0.770097,0.487932,0.0648165,-0.0105694,-0.180004,0.419986,-0.479355,0.399987,0.0438692,0.184831,-0.0456146,0.186665,-0.0910969,-0.159828,-0.218082,-0.945575
-6.67129,1.87413,0.789377,1.05145,-0.319202,-0.0631007,0.52124,-0.24104,0.0041534,0.00928365,-0.425692,0.219338,-0.0463141,0.0977812,0.150354,0.47821,0.302687,0.253622,-0.0741319,-0.723214
-6.44147,1.95915,0.474952,0.629753,-0.0727273,-0.102498,0.107645,-0.403878,0.0825024,0.308056,-0.411099,-0.0169253,0.101805,0.269434,0.332644,0.664739,0.456502,0.314766,0.34868,-0.251606
-8.3002,1.9211,0.794062,0.670075,0.00650583,0.132647,0.639971,0.436585,0.404116,0.391618,0.0620668,-0.00148192,0.14387,0.00136374,0.091332,0.0806712,0.42348,0.313627,-0.218884,-0.574631
-8.83209,1.99098,0.617939,0.583037,0.239522,0.36231,0.773371,0.658076,0.433305,0.548765,-0.101932,0.208001,-0.0476274,-0.120388,0.0088371,0.410222,0.32633,0.0773757,-0.150627,-0.534107
-9.1503,2.07426,0.392062,0.730285,0.64306,0.0647335,0.609867,0.409404,0.587535,0.583361,-0.00149092,0.222088,-0.127026,0.0526707,-0.0236613,0.132625,0.320656,0.161836,-0.0641258,-0.480491
-9.67192,2.20702,0.507554,0.62373,0.00690938,0.0307106,0.804087,0.643585,0.210457,0.181682,0.224915,0.150721,-0.178488,0.215862,0.347012,0.151487,0.251973,0.000572826,0.00659752,-0.281866
-9.8568,2.18683,0.625967,0.354318,0.0876189,0.2578,0.783436,0.286476,0.203709,0.3808,0.629396,0.107832,-0.146217,0.223835,0.242866,0.0283149,0.0864852,0.307668,-0.0830537,-0.450994
-9.82085,2.18469,0.555185,0.613862,0.407299,0.225576,0.882206,0.666024,0.454321,0.516624,0.158774,-0.0245042,0.012213,0.1926,0.0940427,-0.0418517,-0.142578,0.355156,0.111497,-0.441621
-10.1066,2.5594,0.654497,0.947727,0.639065,0.482615,0.606636,0.22545,0.19402,0.417109,0.132521,0.202629,-0.0867421,-0.0364828,0.0615457,0.332937,0.103316,0.05342,0.0465942,-0.369462
-8.05932,1.96547,1.74901,0.0892487,0.634163,0.356725,0.243219,0.13554,-0.251105,-0.168228,0.217869,-0.180775,0.0772761,-0.208773,-0.195332,0.341238,0.102441,0.157236,0.0860219,-0.196887
-5.69627,1.95007,2.16966,-0.00820545,0.866984,0.487478,-0.00280075,0.195996,0.391236,0.176094,0.253074,0.0537702,0.118585,0.134048,0.202959,0.150645,0.0853213,-0.136091,-0.0687225,0.123314
-5.93927,3.44056,0.676734,0.16562,0.95305,0.488366,0.077207,0.0998629,0.179976,0.125916,0.14631,0.234113,-0.077317,-0.156914,0.037651,0.201282,0.175266,0.0560116,-0.273756,-0.0392875
-4.57139,3.12034,-0.540263,0.0713153,0.637984,1.0744,-0.244934,-0.03486,0.235785,0.17568,-0.286551,0.451246,-0.0310017,0.405671,0.419003,0.363782,0.00258648,-0.270692,-0.79991,0.12794
-4.22794,3.40159,-0.643748,0.00316348,0.388017,0.942928,-0.345769,0.515219,0.321671,0.209801,-0.396944,0.54462,-0.251517,0.400663,0.210295,0.226709,0.126008,0.139729,-0.547121,0.197322
-4.54647,3.23347,-0.760897,0.326125,0.453116,1.03561,-0.520665,0.593586,0.207342,0.366218,-0.555327,0.278463,-0.332949,0.391411,0.237037,0.260654,-0.152827,-0.10808,-0.650596,0.363935
-4.80362,3.03641,-0.970997,0.290338,0.429839,1.3173,-0.39893,0.746195,-0.0171531,0.339966,-0.56492,0.395745,-0.269911,0.527864,0.0702024,0.131169,-0.286717,-0.0406926,-0.721519,0.471178
-5.0298,2.87563,-0.96699,0.435869,0.525736,1.26672,-0.462368,0.68814,0.132492,0.409858,-0.653193,0.368219,-0.447809,0.473927,0.382028,0.23156,-0.425624,-0.32445,-1.04396,0.300681
-4.91095,3.0863,-0.891442,0.493537,0.348222,0.812394,-0.509226,0.625926,0.330987,0.516644,-0.59053,0.502062,-0.611771,0.362515,0.296785,0.469204,-0.398547,-0.41199,-0.801199,0.408427
-5.24788,3.01338,-0.767088,0.427486,0.321906,0.79034,-0.323925,0.589278,0.272883,0.37197,-0.427087,0.668387,-0.29,0.434355,0.418348,0.25592,-0.373383,-0.366831,-0.681094,0.303769
-6.42895,3.91072,-0.651714,0.867483,0.276921,0.916214,-0.559029,0.248958,0.136009,0.92167,-0.572622,0.590124,-0.542348,0.409551,0.204255,0.196454,-0.449986,0.0578119,-0.620682,0.359432
-8.04378,4.44915,-0.538715,0.740374,0.515003,1.07694,-0.417306,0.415144,-0.136301,0.924829,-0.390663,0.783106,-0.12873,0.2365,-0.0991205,0.381676,-0.336634,-0.0689092,-0.699843,0.30488
-8.56484,4.65607,-0.237356,0.768851,0.339994,1.10596,-0.650766,0.268398,0.135379,0.454752,-0.345301,0.535822,-0.297149,0.581866,0.443926,0.174445,-0.431396,0.00658345,-0.505092,0.437058
-8.20011,4.28833,0.138455,0.833472,0.365926,0.785048,-0.124254,0.154202,0.311578,0.123412,-0.371598,0.396701,0.104186,0.296566,0.360714,0.0941809,-0.403204,-0.243269,-0.475661,0.136834
-5.93923,3.00388,0.299626,1.36066,-0.383724,0.517139,-0.400407,0.2099,0.117312,0.017188,-0.202078,0.533407,0.0246195,0.144984,0.429017,0.0488873,-0.10969,0.113371,-0.554258,-0.378403
-6.18636,2.56159,0.682905,1.65144,-0.68561,0.965609,-0.115884,-0.184094,-0.0265906,0.39265,-0.124676,0.681151,0.137151,0.00309861,0.234317,0.122982,0.0864935,0.0650593,-0.187018,-0.604899
-6.53095,2.58214,0.755765,1.45071,-0.595643,1.13871,0.259191,-0.366585,0.063936,0.236611,-0.25292,0.571462,0.157534,0.22493,0.36497,0.0904575,0.00701838,-0.0170177,-0.0444814,-0.528321
-6.66604,2.58737,1.12403,1.52427,-0.696828,1.0288,0.130449,-0.292771,0.0669041,0.305496,-0.514749,0.54092,0.123533,0.206103,0.264151,0.124944,-0.155707,-0.0449761,0.237018,-0.415288
-6.34631,1.97643,1.5966,1.35976,-0.170103,0.299559,0.21542,-0.447928,0.220863,0.211351,-0.185132,0.301042,0.401639,0.0852506,0.0905617,0.350765,0.143835,-0.0871025,0.203683,0.0436355
-5.42816,1.66065,2.22283,0.71724,0.727057,0.403715,0.212185,-0.17356,0.072052,0.287762,0.272056,-0.0271414,-0.00923486,-0.0343522,0.143097,0.318605,0.240055,-0.0680887,0.005881,0.35937
-6.41895,2.57001,1.45901,0.779484,0.248252,0.28756,0.256249,-0.376176,-0.0124019,0.0979624,0.357227,0.0583897,0.056273,0.240436,-0.0946033,0.0979962,0.284525,0.0524567,-0.0404884,0.135128
-7.51116,2.8251,1.27051,1.07515,0.437209,0.096749,0.485219,0.311782,0.106924,0.081698,0.253285,0.169544,-0.297759,0.0677859,0.025895,-0.0254101,0.206913,0.063167,-0.0429032,0.0989192
-7.88071,2.49689,1.27593,0.338082,1.05554,0.18134,0.79303,0.0921087,0.352632,0.322956,0.407887,0.17625,-0.369829,0.230338,-0.000530677,0.0217872,-0.0235852,-0.0198085,0.0391065,-0.00760882
-7.71402,2.13736,1.02468,0.350391,1.07805,0.0585733,0.864057,-0.0679594,0.493265,0.540909,0.0937876,0.221656,-0.0216451,-0.0672406,-0.182717,-0.132659,-0.0286071,-0.00361077,-0.00855441,-0.127142
-7.74088,1.90788,1.10638,0.387528,0.94086,0.200971,0.600588,-0.0757646,0.42908,0.22703,0.211962,0.245062,0.015093,0.208946,0.222104,0.107747,0.030025,-0.037665,-0.182027,-0.159944
-8.37686,2.34177,1.34613,0.750659,1.10221,0.103622,0.563354,-0.168691,0.184065,-0.00376849,0.272203,0.470617,0.138245,0.0534912,0.0464649,0.164906,-0.111371,-0.0499383,-0.232423,-0.098911
-8.46009,2.3603,1.0166,0.712804,0.816874,-0.000901914,0.915221,-0.179546,0.31964,-0.0698964,0.610156,0.467997,-0.178857,-0.099725,-0.132986,0.123903,-0.0815964,-0.0672433,-0.138573,0.00132547
-8.43543,2.54309,0.878353,0.96767,1.0857,-0.178687,0.649319,0.0156006,0.0274672,-0.151289,0.478401,0.26516,-0.200889,0.14515,0.230196,-0.0311365,-0.0422246,-0.139063,-0.0314213,0.175019
-9.62141,3.72213,0.790915,0.753366,0.636162,0.326327,0.510572,-0.202831,0.058067,-0.127134,0.342181,0.23405,-0.142803,-0.0075761,0.0727884,0.277033,0.184174,-0.220081,-0.10338,0.104985
-9.26181,2.80002,1.20571,0.913916,0.574505,0.712921,0.0828892,-0.14576,-0.00177448,-0.26007,0.295531,0.0221176,0.0320698,0.0984122,0.264427,0.60459,-0.0941854,-0.149969,-0.150335,0.020728
-8.284,2.29922,1.61756,0.623189,0.466239,0.791782,-0.243334,-0.233428,0.0609663,-0.207698,0.18034,-0.0754949,0.20445,0.168844,-0.0957452,0.311674,-0.143571,0.0858678,-0.0394009,-0.139592
-8.26454,2.73671,1.73914,0.98522,-0.316242,0.971267,-0.103013,-0.352241,0.0375365,0.135767,-0.134184,0.117975,-0.393255,0.0134801,0.266901,0.0255042,-0.369706,-0.0114551,-0.212953,-0.376667
-7.53903,1.88689,1.78973,1.37172,-0.645841,1.32443,-0.387399,-0.0165988,-0.0276019,0.21519,-0.554826,0.383644,-0.426395,-0.0850544,-0.0289422,-0.255229,-0.225757,-0.2274,-0.235594,-0.122679
-7.479,1.9315,1.62577,1.41231,-0.827745,1.27734,-0.343998,-0.17807,-0.235068,0.672378,-0.37169,0.382667,-0.351699,0.242128,-0.161465,-0.209846,-0.283091,-0.615174,-0.382083,-0.0874264
-7.32367,2.07684,1.45322,1.41176,-0.813635,1.01188,0.0285479,-0.05688,-0.33389,0.418574,-0.487686,0.444568,-0.0688423,0.117886,-0.119541,0.00989049,-0.142492,-0.825517,-0.443101,-0.266608
-7.08784,2.40408,0.833317,1.30074,-0.481089,0.888591,0.0881379,-0.275888,-0.346417,0.750502,-0.407638,0.0644444,-0.0629241,0.391136,-0.0158451,-0.334698,-0.268659,-0.784492,-0.416347,-0.165532
-4.29402,1.54837,-0.153983,0.826165,0.518457,0.476398,0.00867122,-0.304295,-0.130264,0.272275,-0.107094,-0.124816,0.254291,-0.042108,-0.0644576,-0.211018,-0.476031,-0.216743,-0.458304,0.0676523
-2.37836,1.35022,0.0759656,1.00368,0.496818,0.703603,0.364382,0.0609555,0.271547,0.277851,-0.213893,-0.0376245,0.295433,0.201487,0.254814,0.0473827,0.0258736,0.0403808,-0.134565,-0.0628012
-2.89199,0.896318,0.571983,0.69999,0.00153752,0.402567,0.336314,0.0197771,0.178347,-0.00683999,-0.0790248,0.0760709,0.103682,0.0804683,0.113178,0.028747,0.132175,0.102913,-0.14922,0.163987
-3.40876,0.590752,0.629898,1.05172,0.513612,0.697074,0.461307,0.428258,0.130008,0.0547079,0.17646,-0.0689704,-0.296785,-0.024699,0.0930136,0.033169,-0.0825518,-0.0849813,0.0200296,0.180534
-3.60102,0.686249,0.465304,0.882588,0.199657,0.359782,0.26174,0.240159,0.0881562,0.0792078,0.19026,0.158048,-0.0506025,-0.112174,0.0726409,0.00385896,-0.170183,-0.292817,-0.252862,0.0530802
-4.73165,0.960817,0.538109,1.13324,-0.269335,0.376372,0.114538,0.0802513,0.225523,0.32582,-0.073741,0.20125,0.00729198,-0.0939241,-0.02842,-0.0173108,-0.267247,-0.373632,-0.294418,-0.0610455
-5.28558,1.28637,0.598374,0.917726,-0.272367,0.430523,0.0901601,-0.21773,0.112837,0.00924626,-0.160512,0.202963,0.00652293,0.0687159,-0.0292421,-0.0119341,-0.465832,-0.441596,-0.36041,-0.405783
-5.66568,1.46491,0.654601,1.16968,-0.489835,0.298441,-0.222976,-0.251591,0.0194778,0.331072,-0.197379,0.295033,-0.10041,0.171397,-0.106758,0.215523,-0.485349,-0.508494,-0.60734,-0.421874
-5.68439,1.66566,0.972505,1.24567,-0.861735,0.436364,0.0581319,-0.278225,-0.296748,0.436781,-0.160087,0.269754,-0.29308,-0.159144,-0.395269,0.394525,-0.239442,-0.414171,-0.43165,-0.936737
-5.88897,1.91331,0.787077,1.29978,-0.683373,0.442346,-0.218104,-0.0613205,-0.26185,0.243061,-0.388585,0.25942,0.0897963,0.00671649,-0.478465,0.271032,-0.0810893,-0.130376,-0.332645,-0.906626
-5.94871,2.03723,0.784845,1.50322,-0.635445,0.173629,-0.228479,0.0819151,-0.0818553,0.11157,-0.38107,0.177418,0.257068,0.0171475,-0.383548,0.154728,-0.231693,-0.071435,-0.0322505,-0.530441
-6.31131,2.21304,0.687885,1.31732,-0.500935,0.270952,-0.184137,-0.125711,-0.0807256,0.0143635,-0.0599197,0.0976903,0.224996,-0.128489,-0.381302,0.121652,0.0707387,0.119617,0.308791,-0.14124
-6.56742,2.65995,0.73429,1.50397,-0.296151,0.164523,0.0657238,-0.0728685,0.00110771,-0.361918,0.168942,0.0451063,0.143305,-0.13617,-0.324347,-0.209003,0.209788,-0.0039129,0.0150826,-0.187211
-6.64366,2.61348,0.393872,1.25877,-0.0248037,0.305194,0.0154784,-0.055922,-0.0353437,-0.253771,0.184085,0.154854,0.188769,-0.0919428,-0.102912,-0.126019,-0.0160396,-0.0670518,0.173783,-0.335276
-6.93825,2.87557,0.348594,1.17964,-0.277601,0.151816,-0.157508,0.0712751,0.0550302,-0.338694,0.0819527,0.242281,0.0729044,-0.249069,-0.248484,-0.250067,0.258149,-0.0690236,0.18523,-0.244411
-8.01394,3.25143,0.692092,1.28292,0.0812784,0.20384,-0.239996,0.136216,0.249642,-0.214592,-0.360467,0.192481,0.183176,0.115251,0.0329705,-0.109281,0.00283408,-0.281496,0.170546,-0.290969
-8.66994,3.54858,0.839319,1.50595,0.00502131,0.302281,-0.263854,0.0760246,0.0730279,0.0439554,-0.0969807,0.136741,0.053479,-0.0887127,-0.0232034,0.0661297,0.12066,-0.323098,0.0256029,-0.145426
-9.08585,3.64685,0.556441,1.26529,-0.0509422,0.172948,-0.246437,0.0158058,0.332526,-0.053706,-0.138569,0.281594,0.10941,-0.0144121,0.112365,0.21484,-0.061708,-0.244915,0.157253,-0.0510194
-9.07088,3.30955,0.617161,0.981011,0.203682,0.211121,-0.140153,-0.106441,0.109279,-0.257535,0.00959571,0.173598,-0.307973,-0.089825,-0.121547,0.119287,0.164496,0.0316731,0.0639267,-0.344293
-7.60266,1.94698,1.71457,0.189133,0.842468,-0.100819,0.110408,0.086919,0.166004,0.0578373,-0.18778,-0.10834,-0.0908451,-0.249988,-0.0714423,0.179145,-0.00471738,0.129738,-0.253905,-0.304994
-8.13011,1.86436,1.59403,0.69771,0.964726,0.433653,0.432788,0.172347,0.309741,0.165037,-0.0133887,-0.191698,-0.100579,-0.106158,-0.286227,-0.0602865,0.341111,0.0665869,-0.474762,-0.459258
-8.1037,2.40851,1.21212,0.787129,0.635768,0.203845,0.0130592,0.367471,0.365192,-0.0995539,-0.0204262,-0.0124856,-0.130112,-0.0701814,-0.138493,-0.00177195,-0.165207,-0.320291,-0.408951,-0.343817
-6.18939,2.57331,-0.195831,1.20425,0.0853401,0.663466,-0.603496,0.0609003,0.116122,0.0325335,-0.379958,0.112731,-0.360137,-0.278293,0.19115,-0.642205,-0.349539,-0.668813,-0.405977,-0.228745
-6.9567,2.76168,0.0541145,0.735321,0.369656,0.956501,-0.507455,-0.0190761,-0.078782,0.381332,-0.41852,0.0626504,-0.443496,0.00230783,0.295767,-0.656862,-0.466528,-0.548631,-0.657173,-0.367674
-7.37168,2.9671,0.132039,0.228073,-0.169888,1.32441,0.0175885,-0.0556037,-0.452663,0.303788,-0.0802085,0.33043,-0.502702,-0.427014,0.305417,-0.46849,-0.216921,-0.818928,-0.855538,-0.266104
-8.07325,2.7273,0.345791,-0.137223,-0.345559,1.31886,0.130474,-0.205528,-0.103348,0.161776,-0.262106,0.284262,-0.285856,-0.288836,0.231707,-0.3597,-0.305716,-1.13007,-0.934169,-0.190464
-8.47706,3.08241,0.635648,0.311115,-0.378288,1.09167,0.0593612,0.193731,-0.0254159,-0.0817458,-0.477024,0.0787053,-0.325113,0.101613,0.321692,-0.367417,-0.30417,-1.39869,-0.896737,-0.203849
-8.6793,2.87599,0.788415,0.195357,-0.589517,0.830531,0.0131571,0.183842,0.101203,0.0918757,-0.493668,0.156818,-0.497813,0.282859,0.0807966,-0.216932,-0.413492,-1.60257,-0.871363,-0.282376
-8.29852,2.81784,1.10785,-0.0387648,-0.828011,0.65436,-0.236742,0.236562,0.0537239,0.240396,-0.427446,0.0927557,-0.584662,0.391999,-0.0828692,-0.206107,-0.386445,-1.3084,-0.820598,-0.368192
-8.25782,2.95173,1.17128,-0.544045,-0.861631,0.793162,-0.326011,0.238677,-0.366681,-0.178829,-0.123471,0.357445,-0.535865,0.219041,-0.449713,-0.09419,-0.0631726,-1.09489,-0.805466,-0.680674
-7.86692,3.30118,0.690175,-0.861069,-0.549792,1.24155,-0.418933,-0.0173722,-0.890666,-0.131089,-0.0178334,0.760686,-0.540102,0.40003,-0.44914,0.129154,0.0838437,-0.245636,-0.498063,-0.841931
-7.46535,2.49232,0.321912,-0.607169,0.162928,1.02737,-1.1456,-0.621268,-0.188278,0.196377,-0.126259,0.487197,-0.177233,0.773852,-0.237085,0.136328,-0.250966,-0.309179,-0.0570931,-0.5123
-7.54972,2.09555,0.210008,0.387133,-0.0540448,0.707772,-0.876846,-0.0740023,-0.391124,-0.118194,-0.306763,0.668916,-0.273475,0.420008,-0.439178,0.186747,-0.0648905,-0.574385,-0.646361,-0.692407
-7.68513,1.90174,0.484857,0.860464,-0.648158,0.513949,-0.0614689,0.0447861,-0.362613,-0.0106645,-0.232202,0.393673,-0.249283,0.281077,-0.352165,0.0152016,0.0651637,-0.542088,-0.657728,-0.845947
-7.54016,1.93738,1.02945,0.91154,-0.874525,0.628488,0.202468,-0.279102,-0.0967163,-0.0247697,-0.241865,0.189253,-0.0610747,0.279207,-0.277692,0.0147188,-0.0137205,-0.322015,-0.150168,-0.775534
-7.92859,2.23226,1.11851,0.87708,-0.582282,0.586084,0.153069,-0.572025,-0.477227,-0.125215,-0.116579,0.135341,-0.167488,-0.176763,-0.335809,0.119327,-0.0399961,-0.24069,-0.029804,-0.295748
-7.68394,2.38768,1.08449,1.44495,-0.0465766,0.521431,0.167492,-0.484021,0.137358,-0.0362802,-0.000858694,0.108499,0.182666,-0.245007,-0.297651,-0.0890416,0.229425,0.0103306,0.0642286,-0.00431834
-5.74408,1.47319,2.35585,0.595633,0.763067,0.386729,0.278752,0.198143,0.126322,0.103879,0.221932,-0.0497788,0.143409,-0.368355,-0.300394,0.367171,0.371976,0.150832,0.164585,0.227666
-7.24204,2.22491,2.01622,0.597293,0.595405,0.439411,0.545878,-0.0690388,0.256158,0.30006,0.0808438,0.0616873,0.00727887,0.0511249,0.0434649,0.217908,0.21455,0.0140265,0.0896045,0.053076
-8.10414,3.50015,1.44045,0.90187,0.503734,0.52541,0.461998,0.0322846,0.0893591,0.194413,0.0369315,-0.0964153,0.00984663,-0.0204205,-0.0457635,0.192394,0.0934737,0.0804195,-0.0635498,0.035327
-9.06591,4.20093,1.12654,1.23519,0.11675,0.0101471,0.02824,0.0606336,0.0520472,0.386531,0.380951,0.22012,-0.120044,-0.0743598,0.0684437,0.215236,0.337166,0.206159,0.238324,-0.0272082
-8.46832,3.58241,1.32043,1.5804,0.352694,0.0467267,-0.156955,-0.0757949,0.0240665,0.252399,0.400437,-0.066766,-0.132224,-0.229454,0.0483648,0.0408049,0.174819,0.165015,0.217513,0.0549853
-8.24255,3.32446,1.10922,1.4509,0.47258,0.0181511,0.0673262,-0.0132884,-0.018689,0.0453438,0.199748,-0.103316,-0.0063661,0.0851929,0.181016,-0.304849,0.201677,0.327727,0.106705,-0.194367
-7.66068,3.09056,0.690439,1.35179,0.437637,0.0904901,0.196794,0.430438,-0.0514852,0.194615,-0.190885,-0.318104,0.0383706,0.0667606,0.110583,0.338936,0.165814,-0.0226068,-0.16571,-0.0282316
-7.27292,2.66775,1.1294,1.42905,0.226862,0.169074,-0.00397548,0.759079,-0.030259,0.152779,-0.328409,-0.0768514,-0.178386,-0.0701865,0.0100354,0.261725,0.0945257,-0.0968997,-0.164755,0.269884
-6.79983,2.77123,0.644104,1.40864,0.366084,0.353098,-0.247715,0.419278,0.186284,-0.06761,-0.419968,0.417659,-0.0963307,0.0973868,-0.0799547,0.218727,0.0935372,0.0329731,-0.127986,0.198894
-7.28753,2.91783,0.444827,1.24947,0.152936,0.396919,0.0601346,0.718817,0.430562,-0.232734,-0.238114,0.317009,-0.15315,-0.0742009,0.0378784,0.228997,-0.0128554,-0.168176,0.0824426,0.319455
-8.9666,4.02456,0.657677,1.23345,0.417932,0.247301,-0.0682966,0.529308,0.228594,-0.108855,-0.0254675,0.412194,-0.0746132,-0.0637176,-0.217239,0.0847864,0.106663,0.111778,0.0564628,0.118902
-9.46216,4.39215,1.03814,1.05302,0.470519,0.393977,-0.143643,0.212681,0.107488,-0.0611232,-0.0192739,0.225508,-0.0208275,-0.0346672,-0.1873,0.333673,0.127127,0.0676036,0.157777,0.0687668
-7.15866,3.23711,0.049653,1.32603,0.821327,0.648381,-0.635011,0.242903,0.142525,-0.130708,0.125284,0.155973,0.190402,0.28432,0.0916408,0.0190756,-0.0614274,0.117746,0.216497,0.0995296
-3.91844,2.9222,-1.18802,0.720528,0.259519,0.901399,-0.129723,0.628472,0.082435,-0.132788,0.132137,0.0947239,-0.116911,-0.0527008,0.259184,0.0664973,0.0665047,-0.404699,-0.116682,-0.288038
-4.35816,2.8943,-1.85072,1.10715,0.363219,1.01427,-0.0222413,0.658217,0.0948665,-0.257691,0.0461917,0.119966,-0.218817,0.118145,0.384376,0.316258,0.468908,-0.188838,-0.233129,-0.663177
-4.45331,3.03453,-1.61446,1.04899,0.10242,0.723817,0.0778935,0.659549,0.0577846,-0.212628,0.0948771,0.324129,-0.178011,-0.0084073,0.0279863,0.141678,0.58691,0.288338,0.118961,-0.515466
-4.68413,2.69851,-1.37277,0.817919,-0.0389503,0.250826,0.457145,0.642457,0.221562,0.135905,0.19309,0.244678,-0.344887,0.331378,-0.120989,-0.0579937,0.370746,0.384074,0.511556,-0.00460671
-4.68323,2.64637,-0.419282,0.884346,0.00881892,-0.0459254,0.446197,0.394684,-0.0344988,0.319597,0.124867,0.252197,-0.190158,0.103212,-0.38716,-0.0322603,0.335702,0.251334,0.484182,0.116931
-3.85016,1.80501,1.23788,0.49734,0.499365,-0.00436103,0.239721,0.10338,0.00912777,0.200942,0.0886652,0.119066,0.0478676,-0.275853,-0.0838263,0.338021,0.427036,0.148131,0.177647,-0.115506
-4.9432,2.35103,0.729875,0.473096,0.233821,-0.16309,0.275105,0.0232397,0.192628,0.300005,0.126839,0.0672351,0.0652747,0.158506,-0.132386,0.440084,0.103164,-0.15276,-0.070408,-0.376507
-6.10622,2.95511,0.526014,0.667776,0.351334,0.289373,0.164901,0.12406,-0.064412,0.0602617,0.124236,0.212759,-0.169265,-0.146992,-0.0646297,0.391298,0.10596,-0.389074,-0.316979,-0.355306
-6.65761,3.22398,0.0276359,0.491957,0.296503,0.358755,0.240582,0.0580281,-0.272661,-0.150816,-0.00315397,-0.0132643,-0.113522,-0.203361,-0.075861,0.153217,-0.120893,-0.199369,-0.0688552,-0.246343
-14.8296,2.60107,0.323199,0.784027,0.319699,0.438781,0.2045,-0.36908,0.11983,0.216637,0.0264426,-0.356325,-0.155269,-0.0392949,0.0876793,0.135613,-0.0562379,0.0777505,0.0314359,-0.0702031